-31,1,LbVlCOrXvQljLQljgMinNGJNnN0=,gMnMm8p2Xz/tIVDACSOZUQYpWic=
-30,1,LbVlCOrXvQljLQljgMinNGJNnN0=,gMnMm8p2Xz/tIVDACSOZUQYpWic=
-29,1,LbVlCOrXvQljLQljgMinNGJNnN0=,gMnMm8p2Xz/tIVDACSOZUQYpWic=
-28,1,LbVlCOrXvQljLQljgMinNGJNnN0=,gMnMm8p2Xz/tIVDACSOZUQYpWic=
-27,1,LbVlCOrXvQljLQljgMinNGJNnN0=,gMnMm8p2Xz/tIVDACSOZUQYpWic=
-26,1,LbVlCOrXvQljLQljgMinNGJNnN0=,gMnMm8p2Xz/tIVDACSOZUQYpWic=
-24,1,LbVlCOrXvQljLQljgMinNGJNnN0=,gMnMm8p2Xz/tIVDACSOZUQYpWic=
-25,1,LbVlCOrXvQljLQljgMinNGJNnN0=,gMnMm8p2Xz/tIVDACSOZUQYpWic=
-23,1,LbVlCOrXvQljLQljgMinNGJNnN0=,gMnMm8p2Xz/tIVDACSOZUQYpWic=
-22,1,LbVlCOrXvQljLQljgMinNGJNnN0=,gMnMm8p2Xz/tIVDACSOZUQYpWic=
-21,1,LbVlCOrXvQljLQljgMinNGJNnN0=,gMnMm8p2Xz/tIVDACSOZUQYpWic=
-19,1,LbVlCOrXvQljLQljgMinNGJNnN0=,gMnMm8p2Xz/tIVDACSOZUQYpWic=
-18,1,LbVlCOrXvQljLQljgMinNGJNnN0=,gMnMm8p2Xz/tIVDACSOZUQYpWic=
-20,1,LbVlCOrXvQljLQljgMinNGJNnN0=,gMnMm8p2Xz/tIVDACSOZUQYpWic=
-32,2,LbVlCOrXvQljLQljgMinNGJNnN0=,gMnMm8p2Xz/tIVDACSOZUQYpWic=
-17,1,LbVlCOrXvQljLQljgMinNGJNnN0=,gMnMm8p2Xz/tIVDACSOZUQYpWic=
-31,2,LbVlCOrXvQljLQljgMinNGJNnN0=,gMnMm8p2Xz/tIVDACSOZUQYpWic=
-30,2,LbVlCOrXvQljLQljgMinNGJNnN0=,gMnMm8p2Xz/tIVDACSOZUQYpWic=
-29,2,LbVlCOrXvQljLQljgMinNGJNnN0=,gMnMm8p2Xz/tIVDACSOZUQYpWic=
-32,1,LbVlCOrXvQljLQljgMinNGJNnN0=,gMnMm8p2Xz/tIVDACSOZUQYpWic=
-28,2,LbVlCOrXvQljLQljgMinNGJNnN0=,gMnMm8p2Xz/tIVDACSOZUQYpWic=
-17,15,LbVlCOrXvQljLQljgMinNGJNnN0=,gMnMm8p2Xz/tIVDACSOZUQYpWic=
-26,2,LbVlCOrXvQljLQljgMinNGJNnN0=,gMnMm8p2Xz/tIVDACSOZUQYpWic=
-27,2,LbVlCOrXvQljLQljgMinNGJNnN0=,gMnMm8p2Xz/tIVDACSOZUQYpWic=
-17,0,LbVlCOrXvQljLQljgMinNGJNnN0=,gMnMm8p2Xz/tIVDACSOZUQYpWic=
-25,2,LbVlCOrXvQljLQljgMinNGJNnN0=,gMnMm8p2Xz/tIVDACSOZUQYpWic=
-24,2,LbVlCOrXvQljLQljgMinNGJNnN0=,gMnMm8p2Xz/tIVDACSOZUQYpWic=
-18,0,LbVlCOrXvQljLQljgMinNGJNnN0=,gMnMm8p2Xz/tIVDACSOZUQYpWic=
-23,2,LbVlCOrXvQljLQljgMinNGJNnN0=,gMnMm8p2Xz/tIVDACSOZUQYpWic=
-19,0,LbVlCOrXvQljLQljgMinNGJNnN0=,gMnMm8p2Xz/tIVDACSOZUQYpWic=
-22,2,LbVlCOrXvQljLQljgMinNGJNnN0=,gMnMm8p2Xz/tIVDACSOZUQYpWic=
-20,0,LbVlCOrXvQljLQljgMinNGJNnN0=,gMnMm8p2Xz/tIVDACSOZUQYpWic=
-20,2,LbVlCOrXvQljLQljgMinNGJNnN0=,gMnMm8p2Xz/tIVDACSOZUQYpWic=
-21,2,LbVlCOrXvQljLQljgMinNGJNnN0=,gMnMm8p2Xz/tIVDACSOZUQYpWic=
-21,0,LbVlCOrXvQljLQljgMinNGJNnN0=,gMnMm8p2Xz/tIVDACSOZUQYpWic=
-22,0,LbVlCOrXvQljLQljgMinNGJNnN0=,gMnMm8p2Xz/tIVDACSOZUQYpWic=
-19,2,LbVlCOrXvQljLQljgMinNGJNnN0=,gMnMm8p2Xz/tIVDACSOZUQYpWic=
-18,2,LbVlCOrXvQljLQljgMinNGJNnN0=,gMnMm8p2Xz/tIVDACSOZUQYpWic=
-23,0,LbVlCOrXvQljLQljgMinNGJNnN0=,gMnMm8p2Xz/tIVDACSOZUQYpWic=
-17,2,LbVlCOrXvQljLQljgMinNGJNnN0=,gMnMm8p2Xz/tIVDACSOZUQYpWic=
-24,0,LbVlCOrXvQljLQljgMinNGJNnN0=,gMnMm8p2Xz/tIVDACSOZUQYpWic=
-32,3,LbVlCOrXvQljLQljgMinNGJNnN0=,gMnMm8p2Xz/tIVDACSOZUQYpWic=
-25,0,LbVlCOrXvQljLQljgMinNGJNnN0=,gMnMm8p2Xz/tIVDACSOZUQYpWic=
-31,3,LbVlCOrXvQljLQljgMinNGJNnN0=,gMnMm8p2Xz/tIVDACSOZUQYpWic=
-26,0,LbVlCOrXvQljLQljgMinNGJNnN0=,gMnMm8p2Xz/tIVDACSOZUQYpWic=
-30,3,LbVlCOrXvQljLQljgMinNGJNnN0=,gMnMm8p2Xz/tIVDACSOZUQYpWic=
-27,0,LbVlCOrXvQljLQljgMinNGJNnN0=,gMnMm8p2Xz/tIVDACSOZUQYpWic=
-29,3,LbVlCOrXvQljLQljgMinNGJNnN0=,gMnMm8p2Xz/tIVDACSOZUQYpWic=
-28,0,LbVlCOrXvQljLQljgMinNGJNnN0=,gMnMm8p2Xz/tIVDACSOZUQYpWic=
-27,3,LbVlCOrXvQljLQljgMinNGJNnN0=,gMnMm8p2Xz/tIVDACSOZUQYpWic=
-29,0,LbVlCOrXvQljLQljgMinNGJNnN0=,gMnMm8p2Xz/tIVDACSOZUQYpWic=
-28,3,LbVlCOrXvQljLQljgMinNGJNnN0=,gMnMm8p2Xz/tIVDACSOZUQYpWic=
-26,3,LbVlCOrXvQljLQljgMinNGJNnN0=,gMnMm8p2Xz/tIVDACSOZUQYpWic=
-30,0,LbVlCOrXvQljLQljgMinNGJNnN0=,gMnMm8p2Xz/tIVDACSOZUQYpWic=
-25,3,LbVlCOrXvQljLQljgMinNGJNnN0=,gMnMm8p2Xz/tIVDACSOZUQYpWic=
-18,15,LbVlCOrXvQljLQljgMinNGJNnN0=,gMnMm8p2Xz/tIVDACSOZUQYpWic=
-32,0,LbVlCOrXvQljLQljgMinNGJNnN0=,gMnMm8p2Xz/tIVDACSOZUQYpWic=
-23,3,LbVlCOrXvQljLQljgMinNGJNnN0=,gMnMm8p2Xz/tIVDACSOZUQYpWic=
-22,3,LbVlCOrXvQljLQljgMinNGJNnN0=,gMnMm8p2Xz/tIVDACSOZUQYpWic=
-24,3,LbVlCOrXvQljLQljgMinNGJNnN0=,gMnMm8p2Xz/tIVDACSOZUQYpWic=
-19,15,LbVlCOrXvQljLQljgMinNGJNnN0=,gMnMm8p2Xz/tIVDACSOZUQYpWic=
-20,15,LbVlCOrXvQljLQljgMinNGJNnN0=,gMnMm8p2Xz/tIVDACSOZUQYpWic=
-21,3,LbVlCOrXvQljLQljgMinNGJNnN0=,gMnMm8p2Xz/tIVDACSOZUQYpWic=
-31,0,LbVlCOrXvQljLQljgMinNGJNnN0=,gMnMm8p2Xz/tIVDACSOZUQYpWic=
-20,3,LbVlCOrXvQljLQljgMinNGJNnN0=,gMnMm8p2Xz/tIVDACSOZUQYpWic=
-21,15,LbVlCOrXvQljLQljgMinNGJNnN0=,gMnMm8p2Xz/tIVDACSOZUQYpWic=
-19,3,LbVlCOrXvQljLQljgMinNGJNnN0=,gMnMm8p2Xz/tIVDACSOZUQYpWic=
-22,15,LbVlCOrXvQljLQljgMinNGJNnN0=,gMnMm8p2Xz/tIVDACSOZUQYpWic=
-24,15,LbVlCOrXvQljLQljgMinNGJNnN0=,gMnMm8p2Xz/tIVDACSOZUQYpWic=
-18,3,LbVlCOrXvQljLQljgMinNGJNnN0=,gMnMm8p2Xz/tIVDACSOZUQYpWic=
-25,15,LbVlCOrXvQljLQljgMinNGJNnN0=,gMnMm8p2Xz/tIVDACSOZUQYpWic=
-17,3,LbVlCOrXvQljLQljgMinNGJNnN0=,gMnMm8p2Xz/tIVDACSOZUQYpWic=
-23,15,LbVlCOrXvQljLQljgMinNGJNnN0=,gMnMm8p2Xz/tIVDACSOZUQYpWic=
-27,15,LbVlCOrXvQljLQljgMinNGJNnN0=,gMnMm8p2Xz/tIVDACSOZUQYpWic=
-32,4,LbVlCOrXvQljLQljgMinNGJNnN0=,gMnMm8p2Xz/tIVDACSOZUQYpWic=
-26,15,LbVlCOrXvQljLQljgMinNGJNnN0=,gMnMm8p2Xz/tIVDACSOZUQYpWic=
-31,4,LbVlCOrXvQljLQljgMinNGJNnN0=,gMnMm8p2Xz/tIVDACSOZUQYpWic=
-28,15,LbVlCOrXvQljLQljgMinNGJNnN0=,gMnMm8p2Xz/tIVDACSOZUQYpWic=
-30,4,LbVlCOrXvQljLQljgMinNGJNnN0=,gMnMm8p2Xz/tIVDACSOZUQYpWic=
-29,15,LbVlCOrXvQljLQljgMinNGJNnN0=,gMnMm8p2Xz/tIVDACSOZUQYpWic=
-29,4,LbVlCOrXvQljLQljgMinNGJNnN0=,gMnMm8p2Xz/tIVDACSOZUQYpWic=
-30,15,LbVlCOrXvQljLQljgMinNGJNnN0=,gMnMm8p2Xz/tIVDACSOZUQYpWic=
-31,15,LbVlCOrXvQljLQljgMinNGJNnN0=,gMnMm8p2Xz/tIVDACSOZUQYpWic=
-32,15,LbVlCOrXvQljLQljgMinNGJNnN0=,gMnMm8p2Xz/tIVDACSOZUQYpWic=
-28,4,LbVlCOrXvQljLQljgMinNGJNnN0=,gMnMm8p2Xz/tIVDACSOZUQYpWic=
-18,14,LbVlCOrXvQljLQljgMinNGJNnN0=,gMnMm8p2Xz/tIVDACSOZUQYpWic=
-19,14,LbVlCOrXvQljLQljgMinNGJNnN0=,gMnMm8p2Xz/tIVDACSOZUQYpWic=
-27,4,LbVlCOrXvQljLQljgMinNGJNnN0=,gMnMm8p2Xz/tIVDACSOZUQYpWic=
-20,14,LbVlCOrXvQljLQljgMinNGJNnN0=,gMnMm8p2Xz/tIVDACSOZUQYpWic=
-26,4,LbVlCOrXvQljLQljgMinNGJNnN0=,gMnMm8p2Xz/tIVDACSOZUQYpWic=
-21,14,LbVlCOrXvQljLQljgMinNGJNnN0=,gMnMm8p2Xz/tIVDACSOZUQYpWic=
-22,14,LbVlCOrXvQljLQljgMinNGJNnN0=,gMnMm8p2Xz/tIVDACSOZUQYpWic=
-25,4,LbVlCOrXvQljLQljgMinNGJNnN0=,gMnMm8p2Xz/tIVDACSOZUQYpWic=
-23,14,LbVlCOrXvQljLQljgMinNGJNnN0=,gMnMm8p2Xz/tIVDACSOZUQYpWic=
-24,14,LbVlCOrXvQljLQljgMinNGJNnN0=,gMnMm8p2Xz/tIVDACSOZUQYpWic=
-17,14,LbVlCOrXvQljLQljgMinNGJNnN0=,gMnMm8p2Xz/tIVDACSOZUQYpWic=
-24,4,LbVlCOrXvQljLQljgMinNGJNnN0=,gMnMm8p2Xz/tIVDACSOZUQYpWic=
-25,14,LbVlCOrXvQljLQljgMinNGJNnN0=,gMnMm8p2Xz/tIVDACSOZUQYpWic=
-26,14,LbVlCOrXvQljLQljgMinNGJNnN0=,gMnMm8p2Xz/tIVDACSOZUQYpWic=
-28,14,LbVlCOrXvQljLQljgMinNGJNnN0=,gMnMm8p2Xz/tIVDACSOZUQYpWic=
-23,4,LbVlCOrXvQljLQljgMinNGJNnN0=,gMnMm8p2Xz/tIVDACSOZUQYpWic=
-27,14,LbVlCOrXvQljLQljgMinNGJNnN0=,gMnMm8p2Xz/tIVDACSOZUQYpWic=
-30,14,LbVlCOrXvQljLQljgMinNGJNnN0=,gMnMm8p2Xz/tIVDACSOZUQYpWic=
-29,14,LbVlCOrXvQljLQljgMinNGJNnN0=,gMnMm8p2Xz/tIVDACSOZUQYpWic=
-22,4,LbVlCOrXvQljLQljgMinNGJNnN0=,gMnMm8p2Xz/tIVDACSOZUQYpWic=
-31,14,LbVlCOrXvQljLQljgMinNGJNnN0=,gMnMm8p2Xz/tIVDACSOZUQYpWic=
-32,14,LbVlCOrXvQljLQljgMinNGJNnN0=,gMnMm8p2Xz/tIVDACSOZUQYpWic=
-21,4,LbVlCOrXvQljLQljgMinNGJNnN0=,gMnMm8p2Xz/tIVDACSOZUQYpWic=
-17,13,LbVlCOrXvQljLQljgMinNGJNnN0=,gMnMm8p2Xz/tIVDACSOZUQYpWic=
-18,13,LbVlCOrXvQljLQljgMinNGJNnN0=,gMnMm8p2Xz/tIVDACSOZUQYpWic=
-19,13,LbVlCOrXvQljLQljgMinNGJNnN0=,gMnMm8p2Xz/tIVDACSOZUQYpWic=
-23,13,LbVlCOrXvQljLQljgMinNGJNnN0=,gMnMm8p2Xz/tIVDACSOZUQYpWic=
-20,4,LbVlCOrXvQljLQljgMinNGJNnN0=,gMnMm8p2Xz/tIVDACSOZUQYpWic=
-21,13,LbVlCOrXvQljLQljgMinNGJNnN0=,gMnMm8p2Xz/tIVDACSOZUQYpWic=
-20,13,LbVlCOrXvQljLQljgMinNGJNnN0=,gMnMm8p2Xz/tIVDACSOZUQYpWic=
-19,4,LbVlCOrXvQljLQljgMinNGJNnN0=,gMnMm8p2Xz/tIVDACSOZUQYpWic=
-25,13,LbVlCOrXvQljLQljgMinNGJNnN0=,gMnMm8p2Xz/tIVDACSOZUQYpWic=
-26,13,LbVlCOrXvQljLQljgMinNGJNnN0=,gMnMm8p2Xz/tIVDACSOZUQYpWic=
-27,13,LbVlCOrXvQljLQljgMinNGJNnN0=,gMnMm8p2Xz/tIVDACSOZUQYpWic=
-18,4,LbVlCOrXvQljLQljgMinNGJNnN0=,gMnMm8p2Xz/tIVDACSOZUQYpWic=
-24,13,LbVlCOrXvQljLQljgMinNGJNnN0=,gMnMm8p2Xz/tIVDACSOZUQYpWic=
-17,4,LbVlCOrXvQljLQljgMinNGJNnN0=,gMnMm8p2Xz/tIVDACSOZUQYpWic=
-30,13,LbVlCOrXvQljLQljgMinNGJNnN0=,gMnMm8p2Xz/tIVDACSOZUQYpWic=
-28,13,LbVlCOrXvQljLQljgMinNGJNnN0=,gMnMm8p2Xz/tIVDACSOZUQYpWic=
-29,13,LbVlCOrXvQljLQljgMinNGJNnN0=,gMnMm8p2Xz/tIVDACSOZUQYpWic=
-31,13,LbVlCOrXvQljLQljgMinNGJNnN0=,gMnMm8p2Xz/tIVDACSOZUQYpWic=
-22,13,LbVlCOrXvQljLQljgMinNGJNnN0=,gMnMm8p2Xz/tIVDACSOZUQYpWic=
-32,13,LbVlCOrXvQljLQljgMinNGJNnN0=,gMnMm8p2Xz/tIVDACSOZUQYpWic=
-32,5,LbVlCOrXvQljLQljgMinNGJNnN0=,gMnMm8p2Xz/tIVDACSOZUQYpWic=
-17,12,LbVlCOrXvQljLQljgMinNGJNnN0=,gMnMm8p2Xz/tIVDACSOZUQYpWic=
-18,12,LbVlCOrXvQljLQljgMinNGJNnN0=,gMnMm8p2Xz/tIVDACSOZUQYpWic=
-19,12,LbVlCOrXvQljLQljgMinNGJNnN0=,gMnMm8p2Xz/tIVDACSOZUQYpWic=
-21,12,LbVlCOrXvQljLQljgMinNGJNnN0=,gMnMm8p2Xz/tIVDACSOZUQYpWic=
-31,5,LbVlCOrXvQljLQljgMinNGJNnN0=,gMnMm8p2Xz/tIVDACSOZUQYpWic=
-22,12,LbVlCOrXvQljLQljgMinNGJNnN0=,gMnMm8p2Xz/tIVDACSOZUQYpWic=
-23,12,LbVlCOrXvQljLQljgMinNGJNnN0=,gMnMm8p2Xz/tIVDACSOZUQYpWic=
-20,12,LbVlCOrXvQljLQljgMinNGJNnN0=,gMnMm8p2Xz/tIVDACSOZUQYpWic=
-30,5,LbVlCOrXvQljLQljgMinNGJNnN0=,gMnMm8p2Xz/tIVDACSOZUQYpWic=
-24,12,LbVlCOrXvQljLQljgMinNGJNnN0=,gMnMm8p2Xz/tIVDACSOZUQYpWic=
-26,12,LbVlCOrXvQljLQljgMinNGJNnN0=,gMnMm8p2Xz/tIVDACSOZUQYpWic=
-25,12,LbVlCOrXvQljLQljgMinNGJNnN0=,gMnMm8p2Xz/tIVDACSOZUQYpWic=
-29,5,LbVlCOrXvQljLQljgMinNGJNnN0=,gMnMm8p2Xz/tIVDACSOZUQYpWic=
-28,12,LbVlCOrXvQljLQljgMinNGJNnN0=,gMnMm8p2Xz/tIVDACSOZUQYpWic=
-30,12,LbVlCOrXvQljLQljgMinNGJNnN0=,gMnMm8p2Xz/tIVDACSOZUQYpWic=
-31,12,LbVlCOrXvQljLQljgMinNGJNnN0=,gMnMm8p2Xz/tIVDACSOZUQYpWic=
-32,12,LbVlCOrXvQljLQljgMinNGJNnN0=,gMnMm8p2Xz/tIVDACSOZUQYpWic=
-28,5,LbVlCOrXvQljLQljgMinNGJNnN0=,gMnMm8p2Xz/tIVDACSOZUQYpWic=
-27,12,LbVlCOrXvQljLQljgMinNGJNnN0=,gMnMm8p2Xz/tIVDACSOZUQYpWic=
-17,11,LbVlCOrXvQljLQljgMinNGJNnN0=,gMnMm8p2Xz/tIVDACSOZUQYpWic=
-18,11,LbVlCOrXvQljLQljgMinNGJNnN0=,gMnMm8p2Xz/tIVDACSOZUQYpWic=
-19,11,LbVlCOrXvQljLQljgMinNGJNnN0=,gMnMm8p2Xz/tIVDACSOZUQYpWic=
-27,5,LbVlCOrXvQljLQljgMinNGJNnN0=,gMnMm8p2Xz/tIVDACSOZUQYpWic=
-29,12,LbVlCOrXvQljLQljgMinNGJNnN0=,gMnMm8p2Xz/tIVDACSOZUQYpWic=
-21,11,LbVlCOrXvQljLQljgMinNGJNnN0=,gMnMm8p2Xz/tIVDACSOZUQYpWic=
-22,11,LbVlCOrXvQljLQljgMinNGJNnN0=,gMnMm8p2Xz/tIVDACSOZUQYpWic=
-23,11,LbVlCOrXvQljLQljgMinNGJNnN0=,gMnMm8p2Xz/tIVDACSOZUQYpWic=
-26,5,LbVlCOrXvQljLQljgMinNGJNnN0=,gMnMm8p2Xz/tIVDACSOZUQYpWic=
-25,11,LbVlCOrXvQljLQljgMinNGJNnN0=,gMnMm8p2Xz/tIVDACSOZUQYpWic=
-24,11,LbVlCOrXvQljLQljgMinNGJNnN0=,gMnMm8p2Xz/tIVDACSOZUQYpWic=
-26,11,LbVlCOrXvQljLQljgMinNGJNnN0=,gMnMm8p2Xz/tIVDACSOZUQYpWic=
-28,11,LbVlCOrXvQljLQljgMinNGJNnN0=,gMnMm8p2Xz/tIVDACSOZUQYpWic=
-25,5,LbVlCOrXvQljLQljgMinNGJNnN0=,gMnMm8p2Xz/tIVDACSOZUQYpWic=
-27,11,LbVlCOrXvQljLQljgMinNGJNnN0=,gMnMm8p2Xz/tIVDACSOZUQYpWic=
-29,11,LbVlCOrXvQljLQljgMinNGJNnN0=,gMnMm8p2Xz/tIVDACSOZUQYpWic=
-30,11,LbVlCOrXvQljLQljgMinNGJNnN0=,gMnMm8p2Xz/tIVDACSOZUQYpWic=
-31,11,LbVlCOrXvQljLQljgMinNGJNnN0=,gMnMm8p2Xz/tIVDACSOZUQYpWic=
-18,10,LbVlCOrXvQljLQljgMinNGJNnN0=,gMnMm8p2Xz/tIVDACSOZUQYpWic=
-20,11,LbVlCOrXvQljLQljgMinNGJNnN0=,gMnMm8p2Xz/tIVDACSOZUQYpWic=
-19,10,LbVlCOrXvQljLQljgMinNGJNnN0=,gMnMm8p2Xz/tIVDACSOZUQYpWic=
-20,10,LbVlCOrXvQljLQljgMinNGJNnN0=,gMnMm8p2Xz/tIVDACSOZUQYpWic=
-21,10,LbVlCOrXvQljLQljgMinNGJNnN0=,gMnMm8p2Xz/tIVDACSOZUQYpWic=
-24,5,LbVlCOrXvQljLQljgMinNGJNnN0=,gMnMm8p2Xz/tIVDACSOZUQYpWic=
-22,10,LbVlCOrXvQljLQljgMinNGJNnN0=,gMnMm8p2Xz/tIVDACSOZUQYpWic=
-17,10,LbVlCOrXvQljLQljgMinNGJNnN0=,gMnMm8p2Xz/tIVDACSOZUQYpWic=
-23,10,LbVlCOrXvQljLQljgMinNGJNnN0=,gMnMm8p2Xz/tIVDACSOZUQYpWic=
-24,10,LbVlCOrXvQljLQljgMinNGJNnN0=,gMnMm8p2Xz/tIVDACSOZUQYpWic=
-32,11,LbVlCOrXvQljLQljgMinNGJNnN0=,gMnMm8p2Xz/tIVDACSOZUQYpWic=
-26,10,LbVlCOrXvQljLQljgMinNGJNnN0=,gMnMm8p2Xz/tIVDACSOZUQYpWic=
-25,10,LbVlCOrXvQljLQljgMinNGJNnN0=,gMnMm8p2Xz/tIVDACSOZUQYpWic=
-23,5,LbVlCOrXvQljLQljgMinNGJNnN0=,gMnMm8p2Xz/tIVDACSOZUQYpWic=
-27,10,LbVlCOrXvQljLQljgMinNGJNnN0=,gMnMm8p2Xz/tIVDACSOZUQYpWic=
-28,10,LbVlCOrXvQljLQljgMinNGJNnN0=,gMnMm8p2Xz/tIVDACSOZUQYpWic=
-31,10,LbVlCOrXvQljLQljgMinNGJNnN0=,gMnMm8p2Xz/tIVDACSOZUQYpWic=
-32,10,LbVlCOrXvQljLQljgMinNGJNnN0=,gMnMm8p2Xz/tIVDACSOZUQYpWic=
-17,9,LbVlCOrXvQljLQljgMinNGJNnN0=,gMnMm8p2Xz/tIVDACSOZUQYpWic=
-29,10,LbVlCOrXvQljLQljgMinNGJNnN0=,gMnMm8p2Xz/tIVDACSOZUQYpWic=
-20,9,LbVlCOrXvQljLQljgMinNGJNnN0=,gMnMm8p2Xz/tIVDACSOZUQYpWic=
-18,9,LbVlCOrXvQljLQljgMinNGJNnN0=,gMnMm8p2Xz/tIVDACSOZUQYpWic=
-30,10,LbVlCOrXvQljLQljgMinNGJNnN0=,gMnMm8p2Xz/tIVDACSOZUQYpWic=
-21,9,LbVlCOrXvQljLQljgMinNGJNnN0=,gMnMm8p2Xz/tIVDACSOZUQYpWic=
-22,5,LbVlCOrXvQljLQljgMinNGJNnN0=,gMnMm8p2Xz/tIVDACSOZUQYpWic=
-19,9,LbVlCOrXvQljLQljgMinNGJNnN0=,gMnMm8p2Xz/tIVDACSOZUQYpWic=
-23,9,LbVlCOrXvQljLQljgMinNGJNnN0=,gMnMm8p2Xz/tIVDACSOZUQYpWic=
-24,9,LbVlCOrXvQljLQljgMinNGJNnN0=,gMnMm8p2Xz/tIVDACSOZUQYpWic=
-22,9,LbVlCOrXvQljLQljgMinNGJNnN0=,gMnMm8p2Xz/tIVDACSOZUQYpWic=
-26,9,LbVlCOrXvQljLQljgMinNGJNnN0=,gMnMm8p2Xz/tIVDACSOZUQYpWic=
-25,9,LbVlCOrXvQljLQljgMinNGJNnN0=,gMnMm8p2Xz/tIVDACSOZUQYpWic=
-28,9,LbVlCOrXvQljLQljgMinNGJNnN0=,gMnMm8p2Xz/tIVDACSOZUQYpWic=
-21,5,LbVlCOrXvQljLQljgMinNGJNnN0=,gMnMm8p2Xz/tIVDACSOZUQYpWic=
-31,9,LbVlCOrXvQljLQljgMinNGJNnN0=,gMnMm8p2Xz/tIVDACSOZUQYpWic=
-27,9,LbVlCOrXvQljLQljgMinNGJNnN0=,gMnMm8p2Xz/tIVDACSOZUQYpWic=
-30,9,LbVlCOrXvQljLQljgMinNGJNnN0=,gMnMm8p2Xz/tIVDACSOZUQYpWic=
-32,9,LbVlCOrXvQljLQljgMinNGJNnN0=,gMnMm8p2Xz/tIVDACSOZUQYpWic=
-29,9,LbVlCOrXvQljLQljgMinNGJNnN0=,gMnMm8p2Xz/tIVDACSOZUQYpWic=
-17,8,LbVlCOrXvQljLQljgMinNGJNnN0=,gMnMm8p2Xz/tIVDACSOZUQYpWic=
-20,8,LbVlCOrXvQljLQljgMinNGJNnN0=,gMnMm8p2Xz/tIVDACSOZUQYpWic=
-20,5,LbVlCOrXvQljLQljgMinNGJNnN0=,gMnMm8p2Xz/tIVDACSOZUQYpWic=
-18,8,LbVlCOrXvQljLQljgMinNGJNnN0=,gMnMm8p2Xz/tIVDACSOZUQYpWic=
-21,8,LbVlCOrXvQljLQljgMinNGJNnN0=,gMnMm8p2Xz/tIVDACSOZUQYpWic=
-23,8,LbVlCOrXvQljLQljgMinNGJNnN0=,gMnMm8p2Xz/tIVDACSOZUQYpWic=
-26,8,LbVlCOrXvQljLQljgMinNGJNnN0=,gMnMm8p2Xz/tIVDACSOZUQYpWic=
-19,8,LbVlCOrXvQljLQljgMinNGJNnN0=,gMnMm8p2Xz/tIVDACSOZUQYpWic=
-24,8,LbVlCOrXvQljLQljgMinNGJNnN0=,gMnMm8p2Xz/tIVDACSOZUQYpWic=
-22,8,LbVlCOrXvQljLQljgMinNGJNnN0=,gMnMm8p2Xz/tIVDACSOZUQYpWic=
-25,8,LbVlCOrXvQljLQljgMinNGJNnN0=,gMnMm8p2Xz/tIVDACSOZUQYpWic=
-19,5,LbVlCOrXvQljLQljgMinNGJNnN0=,gMnMm8p2Xz/tIVDACSOZUQYpWic=
-28,8,LbVlCOrXvQljLQljgMinNGJNnN0=,gMnMm8p2Xz/tIVDACSOZUQYpWic=
-29,8,LbVlCOrXvQljLQljgMinNGJNnN0=,gMnMm8p2Xz/tIVDACSOZUQYpWic=
-27,8,LbVlCOrXvQljLQljgMinNGJNnN0=,gMnMm8p2Xz/tIVDACSOZUQYpWic=
-30,8,LbVlCOrXvQljLQljgMinNGJNnN0=,gMnMm8p2Xz/tIVDACSOZUQYpWic=
-31,8,LbVlCOrXvQljLQljgMinNGJNnN0=,gMnMm8p2Xz/tIVDACSOZUQYpWic=
-32,8,LbVlCOrXvQljLQljgMinNGJNnN0=,gMnMm8p2Xz/tIVDACSOZUQYpWic=
-18,5,LbVlCOrXvQljLQljgMinNGJNnN0=,gMnMm8p2Xz/tIVDACSOZUQYpWic=
-17,7,LbVlCOrXvQljLQljgMinNGJNnN0=,gMnMm8p2Xz/tIVDACSOZUQYpWic=
-18,7,LbVlCOrXvQljLQljgMinNGJNnN0=,gMnMm8p2Xz/tIVDACSOZUQYpWic=
-21,7,LbVlCOrXvQljLQljgMinNGJNnN0=,gMnMm8p2Xz/tIVDACSOZUQYpWic=
-17,5,LbVlCOrXvQljLQljgMinNGJNnN0=,gMnMm8p2Xz/tIVDACSOZUQYpWic=
-22,7,LbVlCOrXvQljLQljgMinNGJNnN0=,gMnMm8p2Xz/tIVDACSOZUQYpWic=
-23,7,LbVlCOrXvQljLQljgMinNGJNnN0=,gMnMm8p2Xz/tIVDACSOZUQYpWic=
-24,7,LbVlCOrXvQljLQljgMinNGJNnN0=,gMnMm8p2Xz/tIVDACSOZUQYpWic=
-25,7,LbVlCOrXvQljLQljgMinNGJNnN0=,gMnMm8p2Xz/tIVDACSOZUQYpWic=
-19,7,LbVlCOrXvQljLQljgMinNGJNnN0=,gMnMm8p2Xz/tIVDACSOZUQYpWic=
-28,7,LbVlCOrXvQljLQljgMinNGJNnN0=,gMnMm8p2Xz/tIVDACSOZUQYpWic=
-27,7,LbVlCOrXvQljLQljgMinNGJNnN0=,gMnMm8p2Xz/tIVDACSOZUQYpWic=
-26,7,LbVlCOrXvQljLQljgMinNGJNnN0=,gMnMm8p2Xz/tIVDACSOZUQYpWic=
-29,7,LbVlCOrXvQljLQljgMinNGJNnN0=,gMnMm8p2Xz/tIVDACSOZUQYpWic=
-30,7,LbVlCOrXvQljLQljgMinNGJNnN0=,gMnMm8p2Xz/tIVDACSOZUQYpWic=
-32,6,LbVlCOrXvQljLQljgMinNGJNnN0=,gMnMm8p2Xz/tIVDACSOZUQYpWic=
-31,7,LbVlCOrXvQljLQljgMinNGJNnN0=,gMnMm8p2Xz/tIVDACSOZUQYpWic=
-32,7,LbVlCOrXvQljLQljgMinNGJNnN0=,gMnMm8p2Xz/tIVDACSOZUQYpWic=
-17,6,LbVlCOrXvQljLQljgMinNGJNnN0=,gMnMm8p2Xz/tIVDACSOZUQYpWic=
-20,6,LbVlCOrXvQljLQljgMinNGJNnN0=,gMnMm8p2Xz/tIVDACSOZUQYpWic=
-18,6,LbVlCOrXvQljLQljgMinNGJNnN0=,gMnMm8p2Xz/tIVDACSOZUQYpWic=
-19,6,LbVlCOrXvQljLQljgMinNGJNnN0=,gMnMm8p2Xz/tIVDACSOZUQYpWic=
-22,6,LbVlCOrXvQljLQljgMinNGJNnN0=,gMnMm8p2Xz/tIVDACSOZUQYpWic=
-20,7,LbVlCOrXvQljLQljgMinNGJNnN0=,gMnMm8p2Xz/tIVDACSOZUQYpWic=
-23,6,LbVlCOrXvQljLQljgMinNGJNnN0=,gMnMm8p2Xz/tIVDACSOZUQYpWic=
-24,6,LbVlCOrXvQljLQljgMinNGJNnN0=,gMnMm8p2Xz/tIVDACSOZUQYpWic=
-31,6,LbVlCOrXvQljLQljgMinNGJNnN0=,gMnMm8p2Xz/tIVDACSOZUQYpWic=
-21,6,LbVlCOrXvQljLQljgMinNGJNnN0=,gMnMm8p2Xz/tIVDACSOZUQYpWic=
-29,6,LbVlCOrXvQljLQljgMinNGJNnN0=,gMnMm8p2Xz/tIVDACSOZUQYpWic=
-25,6,LbVlCOrXvQljLQljgMinNGJNnN0=,gMnMm8p2Xz/tIVDACSOZUQYpWic=
-30,6,LbVlCOrXvQljLQljgMinNGJNnN0=,gMnMm8p2Xz/tIVDACSOZUQYpWic=
-28,6,LbVlCOrXvQljLQljgMinNGJNnN0=,gMnMm8p2Xz/tIVDACSOZUQYpWic=
-27,6,LbVlCOrXvQljLQljgMinNGJNnN0=,gMnMm8p2Xz/tIVDACSOZUQYpWic=
-26,6,LbVlCOrXvQljLQljgMinNGJNnN0=,gMnMm8p2Xz/tIVDACSOZUQYpWic=
-13,2,LbVlCOrXvQljLQljgMinNGJNnN0=,gMnMm8p2Xz/tIVDACSOZUQYpWic=
-12,2,LbVlCOrXvQljLQljgMinNGJNnN0=,gMnMm8p2Xz/tIVDACSOZUQYpWic=
-11,2,TGz8OT3q6pfWFSNEKdZLeEvXGGc=,gMnMm8p2Xz/tIVDACSOZUQYpWic=
-9,2,TGz8OT3q6pfWFSNEKdZLeEvXGGc=,gMnMm8p2Xz/tIVDACSOZUQYpWic=
-8,2,TGz8OT3q6pfWFSNEKdZLeEvXGGc=,gMnMm8p2Xz/tIVDACSOZUQYpWic=
-10,2,TGz8OT3q6pfWFSNEKdZLeEvXGGc=,gMnMm8p2Xz/tIVDACSOZUQYpWic=
-7,2,TGz8OT3q6pfWFSNEKdZLeEvXGGc=,gMnMm8p2Xz/tIVDACSOZUQYpWic=
-6,2,TGz8OT3q6pfWFSNEKdZLeEvXGGc=,gMnMm8p2Xz/tIVDACSOZUQYpWic=
-5,2,TGz8OT3q6pfWFSNEKdZLeEvXGGc=,gMnMm8p2Xz/tIVDACSOZUQYpWic=
-16,3,TGz8OT3q6pfWFSNEKdZLeEvXGGc=,gMnMm8p2Xz/tIVDACSOZUQYpWic=
-14,1,LbVlCOrXvQljLQljgMinNGJNnN0=,gMnMm8p2Xz/tIVDACSOZUQYpWic=
-15,3,TGz8OT3q6pfWFSNEKdZLeEvXGGc=,gMnMm8p2Xz/tIVDACSOZUQYpWic=
-14,0,TGz8OT3q6pfWFSNEKdZLeEvXGGc=,gMnMm8p2Xz/tIVDACSOZUQYpWic=
-15,1,TGz8OT3q6pfWFSNEKdZLeEvXGGc=,gMnMm8p2Xz/tIVDACSOZUQYpWic=
-14,3,TGz8OT3q6pfWFSNEKdZLeEvXGGc=,gMnMm8p2Xz/tIVDACSOZUQYpWic=
-14,2,LbVlCOrXvQljLQljgMinNGJNnN0=,gMnMm8p2Xz/tIVDACSOZUQYpWic=
-13,3,TGz8OT3q6pfWFSNEKdZLeEvXGGc=,gMnMm8p2Xz/tIVDACSOZUQYpWic=
-16,1,TGz8OT3q6pfWFSNEKdZLeEvXGGc=,gMnMm8p2Xz/tIVDACSOZUQYpWic=
-15,2,TGz8OT3q6pfWFSNEKdZLeEvXGGc=,gMnMm8p2Xz/tIVDACSOZUQYpWic=
-15,0,TGz8OT3q6pfWFSNEKdZLeEvXGGc=,gMnMm8p2Xz/tIVDACSOZUQYpWic=
-12,3,TGz8OT3q6pfWFSNEKdZLeEvXGGc=,gMnMm8p2Xz/tIVDACSOZUQYpWic=
-16,2,TGz8OT3q6pfWFSNEKdZLeEvXGGc=,gMnMm8p2Xz/tIVDACSOZUQYpWic=
-9,3,TGz8OT3q6pfWFSNEKdZLeEvXGGc=,gMnMm8p2Xz/tIVDACSOZUQYpWic=
-10,3,TGz8OT3q6pfWFSNEKdZLeEvXGGc=,gMnMm8p2Xz/tIVDACSOZUQYpWic=
-11,3,TGz8OT3q6pfWFSNEKdZLeEvXGGc=,gMnMm8p2Xz/tIVDACSOZUQYpWic=
-8,3,TGz8OT3q6pfWFSNEKdZLeEvXGGc=,gMnMm8p2Xz/tIVDACSOZUQYpWic=
-7,1,TGz8OT3q6pfWFSNEKdZLeEvXGGc=,gMnMm8p2Xz/tIVDACSOZUQYpWic=
-8,1,TGz8OT3q6pfWFSNEKdZLeEvXGGc=,gMnMm8p2Xz/tIVDACSOZUQYpWic=
-6,3,TGz8OT3q6pfWFSNEKdZLeEvXGGc=,gMnMm8p2Xz/tIVDACSOZUQYpWic=
-7,3,TGz8OT3q6pfWFSNEKdZLeEvXGGc=,gMnMm8p2Xz/tIVDACSOZUQYpWic=
-10,1,TGz8OT3q6pfWFSNEKdZLeEvXGGc=,gMnMm8p2Xz/tIVDACSOZUQYpWic=
-9,1,TGz8OT3q6pfWFSNEKdZLeEvXGGc=,gMnMm8p2Xz/tIVDACSOZUQYpWic=
-5,3,TGz8OT3q6pfWFSNEKdZLeEvXGGc=,gMnMm8p2Xz/tIVDACSOZUQYpWic=
-13,1,TGz8OT3q6pfWFSNEKdZLeEvXGGc=,gMnMm8p2Xz/tIVDACSOZUQYpWic=
-11,1,TGz8OT3q6pfWFSNEKdZLeEvXGGc=,gMnMm8p2Xz/tIVDACSOZUQYpWic=
-12,1,TGz8OT3q6pfWFSNEKdZLeEvXGGc=,gMnMm8p2Xz/tIVDACSOZUQYpWic=
-16,0,TGz8OT3q6pfWFSNEKdZLeEvXGGc=,gMnMm8p2Xz/tIVDACSOZUQYpWic=
-1,15,TGz8OT3q6pfWFSNEKdZLeEvXGGc=,gMnMm8p2Xz/tIVDACSOZUQYpWic=
-2,15,TGz8OT3q6pfWFSNEKdZLeEvXGGc=,gMnMm8p2Xz/tIVDACSOZUQYpWic=
-3,15,TGz8OT3q6pfWFSNEKdZLeEvXGGc=,gMnMm8p2Xz/tIVDACSOZUQYpWic=
-4,15,TGz8OT3q6pfWFSNEKdZLeEvXGGc=,gMnMm8p2Xz/tIVDACSOZUQYpWic=
-5,15,TGz8OT3q6pfWFSNEKdZLeEvXGGc=,gMnMm8p2Xz/tIVDACSOZUQYpWic=
-6,15,TGz8OT3q6pfWFSNEKdZLeEvXGGc=,gMnMm8p2Xz/tIVDACSOZUQYpWic=
-7,15,TGz8OT3q6pfWFSNEKdZLeEvXGGc=,gMnMm8p2Xz/tIVDACSOZUQYpWic=
-16,4,TGz8OT3q6pfWFSNEKdZLeEvXGGc=,gMnMm8p2Xz/tIVDACSOZUQYpWic=
-8,15,TGz8OT3q6pfWFSNEKdZLeEvXGGc=,gMnMm8p2Xz/tIVDACSOZUQYpWic=
-9,15,TGz8OT3q6pfWFSNEKdZLeEvXGGc=,gMnMm8p2Xz/tIVDACSOZUQYpWic=
-10,15,TGz8OT3q6pfWFSNEKdZLeEvXGGc=,gMnMm8p2Xz/tIVDACSOZUQYpWic=
-13,0,TGz8OT3q6pfWFSNEKdZLeEvXGGc=,gMnMm8p2Xz/tIVDACSOZUQYpWic=
-11,15,TGz8OT3q6pfWFSNEKdZLeEvXGGc=,gMnMm8p2Xz/tIVDACSOZUQYpWic=
-12,15,TGz8OT3q6pfWFSNEKdZLeEvXGGc=,gMnMm8p2Xz/tIVDACSOZUQYpWic=
-13,15,TGz8OT3q6pfWFSNEKdZLeEvXGGc=,gMnMm8p2Xz/tIVDACSOZUQYpWic=
-15,4,TGz8OT3q6pfWFSNEKdZLeEvXGGc=,gMnMm8p2Xz/tIVDACSOZUQYpWic=
-14,4,TGz8OT3q6pfWFSNEKdZLeEvXGGc=,gMnMm8p2Xz/tIVDACSOZUQYpWic=
-16,15,TGz8OT3q6pfWFSNEKdZLeEvXGGc=,gMnMm8p2Xz/tIVDACSOZUQYpWic=
-14,15,TGz8OT3q6pfWFSNEKdZLeEvXGGc=,gMnMm8p2Xz/tIVDACSOZUQYpWic=
-13,4,TGz8OT3q6pfWFSNEKdZLeEvXGGc=,gMnMm8p2Xz/tIVDACSOZUQYpWic=
-2,14,TGz8OT3q6pfWFSNEKdZLeEvXGGc=,gMnMm8p2Xz/tIVDACSOZUQYpWic=
-12,4,TGz8OT3q6pfWFSNEKdZLeEvXGGc=,gMnMm8p2Xz/tIVDACSOZUQYpWic=
-1,14,TGz8OT3q6pfWFSNEKdZLeEvXGGc=,gMnMm8p2Xz/tIVDACSOZUQYpWic=
-3,14,TGz8OT3q6pfWFSNEKdZLeEvXGGc=,gMnMm8p2Xz/tIVDACSOZUQYpWic=
-15,15,TGz8OT3q6pfWFSNEKdZLeEvXGGc=,gMnMm8p2Xz/tIVDACSOZUQYpWic=
-11,4,TGz8OT3q6pfWFSNEKdZLeEvXGGc=,gMnMm8p2Xz/tIVDACSOZUQYpWic=
-5,14,TGz8OT3q6pfWFSNEKdZLeEvXGGc=,gMnMm8p2Xz/tIVDACSOZUQYpWic=
-10,4,TGz8OT3q6pfWFSNEKdZLeEvXGGc=,gMnMm8p2Xz/tIVDACSOZUQYpWic=
-9,4,TGz8OT3q6pfWFSNEKdZLeEvXGGc=,gMnMm8p2Xz/tIVDACSOZUQYpWic=
-6,14,TGz8OT3q6pfWFSNEKdZLeEvXGGc=,gMnMm8p2Xz/tIVDACSOZUQYpWic=
-7,14,TGz8OT3q6pfWFSNEKdZLeEvXGGc=,gMnMm8p2Xz/tIVDACSOZUQYpWic=
-4,14,TGz8OT3q6pfWFSNEKdZLeEvXGGc=,gMnMm8p2Xz/tIVDACSOZUQYpWic=
-8,14,TGz8OT3q6pfWFSNEKdZLeEvXGGc=,gMnMm8p2Xz/tIVDACSOZUQYpWic=
-9,14,TGz8OT3q6pfWFSNEKdZLeEvXGGc=,gMnMm8p2Xz/tIVDACSOZUQYpWic=
-10,14,TGz8OT3q6pfWFSNEKdZLeEvXGGc=,gMnMm8p2Xz/tIVDACSOZUQYpWic=
-8,4,TGz8OT3q6pfWFSNEKdZLeEvXGGc=,gMnMm8p2Xz/tIVDACSOZUQYpWic=
-11,14,TGz8OT3q6pfWFSNEKdZLeEvXGGc=,gMnMm8p2Xz/tIVDACSOZUQYpWic=
-7,4,TGz8OT3q6pfWFSNEKdZLeEvXGGc=,gMnMm8p2Xz/tIVDACSOZUQYpWic=
-12,14,TGz8OT3q6pfWFSNEKdZLeEvXGGc=,gMnMm8p2Xz/tIVDACSOZUQYpWic=
-6,4,TGz8OT3q6pfWFSNEKdZLeEvXGGc=,gMnMm8p2Xz/tIVDACSOZUQYpWic=
-13,14,TGz8OT3q6pfWFSNEKdZLeEvXGGc=,gMnMm8p2Xz/tIVDACSOZUQYpWic=
-14,14,TGz8OT3q6pfWFSNEKdZLeEvXGGc=,gMnMm8p2Xz/tIVDACSOZUQYpWic=
-5,4,TGz8OT3q6pfWFSNEKdZLeEvXGGc=,gMnMm8p2Xz/tIVDACSOZUQYpWic=
-16,14,TGz8OT3q6pfWFSNEKdZLeEvXGGc=,gMnMm8p2Xz/tIVDACSOZUQYpWic=
-1,13,TGz8OT3q6pfWFSNEKdZLeEvXGGc=,gMnMm8p2Xz/tIVDACSOZUQYpWic=
-4,4,TGz8OT3q6pfWFSNEKdZLeEvXGGc=,gMnMm8p2Xz/tIVDACSOZUQYpWic=
-2,13,TGz8OT3q6pfWFSNEKdZLeEvXGGc=,gMnMm8p2Xz/tIVDACSOZUQYpWic=
-15,14,TGz8OT3q6pfWFSNEKdZLeEvXGGc=,gMnMm8p2Xz/tIVDACSOZUQYpWic=
-3,4,TGz8OT3q6pfWFSNEKdZLeEvXGGc=,gMnMm8p2Xz/tIVDACSOZUQYpWic=
-4,13,TGz8OT3q6pfWFSNEKdZLeEvXGGc=,gMnMm8p2Xz/tIVDACSOZUQYpWic=
-5,13,TGz8OT3q6pfWFSNEKdZLeEvXGGc=,gMnMm8p2Xz/tIVDACSOZUQYpWic=
-6,13,TGz8OT3q6pfWFSNEKdZLeEvXGGc=,gMnMm8p2Xz/tIVDACSOZUQYpWic=
-3,13,TGz8OT3q6pfWFSNEKdZLeEvXGGc=,gMnMm8p2Xz/tIVDACSOZUQYpWic=
-8,13,TGz8OT3q6pfWFSNEKdZLeEvXGGc=,gMnMm8p2Xz/tIVDACSOZUQYpWic=
-7,13,TGz8OT3q6pfWFSNEKdZLeEvXGGc=,gMnMm8p2Xz/tIVDACSOZUQYpWic=
-9,13,TGz8OT3q6pfWFSNEKdZLeEvXGGc=,gMnMm8p2Xz/tIVDACSOZUQYpWic=
-10,13,TGz8OT3q6pfWFSNEKdZLeEvXGGc=,gMnMm8p2Xz/tIVDACSOZUQYpWic=
-12,13,TGz8OT3q6pfWFSNEKdZLeEvXGGc=,gMnMm8p2Xz/tIVDACSOZUQYpWic=
-13,13,TGz8OT3q6pfWFSNEKdZLeEvXGGc=,gMnMm8p2Xz/tIVDACSOZUQYpWic=
-11,13,TGz8OT3q6pfWFSNEKdZLeEvXGGc=,gMnMm8p2Xz/tIVDACSOZUQYpWic=
-14,13,TGz8OT3q6pfWFSNEKdZLeEvXGGc=,gMnMm8p2Xz/tIVDACSOZUQYpWic=
-15,13,TGz8OT3q6pfWFSNEKdZLeEvXGGc=,gMnMm8p2Xz/tIVDACSOZUQYpWic=
-16,13,TGz8OT3q6pfWFSNEKdZLeEvXGGc=,gMnMm8p2Xz/tIVDACSOZUQYpWic=
-1,12,TGz8OT3q6pfWFSNEKdZLeEvXGGc=,gMnMm8p2Xz/tIVDACSOZUQYpWic=
-2,12,TGz8OT3q6pfWFSNEKdZLeEvXGGc=,gMnMm8p2Xz/tIVDACSOZUQYpWic=
-3,12,TGz8OT3q6pfWFSNEKdZLeEvXGGc=,gMnMm8p2Xz/tIVDACSOZUQYpWic=
-4,12,TGz8OT3q6pfWFSNEKdZLeEvXGGc=,gMnMm8p2Xz/tIVDACSOZUQYpWic=
-6,12,TGz8OT3q6pfWFSNEKdZLeEvXGGc=,gMnMm8p2Xz/tIVDACSOZUQYpWic=
-7,12,TGz8OT3q6pfWFSNEKdZLeEvXGGc=,gMnMm8p2Xz/tIVDACSOZUQYpWic=
-5,12,TGz8OT3q6pfWFSNEKdZLeEvXGGc=,gMnMm8p2Xz/tIVDACSOZUQYpWic=
-8,12,TGz8OT3q6pfWFSNEKdZLeEvXGGc=,gMnMm8p2Xz/tIVDACSOZUQYpWic=
-9,12,TGz8OT3q6pfWFSNEKdZLeEvXGGc=,gMnMm8p2Xz/tIVDACSOZUQYpWic=
-11,12,TGz8OT3q6pfWFSNEKdZLeEvXGGc=,gMnMm8p2Xz/tIVDACSOZUQYpWic=
-10,12,TGz8OT3q6pfWFSNEKdZLeEvXGGc=,gMnMm8p2Xz/tIVDACSOZUQYpWic=
-12,12,TGz8OT3q6pfWFSNEKdZLeEvXGGc=,gMnMm8p2Xz/tIVDACSOZUQYpWic=
-13,12,TGz8OT3q6pfWFSNEKdZLeEvXGGc=,gMnMm8p2Xz/tIVDACSOZUQYpWic=
-14,12,TGz8OT3q6pfWFSNEKdZLeEvXGGc=,gMnMm8p2Xz/tIVDACSOZUQYpWic=
-15,12,TGz8OT3q6pfWFSNEKdZLeEvXGGc=,gMnMm8p2Xz/tIVDACSOZUQYpWic=
-16,12,TGz8OT3q6pfWFSNEKdZLeEvXGGc=,gMnMm8p2Xz/tIVDACSOZUQYpWic=
-1,11,TGz8OT3q6pfWFSNEKdZLeEvXGGc=,gMnMm8p2Xz/tIVDACSOZUQYpWic=
-2,11,TGz8OT3q6pfWFSNEKdZLeEvXGGc=,gMnMm8p2Xz/tIVDACSOZUQYpWic=
-4,11,TGz8OT3q6pfWFSNEKdZLeEvXGGc=,gMnMm8p2Xz/tIVDACSOZUQYpWic=
-5,11,TGz8OT3q6pfWFSNEKdZLeEvXGGc=,gMnMm8p2Xz/tIVDACSOZUQYpWic=
-6,11,TGz8OT3q6pfWFSNEKdZLeEvXGGc=,gMnMm8p2Xz/tIVDACSOZUQYpWic=
-7,11,TGz8OT3q6pfWFSNEKdZLeEvXGGc=,gMnMm8p2Xz/tIVDACSOZUQYpWic=
-3,11,TGz8OT3q6pfWFSNEKdZLeEvXGGc=,gMnMm8p2Xz/tIVDACSOZUQYpWic=
-9,11,TGz8OT3q6pfWFSNEKdZLeEvXGGc=,gMnMm8p2Xz/tIVDACSOZUQYpWic=
-5,0,TGz8OT3q6pfWFSNEKdZLeEvXGGc=,gMnMm8p2Xz/tIVDACSOZUQYpWic=
-8,11,TGz8OT3q6pfWFSNEKdZLeEvXGGc=,gMnMm8p2Xz/tIVDACSOZUQYpWic=
-11,11,TGz8OT3q6pfWFSNEKdZLeEvXGGc=,gMnMm8p2Xz/tIVDACSOZUQYpWic=
-12,11,TGz8OT3q6pfWFSNEKdZLeEvXGGc=,gMnMm8p2Xz/tIVDACSOZUQYpWic=
-10,11,TGz8OT3q6pfWFSNEKdZLeEvXGGc=,gMnMm8p2Xz/tIVDACSOZUQYpWic=
-13,11,TGz8OT3q6pfWFSNEKdZLeEvXGGc=,gMnMm8p2Xz/tIVDACSOZUQYpWic=
-14,11,TGz8OT3q6pfWFSNEKdZLeEvXGGc=,gMnMm8p2Xz/tIVDACSOZUQYpWic=
-15,11,TGz8OT3q6pfWFSNEKdZLeEvXGGc=,gMnMm8p2Xz/tIVDACSOZUQYpWic=
-16,11,TGz8OT3q6pfWFSNEKdZLeEvXGGc=,gMnMm8p2Xz/tIVDACSOZUQYpWic=
-1,10,TGz8OT3q6pfWFSNEKdZLeEvXGGc=,gMnMm8p2Xz/tIVDACSOZUQYpWic=
-2,10,TGz8OT3q6pfWFSNEKdZLeEvXGGc=,gMnMm8p2Xz/tIVDACSOZUQYpWic=
-3,10,TGz8OT3q6pfWFSNEKdZLeEvXGGc=,gMnMm8p2Xz/tIVDACSOZUQYpWic=
-4,10,TGz8OT3q6pfWFSNEKdZLeEvXGGc=,gMnMm8p2Xz/tIVDACSOZUQYpWic=
-6,10,TGz8OT3q6pfWFSNEKdZLeEvXGGc=,gMnMm8p2Xz/tIVDACSOZUQYpWic=
-1,2,TGz8OT3q6pfWFSNEKdZLeEvXGGc=,gMnMm8p2Xz/tIVDACSOZUQYpWic=
-5,10,TGz8OT3q6pfWFSNEKdZLeEvXGGc=,gMnMm8p2Xz/tIVDACSOZUQYpWic=
-6,0,TGz8OT3q6pfWFSNEKdZLeEvXGGc=,gMnMm8p2Xz/tIVDACSOZUQYpWic=
-7,10,TGz8OT3q6pfWFSNEKdZLeEvXGGc=,gMnMm8p2Xz/tIVDACSOZUQYpWic=
-8,10,TGz8OT3q6pfWFSNEKdZLeEvXGGc=,gMnMm8p2Xz/tIVDACSOZUQYpWic=
-9,10,TGz8OT3q6pfWFSNEKdZLeEvXGGc=,gMnMm8p2Xz/tIVDACSOZUQYpWic=
-10,10,TGz8OT3q6pfWFSNEKdZLeEvXGGc=,gMnMm8p2Xz/tIVDACSOZUQYpWic=
-11,10,TGz8OT3q6pfWFSNEKdZLeEvXGGc=,gMnMm8p2Xz/tIVDACSOZUQYpWic=
-12,10,TGz8OT3q6pfWFSNEKdZLeEvXGGc=,gMnMm8p2Xz/tIVDACSOZUQYpWic=
-13,10,TGz8OT3q6pfWFSNEKdZLeEvXGGc=,gMnMm8p2Xz/tIVDACSOZUQYpWic=
-14,10,TGz8OT3q6pfWFSNEKdZLeEvXGGc=,gMnMm8p2Xz/tIVDACSOZUQYpWic=
-15,10,TGz8OT3q6pfWFSNEKdZLeEvXGGc=,gMnMm8p2Xz/tIVDACSOZUQYpWic=
-1,1,TGz8OT3q6pfWFSNEKdZLeEvXGGc=,gMnMm8p2Xz/tIVDACSOZUQYpWic=
-16,10,TGz8OT3q6pfWFSNEKdZLeEvXGGc=,gMnMm8p2Xz/tIVDACSOZUQYpWic=
-1,9,TGz8OT3q6pfWFSNEKdZLeEvXGGc=,gMnMm8p2Xz/tIVDACSOZUQYpWic=
-2,9,TGz8OT3q6pfWFSNEKdZLeEvXGGc=,gMnMm8p2Xz/tIVDACSOZUQYpWic=
-4,9,TGz8OT3q6pfWFSNEKdZLeEvXGGc=,gMnMm8p2Xz/tIVDACSOZUQYpWic=
-3,9,TGz8OT3q6pfWFSNEKdZLeEvXGGc=,gMnMm8p2Xz/tIVDACSOZUQYpWic=
-5,9,TGz8OT3q6pfWFSNEKdZLeEvXGGc=,gMnMm8p2Xz/tIVDACSOZUQYpWic=
-7,0,TGz8OT3q6pfWFSNEKdZLeEvXGGc=,gMnMm8p2Xz/tIVDACSOZUQYpWic=
-6,9,TGz8OT3q6pfWFSNEKdZLeEvXGGc=,gMnMm8p2Xz/tIVDACSOZUQYpWic=
-7,9,TGz8OT3q6pfWFSNEKdZLeEvXGGc=,gMnMm8p2Xz/tIVDACSOZUQYpWic=
-8,9,TGz8OT3q6pfWFSNEKdZLeEvXGGc=,gMnMm8p2Xz/tIVDACSOZUQYpWic=
-9,9,TGz8OT3q6pfWFSNEKdZLeEvXGGc=,gMnMm8p2Xz/tIVDACSOZUQYpWic=
-4,0,TGz8OT3q6pfWFSNEKdZLeEvXGGc=,gMnMm8p2Xz/tIVDACSOZUQYpWic=
-10,9,TGz8OT3q6pfWFSNEKdZLeEvXGGc=,gMnMm8p2Xz/tIVDACSOZUQYpWic=
-11,9,TGz8OT3q6pfWFSNEKdZLeEvXGGc=,gMnMm8p2Xz/tIVDACSOZUQYpWic=
-12,9,TGz8OT3q6pfWFSNEKdZLeEvXGGc=,gMnMm8p2Xz/tIVDACSOZUQYpWic=
-13,9,TGz8OT3q6pfWFSNEKdZLeEvXGGc=,gMnMm8p2Xz/tIVDACSOZUQYpWic=
-14,9,TGz8OT3q6pfWFSNEKdZLeEvXGGc=,gMnMm8p2Xz/tIVDACSOZUQYpWic=
-16,9,TGz8OT3q6pfWFSNEKdZLeEvXGGc=,gMnMm8p2Xz/tIVDACSOZUQYpWic=
-15,9,TGz8OT3q6pfWFSNEKdZLeEvXGGc=,gMnMm8p2Xz/tIVDACSOZUQYpWic=
-1,8,TGz8OT3q6pfWFSNEKdZLeEvXGGc=,gMnMm8p2Xz/tIVDACSOZUQYpWic=
-2,8,TGz8OT3q6pfWFSNEKdZLeEvXGGc=,gMnMm8p2Xz/tIVDACSOZUQYpWic=
-3,8,TGz8OT3q6pfWFSNEKdZLeEvXGGc=,gMnMm8p2Xz/tIVDACSOZUQYpWic=
-4,8,TGz8OT3q6pfWFSNEKdZLeEvXGGc=,gMnMm8p2Xz/tIVDACSOZUQYpWic=
-8,0,TGz8OT3q6pfWFSNEKdZLeEvXGGc=,gMnMm8p2Xz/tIVDACSOZUQYpWic=
-5,8,TGz8OT3q6pfWFSNEKdZLeEvXGGc=,gMnMm8p2Xz/tIVDACSOZUQYpWic=
-6,8,TGz8OT3q6pfWFSNEKdZLeEvXGGc=,gMnMm8p2Xz/tIVDACSOZUQYpWic=
-7,8,TGz8OT3q6pfWFSNEKdZLeEvXGGc=,gMnMm8p2Xz/tIVDACSOZUQYpWic=
-2,2,TGz8OT3q6pfWFSNEKdZLeEvXGGc=,gMnMm8p2Xz/tIVDACSOZUQYpWic=
-8,8,TGz8OT3q6pfWFSNEKdZLeEvXGGc=,gMnMm8p2Xz/tIVDACSOZUQYpWic=
-9,8,TGz8OT3q6pfWFSNEKdZLeEvXGGc=,gMnMm8p2Xz/tIVDACSOZUQYpWic=
-11,8,TGz8OT3q6pfWFSNEKdZLeEvXGGc=,gMnMm8p2Xz/tIVDACSOZUQYpWic=
-10,8,TGz8OT3q6pfWFSNEKdZLeEvXGGc=,gMnMm8p2Xz/tIVDACSOZUQYpWic=
-13,8,TGz8OT3q6pfWFSNEKdZLeEvXGGc=,gMnMm8p2Xz/tIVDACSOZUQYpWic=
-12,8,TGz8OT3q6pfWFSNEKdZLeEvXGGc=,gMnMm8p2Xz/tIVDACSOZUQYpWic=
-14,8,TGz8OT3q6pfWFSNEKdZLeEvXGGc=,gMnMm8p2Xz/tIVDACSOZUQYpWic=
-15,8,TGz8OT3q6pfWFSNEKdZLeEvXGGc=,gMnMm8p2Xz/tIVDACSOZUQYpWic=
-16,8,TGz8OT3q6pfWFSNEKdZLeEvXGGc=,gMnMm8p2Xz/tIVDACSOZUQYpWic=
-1,7,TGz8OT3q6pfWFSNEKdZLeEvXGGc=,gMnMm8p2Xz/tIVDACSOZUQYpWic=
-2,7,TGz8OT3q6pfWFSNEKdZLeEvXGGc=,gMnMm8p2Xz/tIVDACSOZUQYpWic=
-3,7,TGz8OT3q6pfWFSNEKdZLeEvXGGc=,gMnMm8p2Xz/tIVDACSOZUQYpWic=
-9,0,TGz8OT3q6pfWFSNEKdZLeEvXGGc=,gMnMm8p2Xz/tIVDACSOZUQYpWic=
-4,7,TGz8OT3q6pfWFSNEKdZLeEvXGGc=,gMnMm8p2Xz/tIVDACSOZUQYpWic=
-5,7,TGz8OT3q6pfWFSNEKdZLeEvXGGc=,gMnMm8p2Xz/tIVDACSOZUQYpWic=
-2,4,TGz8OT3q6pfWFSNEKdZLeEvXGGc=,gMnMm8p2Xz/tIVDACSOZUQYpWic=
-6,1,TGz8OT3q6pfWFSNEKdZLeEvXGGc=,gMnMm8p2Xz/tIVDACSOZUQYpWic=
-1,3,TGz8OT3q6pfWFSNEKdZLeEvXGGc=,gMnMm8p2Xz/tIVDACSOZUQYpWic=
-2,0,TGz8OT3q6pfWFSNEKdZLeEvXGGc=,gMnMm8p2Xz/tIVDACSOZUQYpWic=
-5,1,TGz8OT3q6pfWFSNEKdZLeEvXGGc=,gMnMm8p2Xz/tIVDACSOZUQYpWic=
-12,0,TGz8OT3q6pfWFSNEKdZLeEvXGGc=,gMnMm8p2Xz/tIVDACSOZUQYpWic=
-16,5,TGz8OT3q6pfWFSNEKdZLeEvXGGc=,gMnMm8p2Xz/tIVDACSOZUQYpWic=
-15,5,TGz8OT3q6pfWFSNEKdZLeEvXGGc=,gMnMm8p2Xz/tIVDACSOZUQYpWic=
-14,5,TGz8OT3q6pfWFSNEKdZLeEvXGGc=,gMnMm8p2Xz/tIVDACSOZUQYpWic=
-13,5,TGz8OT3q6pfWFSNEKdZLeEvXGGc=,gMnMm8p2Xz/tIVDACSOZUQYpWic=
-12,5,TGz8OT3q6pfWFSNEKdZLeEvXGGc=,gMnMm8p2Xz/tIVDACSOZUQYpWic=
-11,5,TGz8OT3q6pfWFSNEKdZLeEvXGGc=,gMnMm8p2Xz/tIVDACSOZUQYpWic=
-10,5,TGz8OT3q6pfWFSNEKdZLeEvXGGc=,gMnMm8p2Xz/tIVDACSOZUQYpWic=
-9,5,TGz8OT3q6pfWFSNEKdZLeEvXGGc=,gMnMm8p2Xz/tIVDACSOZUQYpWic=
-8,5,TGz8OT3q6pfWFSNEKdZLeEvXGGc=,gMnMm8p2Xz/tIVDACSOZUQYpWic=
-7,5,TGz8OT3q6pfWFSNEKdZLeEvXGGc=,gMnMm8p2Xz/tIVDACSOZUQYpWic=
-6,5,TGz8OT3q6pfWFSNEKdZLeEvXGGc=,gMnMm8p2Xz/tIVDACSOZUQYpWic=
-5,5,TGz8OT3q6pfWFSNEKdZLeEvXGGc=,gMnMm8p2Xz/tIVDACSOZUQYpWic=
-4,5,TGz8OT3q6pfWFSNEKdZLeEvXGGc=,gMnMm8p2Xz/tIVDACSOZUQYpWic=
-3,5,TGz8OT3q6pfWFSNEKdZLeEvXGGc=,gMnMm8p2Xz/tIVDACSOZUQYpWic=
-1,0,TGz8OT3q6pfWFSNEKdZLeEvXGGc=,gMnMm8p2Xz/tIVDACSOZUQYpWic=
-1,5,TGz8OT3q6pfWFSNEKdZLeEvXGGc=,gMnMm8p2Xz/tIVDACSOZUQYpWic=
-16,6,TGz8OT3q6pfWFSNEKdZLeEvXGGc=,gMnMm8p2Xz/tIVDACSOZUQYpWic=
-11,0,TGz8OT3q6pfWFSNEKdZLeEvXGGc=,gMnMm8p2Xz/tIVDACSOZUQYpWic=
-15,6,TGz8OT3q6pfWFSNEKdZLeEvXGGc=,gMnMm8p2Xz/tIVDACSOZUQYpWic=
-14,6,TGz8OT3q6pfWFSNEKdZLeEvXGGc=,gMnMm8p2Xz/tIVDACSOZUQYpWic=
-13,6,TGz8OT3q6pfWFSNEKdZLeEvXGGc=,gMnMm8p2Xz/tIVDACSOZUQYpWic=
-12,6,TGz8OT3q6pfWFSNEKdZLeEvXGGc=,gMnMm8p2Xz/tIVDACSOZUQYpWic=
-10,6,TGz8OT3q6pfWFSNEKdZLeEvXGGc=,gMnMm8p2Xz/tIVDACSOZUQYpWic=
-11,6,TGz8OT3q6pfWFSNEKdZLeEvXGGc=,gMnMm8p2Xz/tIVDACSOZUQYpWic=
-9,6,TGz8OT3q6pfWFSNEKdZLeEvXGGc=,gMnMm8p2Xz/tIVDACSOZUQYpWic=
-7,6,TGz8OT3q6pfWFSNEKdZLeEvXGGc=,gMnMm8p2Xz/tIVDACSOZUQYpWic=
-8,6,TGz8OT3q6pfWFSNEKdZLeEvXGGc=,gMnMm8p2Xz/tIVDACSOZUQYpWic=
-6,6,TGz8OT3q6pfWFSNEKdZLeEvXGGc=,gMnMm8p2Xz/tIVDACSOZUQYpWic=
-5,6,TGz8OT3q6pfWFSNEKdZLeEvXGGc=,gMnMm8p2Xz/tIVDACSOZUQYpWic=
-3,6,TGz8OT3q6pfWFSNEKdZLeEvXGGc=,gMnMm8p2Xz/tIVDACSOZUQYpWic=
-10,0,TGz8OT3q6pfWFSNEKdZLeEvXGGc=,gMnMm8p2Xz/tIVDACSOZUQYpWic=
-4,6,TGz8OT3q6pfWFSNEKdZLeEvXGGc=,gMnMm8p2Xz/tIVDACSOZUQYpWic=
-2,6,TGz8OT3q6pfWFSNEKdZLeEvXGGc=,gMnMm8p2Xz/tIVDACSOZUQYpWic=
-1,6,TGz8OT3q6pfWFSNEKdZLeEvXGGc=,gMnMm8p2Xz/tIVDACSOZUQYpWic=
-16,7,TGz8OT3q6pfWFSNEKdZLeEvXGGc=,gMnMm8p2Xz/tIVDACSOZUQYpWic=
-15,7,TGz8OT3q6pfWFSNEKdZLeEvXGGc=,gMnMm8p2Xz/tIVDACSOZUQYpWic=
-14,7,TGz8OT3q6pfWFSNEKdZLeEvXGGc=,gMnMm8p2Xz/tIVDACSOZUQYpWic=
-13,7,TGz8OT3q6pfWFSNEKdZLeEvXGGc=,gMnMm8p2Xz/tIVDACSOZUQYpWic=
-12,7,TGz8OT3q6pfWFSNEKdZLeEvXGGc=,gMnMm8p2Xz/tIVDACSOZUQYpWic=
-11,7,TGz8OT3q6pfWFSNEKdZLeEvXGGc=,gMnMm8p2Xz/tIVDACSOZUQYpWic=
-10,7,TGz8OT3q6pfWFSNEKdZLeEvXGGc=,gMnMm8p2Xz/tIVDACSOZUQYpWic=
-8,7,TGz8OT3q6pfWFSNEKdZLeEvXGGc=,gMnMm8p2Xz/tIVDACSOZUQYpWic=
-7,7,TGz8OT3q6pfWFSNEKdZLeEvXGGc=,gMnMm8p2Xz/tIVDACSOZUQYpWic=
-9,7,TGz8OT3q6pfWFSNEKdZLeEvXGGc=,gMnMm8p2Xz/tIVDACSOZUQYpWic=
-6,7,TGz8OT3q6pfWFSNEKdZLeEvXGGc=,gMnMm8p2Xz/tIVDACSOZUQYpWic=
-3,0,TGz8OT3q6pfWFSNEKdZLeEvXGGc=,gMnMm8p2Xz/tIVDACSOZUQYpWic=
-2,1,TGz8OT3q6pfWFSNEKdZLeEvXGGc=,gMnMm8p2Xz/tIVDACSOZUQYpWic=
-4,1,TGz8OT3q6pfWFSNEKdZLeEvXGGc=,gMnMm8p2Xz/tIVDACSOZUQYpWic=
-3,2,TGz8OT3q6pfWFSNEKdZLeEvXGGc=,gMnMm8p2Xz/tIVDACSOZUQYpWic=
-1,4,TGz8OT3q6pfWFSNEKdZLeEvXGGc=,gMnMm8p2Xz/tIVDACSOZUQYpWic=
-4,2,TGz8OT3q6pfWFSNEKdZLeEvXGGc=,gMnMm8p2Xz/tIVDACSOZUQYpWic=
-3,3,TGz8OT3q6pfWFSNEKdZLeEvXGGc=,gMnMm8p2Xz/tIVDACSOZUQYpWic=
-4,3,TGz8OT3q6pfWFSNEKdZLeEvXGGc=,gMnMm8p2Xz/tIVDACSOZUQYpWic=
-2,5,TGz8OT3q6pfWFSNEKdZLeEvXGGc=,gMnMm8p2Xz/tIVDACSOZUQYpWic=
-2,3,TGz8OT3q6pfWFSNEKdZLeEvXGGc=,gMnMm8p2Xz/tIVDACSOZUQYpWic=
-3,1,TGz8OT3q6pfWFSNEKdZLeEvXGGc=,gMnMm8p2Xz/tIVDACSOZUQYpWic=
-31,16,TGz8OT3q6pfWFSNEKdZLeEvXGGc=,gMnMm8p2Xz/tIVDACSOZUQYpWic=
-29,17,TGz8OT3q6pfWFSNEKdZLeEvXGGc=,gMnMm8p2Xz/tIVDACSOZUQYpWic=
-30,17,TGz8OT3q6pfWFSNEKdZLeEvXGGc=,gMnMm8p2Xz/tIVDACSOZUQYpWic=
-28,17,TGz8OT3q6pfWFSNEKdZLeEvXGGc=,gMnMm8p2Xz/tIVDACSOZUQYpWic=
-31,17,TGz8OT3q6pfWFSNEKdZLeEvXGGc=,gMnMm8p2Xz/tIVDACSOZUQYpWic=
-26,17,TGz8OT3q6pfWFSNEKdZLeEvXGGc=,gMnMm8p2Xz/tIVDACSOZUQYpWic=
-17,31,TGz8OT3q6pfWFSNEKdZLeEvXGGc=,gMnMm8p2Xz/tIVDACSOZUQYpWic=
-27,17,TGz8OT3q6pfWFSNEKdZLeEvXGGc=,gMnMm8p2Xz/tIVDACSOZUQYpWic=
-18,31,TGz8OT3q6pfWFSNEKdZLeEvXGGc=,gMnMm8p2Xz/tIVDACSOZUQYpWic=
-24,17,TGz8OT3q6pfWFSNEKdZLeEvXGGc=,gMnMm8p2Xz/tIVDACSOZUQYpWic=
-25,17,TGz8OT3q6pfWFSNEKdZLeEvXGGc=,gMnMm8p2Xz/tIVDACSOZUQYpWic=
-19,31,TGz8OT3q6pfWFSNEKdZLeEvXGGc=,gMnMm8p2Xz/tIVDACSOZUQYpWic=
-23,17,TGz8OT3q6pfWFSNEKdZLeEvXGGc=,gMnMm8p2Xz/tIVDACSOZUQYpWic=
-21,17,TGz8OT3q6pfWFSNEKdZLeEvXGGc=,gMnMm8p2Xz/tIVDACSOZUQYpWic=
-22,17,TGz8OT3q6pfWFSNEKdZLeEvXGGc=,gMnMm8p2Xz/tIVDACSOZUQYpWic=
-20,31,TGz8OT3q6pfWFSNEKdZLeEvXGGc=,gMnMm8p2Xz/tIVDACSOZUQYpWic=
-21,31,TGz8OT3q6pfWFSNEKdZLeEvXGGc=,gMnMm8p2Xz/tIVDACSOZUQYpWic=
-22,31,TGz8OT3q6pfWFSNEKdZLeEvXGGc=,gMnMm8p2Xz/tIVDACSOZUQYpWic=
-23,31,TGz8OT3q6pfWFSNEKdZLeEvXGGc=,gMnMm8p2Xz/tIVDACSOZUQYpWic=
-20,17,TGz8OT3q6pfWFSNEKdZLeEvXGGc=,gMnMm8p2Xz/tIVDACSOZUQYpWic=
-24,31,TGz8OT3q6pfWFSNEKdZLeEvXGGc=,gMnMm8p2Xz/tIVDACSOZUQYpWic=
-25,31,TGz8OT3q6pfWFSNEKdZLeEvXGGc=,gMnMm8p2Xz/tIVDACSOZUQYpWic=
-19,17,TGz8OT3q6pfWFSNEKdZLeEvXGGc=,gMnMm8p2Xz/tIVDACSOZUQYpWic=
-27,31,TGz8OT3q6pfWFSNEKdZLeEvXGGc=,gMnMm8p2Xz/tIVDACSOZUQYpWic=
-26,31,TGz8OT3q6pfWFSNEKdZLeEvXGGc=,gMnMm8p2Xz/tIVDACSOZUQYpWic=
-28,31,TGz8OT3q6pfWFSNEKdZLeEvXGGc=,gMnMm8p2Xz/tIVDACSOZUQYpWic=
-29,31,TGz8OT3q6pfWFSNEKdZLeEvXGGc=,gMnMm8p2Xz/tIVDACSOZUQYpWic=
-30,31,TGz8OT3q6pfWFSNEKdZLeEvXGGc=,gMnMm8p2Xz/tIVDACSOZUQYpWic=
-17,17,TGz8OT3q6pfWFSNEKdZLeEvXGGc=,gMnMm8p2Xz/tIVDACSOZUQYpWic=
-31,31,TGz8OT3q6pfWFSNEKdZLeEvXGGc=,gMnMm8p2Xz/tIVDACSOZUQYpWic=
-32,18,TGz8OT3q6pfWFSNEKdZLeEvXGGc=,gMnMm8p2Xz/tIVDACSOZUQYpWic=
-32,31,TGz8OT3q6pfWFSNEKdZLeEvXGGc=,gMnMm8p2Xz/tIVDACSOZUQYpWic=
-18,17,TGz8OT3q6pfWFSNEKdZLeEvXGGc=,gMnMm8p2Xz/tIVDACSOZUQYpWic=
-32,17,TGz8OT3q6pfWFSNEKdZLeEvXGGc=,gMnMm8p2Xz/tIVDACSOZUQYpWic=
-30,16,TGz8OT3q6pfWFSNEKdZLeEvXGGc=,gMnMm8p2Xz/tIVDACSOZUQYpWic=
-31,18,TGz8OT3q6pfWFSNEKdZLeEvXGGc=,gMnMm8p2Xz/tIVDACSOZUQYpWic=
-17,16,TGz8OT3q6pfWFSNEKdZLeEvXGGc=,gMnMm8p2Xz/tIVDACSOZUQYpWic=
-18,30,TGz8OT3q6pfWFSNEKdZLeEvXGGc=,gMnMm8p2Xz/tIVDACSOZUQYpWic=
-29,18,TGz8OT3q6pfWFSNEKdZLeEvXGGc=,gMnMm8p2Xz/tIVDACSOZUQYpWic=
-30,18,TGz8OT3q6pfWFSNEKdZLeEvXGGc=,gMnMm8p2Xz/tIVDACSOZUQYpWic=
-20,30,TGz8OT3q6pfWFSNEKdZLeEvXGGc=,gMnMm8p2Xz/tIVDACSOZUQYpWic=
-19,30,TGz8OT3q6pfWFSNEKdZLeEvXGGc=,gMnMm8p2Xz/tIVDACSOZUQYpWic=
-28,18,TGz8OT3q6pfWFSNEKdZLeEvXGGc=,gMnMm8p2Xz/tIVDACSOZUQYpWic=
-27,18,TGz8OT3q6pfWFSNEKdZLeEvXGGc=,gMnMm8p2Xz/tIVDACSOZUQYpWic=
-26,18,TGz8OT3q6pfWFSNEKdZLeEvXGGc=,gMnMm8p2Xz/tIVDACSOZUQYpWic=
-21,30,TGz8OT3q6pfWFSNEKdZLeEvXGGc=,gMnMm8p2Xz/tIVDACSOZUQYpWic=
-17,30,TGz8OT3q6pfWFSNEKdZLeEvXGGc=,gMnMm8p2Xz/tIVDACSOZUQYpWic=
-25,18,TGz8OT3q6pfWFSNEKdZLeEvXGGc=,gMnMm8p2Xz/tIVDACSOZUQYpWic=
-22,30,TGz8OT3q6pfWFSNEKdZLeEvXGGc=,gMnMm8p2Xz/tIVDACSOZUQYpWic=
-24,18,TGz8OT3q6pfWFSNEKdZLeEvXGGc=,gMnMm8p2Xz/tIVDACSOZUQYpWic=
-24,30,TGz8OT3q6pfWFSNEKdZLeEvXGGc=,gMnMm8p2Xz/tIVDACSOZUQYpWic=
-23,18,TGz8OT3q6pfWFSNEKdZLeEvXGGc=,gMnMm8p2Xz/tIVDACSOZUQYpWic=
-23,30,TGz8OT3q6pfWFSNEKdZLeEvXGGc=,gMnMm8p2Xz/tIVDACSOZUQYpWic=
-22,18,TGz8OT3q6pfWFSNEKdZLeEvXGGc=,gMnMm8p2Xz/tIVDACSOZUQYpWic=
-21,18,TGz8OT3q6pfWFSNEKdZLeEvXGGc=,gMnMm8p2Xz/tIVDACSOZUQYpWic=
-27,30,TGz8OT3q6pfWFSNEKdZLeEvXGGc=,gMnMm8p2Xz/tIVDACSOZUQYpWic=
-20,18,TGz8OT3q6pfWFSNEKdZLeEvXGGc=,gMnMm8p2Xz/tIVDACSOZUQYpWic=
-25,30,TGz8OT3q6pfWFSNEKdZLeEvXGGc=,gMnMm8p2Xz/tIVDACSOZUQYpWic=
-28,30,TGz8OT3q6pfWFSNEKdZLeEvXGGc=,gMnMm8p2Xz/tIVDACSOZUQYpWic=
-19,18,TGz8OT3q6pfWFSNEKdZLeEvXGGc=,gMnMm8p2Xz/tIVDACSOZUQYpWic=
-29,30,TGz8OT3q6pfWFSNEKdZLeEvXGGc=,gMnMm8p2Xz/tIVDACSOZUQYpWic=
-18,18,TGz8OT3q6pfWFSNEKdZLeEvXGGc=,gMnMm8p2Xz/tIVDACSOZUQYpWic=
-30,30,TGz8OT3q6pfWFSNEKdZLeEvXGGc=,gMnMm8p2Xz/tIVDACSOZUQYpWic=
-26,30,TGz8OT3q6pfWFSNEKdZLeEvXGGc=,gMnMm8p2Xz/tIVDACSOZUQYpWic=
-17,18,TGz8OT3q6pfWFSNEKdZLeEvXGGc=,gMnMm8p2Xz/tIVDACSOZUQYpWic=
-32,16,TGz8OT3q6pfWFSNEKdZLeEvXGGc=,gMnMm8p2Xz/tIVDACSOZUQYpWic=
-29,16,TGz8OT3q6pfWFSNEKdZLeEvXGGc=,gMnMm8p2Xz/tIVDACSOZUQYpWic=
-31,30,TGz8OT3q6pfWFSNEKdZLeEvXGGc=,gMnMm8p2Xz/tIVDACSOZUQYpWic=
-32,19,TGz8OT3q6pfWFSNEKdZLeEvXGGc=,gMnMm8p2Xz/tIVDACSOZUQYpWic=
-17,29,TGz8OT3q6pfWFSNEKdZLeEvXGGc=,gMnMm8p2Xz/tIVDACSOZUQYpWic=
-18,29,TGz8OT3q6pfWFSNEKdZLeEvXGGc=,gMnMm8p2Xz/tIVDACSOZUQYpWic=
-32,30,TGz8OT3q6pfWFSNEKdZLeEvXGGc=,gMnMm8p2Xz/tIVDACSOZUQYpWic=
-20,29,TGz8OT3q6pfWFSNEKdZLeEvXGGc=,gMnMm8p2Xz/tIVDACSOZUQYpWic=
-30,19,TGz8OT3q6pfWFSNEKdZLeEvXGGc=,gMnMm8p2Xz/tIVDACSOZUQYpWic=
-21,29,TGz8OT3q6pfWFSNEKdZLeEvXGGc=,gMnMm8p2Xz/tIVDACSOZUQYpWic=
-22,29,TGz8OT3q6pfWFSNEKdZLeEvXGGc=,gMnMm8p2Xz/tIVDACSOZUQYpWic=
-19,29,TGz8OT3q6pfWFSNEKdZLeEvXGGc=,gMnMm8p2Xz/tIVDACSOZUQYpWic=
-29,19,TGz8OT3q6pfWFSNEKdZLeEvXGGc=,gMnMm8p2Xz/tIVDACSOZUQYpWic=
-31,19,TGz8OT3q6pfWFSNEKdZLeEvXGGc=,gMnMm8p2Xz/tIVDACSOZUQYpWic=
-23,29,TGz8OT3q6pfWFSNEKdZLeEvXGGc=,gMnMm8p2Xz/tIVDACSOZUQYpWic=
-24,29,TGz8OT3q6pfWFSNEKdZLeEvXGGc=,gMnMm8p2Xz/tIVDACSOZUQYpWic=
-28,19,TGz8OT3q6pfWFSNEKdZLeEvXGGc=,gMnMm8p2Xz/tIVDACSOZUQYpWic=
-26,29,TGz8OT3q6pfWFSNEKdZLeEvXGGc=,gMnMm8p2Xz/tIVDACSOZUQYpWic=
-27,29,TGz8OT3q6pfWFSNEKdZLeEvXGGc=,gMnMm8p2Xz/tIVDACSOZUQYpWic=
-27,19,TGz8OT3q6pfWFSNEKdZLeEvXGGc=,gMnMm8p2Xz/tIVDACSOZUQYpWic=
-26,19,TGz8OT3q6pfWFSNEKdZLeEvXGGc=,gMnMm8p2Xz/tIVDACSOZUQYpWic=
-28,29,TGz8OT3q6pfWFSNEKdZLeEvXGGc=,gMnMm8p2Xz/tIVDACSOZUQYpWic=
-25,19,TGz8OT3q6pfWFSNEKdZLeEvXGGc=,gMnMm8p2Xz/tIVDACSOZUQYpWic=
-29,29,TGz8OT3q6pfWFSNEKdZLeEvXGGc=,gMnMm8p2Xz/tIVDACSOZUQYpWic=
-30,29,TGz8OT3q6pfWFSNEKdZLeEvXGGc=,gMnMm8p2Xz/tIVDACSOZUQYpWic=
-31,29,TGz8OT3q6pfWFSNEKdZLeEvXGGc=,gMnMm8p2Xz/tIVDACSOZUQYpWic=
-23,19,TGz8OT3q6pfWFSNEKdZLeEvXGGc=,gMnMm8p2Xz/tIVDACSOZUQYpWic=
-17,28,TGz8OT3q6pfWFSNEKdZLeEvXGGc=,gMnMm8p2Xz/tIVDACSOZUQYpWic=
-22,19,TGz8OT3q6pfWFSNEKdZLeEvXGGc=,gMnMm8p2Xz/tIVDACSOZUQYpWic=
-19,28,TGz8OT3q6pfWFSNEKdZLeEvXGGc=,gMnMm8p2Xz/tIVDACSOZUQYpWic=
-18,16,TGz8OT3q6pfWFSNEKdZLeEvXGGc=,gMnMm8p2Xz/tIVDACSOZUQYpWic=
-32,29,TGz8OT3q6pfWFSNEKdZLeEvXGGc=,gMnMm8p2Xz/tIVDACSOZUQYpWic=
-24,19,TGz8OT3q6pfWFSNEKdZLeEvXGGc=,gMnMm8p2Xz/tIVDACSOZUQYpWic=
-25,29,TGz8OT3q6pfWFSNEKdZLeEvXGGc=,gMnMm8p2Xz/tIVDACSOZUQYpWic=
-21,19,TGz8OT3q6pfWFSNEKdZLeEvXGGc=,gMnMm8p2Xz/tIVDACSOZUQYpWic=
-20,28,TGz8OT3q6pfWFSNEKdZLeEvXGGc=,gMnMm8p2Xz/tIVDACSOZUQYpWic=
-20,19,TGz8OT3q6pfWFSNEKdZLeEvXGGc=,gMnMm8p2Xz/tIVDACSOZUQYpWic=
-21,28,TGz8OT3q6pfWFSNEKdZLeEvXGGc=,gMnMm8p2Xz/tIVDACSOZUQYpWic=
-23,28,TGz8OT3q6pfWFSNEKdZLeEvXGGc=,gMnMm8p2Xz/tIVDACSOZUQYpWic=
-19,19,TGz8OT3q6pfWFSNEKdZLeEvXGGc=,gMnMm8p2Xz/tIVDACSOZUQYpWic=
-25,28,TGz8OT3q6pfWFSNEKdZLeEvXGGc=,gMnMm8p2Xz/tIVDACSOZUQYpWic=
-24,28,TGz8OT3q6pfWFSNEKdZLeEvXGGc=,gMnMm8p2Xz/tIVDACSOZUQYpWic=
-18,19,TGz8OT3q6pfWFSNEKdZLeEvXGGc=,gMnMm8p2Xz/tIVDACSOZUQYpWic=
-26,28,TGz8OT3q6pfWFSNEKdZLeEvXGGc=,gMnMm8p2Xz/tIVDACSOZUQYpWic=
-18,28,TGz8OT3q6pfWFSNEKdZLeEvXGGc=,gMnMm8p2Xz/tIVDACSOZUQYpWic=
-28,28,TGz8OT3q6pfWFSNEKdZLeEvXGGc=,gMnMm8p2Xz/tIVDACSOZUQYpWic=
-19,16,TGz8OT3q6pfWFSNEKdZLeEvXGGc=,gMnMm8p2Xz/tIVDACSOZUQYpWic=
-28,16,TGz8OT3q6pfWFSNEKdZLeEvXGGc=,gMnMm8p2Xz/tIVDACSOZUQYpWic=
-22,28,TGz8OT3q6pfWFSNEKdZLeEvXGGc=,gMnMm8p2Xz/tIVDACSOZUQYpWic=
-29,28,TGz8OT3q6pfWFSNEKdZLeEvXGGc=,gMnMm8p2Xz/tIVDACSOZUQYpWic=
-27,28,TGz8OT3q6pfWFSNEKdZLeEvXGGc=,gMnMm8p2Xz/tIVDACSOZUQYpWic=
-17,19,TGz8OT3q6pfWFSNEKdZLeEvXGGc=,gMnMm8p2Xz/tIVDACSOZUQYpWic=
-31,28,TGz8OT3q6pfWFSNEKdZLeEvXGGc=,gMnMm8p2Xz/tIVDACSOZUQYpWic=
-32,20,TGz8OT3q6pfWFSNEKdZLeEvXGGc=,gMnMm8p2Xz/tIVDACSOZUQYpWic=
-32,28,TGz8OT3q6pfWFSNEKdZLeEvXGGc=,gMnMm8p2Xz/tIVDACSOZUQYpWic=
-21,27,TGz8OT3q6pfWFSNEKdZLeEvXGGc=,gMnMm8p2Xz/tIVDACSOZUQYpWic=
-30,28,TGz8OT3q6pfWFSNEKdZLeEvXGGc=,gMnMm8p2Xz/tIVDACSOZUQYpWic=
-17,27,TGz8OT3q6pfWFSNEKdZLeEvXGGc=,gMnMm8p2Xz/tIVDACSOZUQYpWic=
-20,27,TGz8OT3q6pfWFSNEKdZLeEvXGGc=,gMnMm8p2Xz/tIVDACSOZUQYpWic=
-19,27,TGz8OT3q6pfWFSNEKdZLeEvXGGc=,gMnMm8p2Xz/tIVDACSOZUQYpWic=
-22,27,TGz8OT3q6pfWFSNEKdZLeEvXGGc=,gMnMm8p2Xz/tIVDACSOZUQYpWic=
-23,27,TGz8OT3q6pfWFSNEKdZLeEvXGGc=,gMnMm8p2Xz/tIVDACSOZUQYpWic=
-25,27,TGz8OT3q6pfWFSNEKdZLeEvXGGc=,gMnMm8p2Xz/tIVDACSOZUQYpWic=
-18,27,TGz8OT3q6pfWFSNEKdZLeEvXGGc=,gMnMm8p2Xz/tIVDACSOZUQYpWic=
-20,16,TGz8OT3q6pfWFSNEKdZLeEvXGGc=,gMnMm8p2Xz/tIVDACSOZUQYpWic=
-30,20,TGz8OT3q6pfWFSNEKdZLeEvXGGc=,gMnMm8p2Xz/tIVDACSOZUQYpWic=
-31,20,TGz8OT3q6pfWFSNEKdZLeEvXGGc=,gMnMm8p2Xz/tIVDACSOZUQYpWic=
-28,27,TGz8OT3q6pfWFSNEKdZLeEvXGGc=,gMnMm8p2Xz/tIVDACSOZUQYpWic=
-26,27,TGz8OT3q6pfWFSNEKdZLeEvXGGc=,gMnMm8p2Xz/tIVDACSOZUQYpWic=
-29,27,TGz8OT3q6pfWFSNEKdZLeEvXGGc=,gMnMm8p2Xz/tIVDACSOZUQYpWic=
-30,27,TGz8OT3q6pfWFSNEKdZLeEvXGGc=,gMnMm8p2Xz/tIVDACSOZUQYpWic=
-29,20,TGz8OT3q6pfWFSNEKdZLeEvXGGc=,gMnMm8p2Xz/tIVDACSOZUQYpWic=
-32,27,TGz8OT3q6pfWFSNEKdZLeEvXGGc=,gMnMm8p2Xz/tIVDACSOZUQYpWic=
-31,27,TGz8OT3q6pfWFSNEKdZLeEvXGGc=,gMnMm8p2Xz/tIVDACSOZUQYpWic=
-18,26,TGz8OT3q6pfWFSNEKdZLeEvXGGc=,gMnMm8p2Xz/tIVDACSOZUQYpWic=
-24,27,TGz8OT3q6pfWFSNEKdZLeEvXGGc=,gMnMm8p2Xz/tIVDACSOZUQYpWic=
-19,26,TGz8OT3q6pfWFSNEKdZLeEvXGGc=,gMnMm8p2Xz/tIVDACSOZUQYpWic=
-27,27,TGz8OT3q6pfWFSNEKdZLeEvXGGc=,gMnMm8p2Xz/tIVDACSOZUQYpWic=
-28,20,TGz8OT3q6pfWFSNEKdZLeEvXGGc=,gMnMm8p2Xz/tIVDACSOZUQYpWic=
-20,26,TGz8OT3q6pfWFSNEKdZLeEvXGGc=,gMnMm8p2Xz/tIVDACSOZUQYpWic=
-17,26,TGz8OT3q6pfWFSNEKdZLeEvXGGc=,gMnMm8p2Xz/tIVDACSOZUQYpWic=
-23,26,TGz8OT3q6pfWFSNEKdZLeEvXGGc=,gMnMm8p2Xz/tIVDACSOZUQYpWic=
-24,26,TGz8OT3q6pfWFSNEKdZLeEvXGGc=,gMnMm8p2Xz/tIVDACSOZUQYpWic=
-21,26,TGz8OT3q6pfWFSNEKdZLeEvXGGc=,gMnMm8p2Xz/tIVDACSOZUQYpWic=
-21,16,TGz8OT3q6pfWFSNEKdZLeEvXGGc=,gMnMm8p2Xz/tIVDACSOZUQYpWic=
-22,26,TGz8OT3q6pfWFSNEKdZLeEvXGGc=,gMnMm8p2Xz/tIVDACSOZUQYpWic=
-25,26,TGz8OT3q6pfWFSNEKdZLeEvXGGc=,gMnMm8p2Xz/tIVDACSOZUQYpWic=
-26,26,TGz8OT3q6pfWFSNEKdZLeEvXGGc=,gMnMm8p2Xz/tIVDACSOZUQYpWic=
-27,20,TGz8OT3q6pfWFSNEKdZLeEvXGGc=,gMnMm8p2Xz/tIVDACSOZUQYpWic=
-29,26,TGz8OT3q6pfWFSNEKdZLeEvXGGc=,gMnMm8p2Xz/tIVDACSOZUQYpWic=
-31,26,TGz8OT3q6pfWFSNEKdZLeEvXGGc=,gMnMm8p2Xz/tIVDACSOZUQYpWic=
-32,26,TGz8OT3q6pfWFSNEKdZLeEvXGGc=,gMnMm8p2Xz/tIVDACSOZUQYpWic=
-28,26,TGz8OT3q6pfWFSNEKdZLeEvXGGc=,gMnMm8p2Xz/tIVDACSOZUQYpWic=
-19,25,TGz8OT3q6pfWFSNEKdZLeEvXGGc=,gMnMm8p2Xz/tIVDACSOZUQYpWic=
-26,20,TGz8OT3q6pfWFSNEKdZLeEvXGGc=,gMnMm8p2Xz/tIVDACSOZUQYpWic=
-20,25,TGz8OT3q6pfWFSNEKdZLeEvXGGc=,gMnMm8p2Xz/tIVDACSOZUQYpWic=
-17,25,TGz8OT3q6pfWFSNEKdZLeEvXGGc=,gMnMm8p2Xz/tIVDACSOZUQYpWic=
-21,25,TGz8OT3q6pfWFSNEKdZLeEvXGGc=,gMnMm8p2Xz/tIVDACSOZUQYpWic=
-22,25,TGz8OT3q6pfWFSNEKdZLeEvXGGc=,gMnMm8p2Xz/tIVDACSOZUQYpWic=
-23,25,TGz8OT3q6pfWFSNEKdZLeEvXGGc=,gMnMm8p2Xz/tIVDACSOZUQYpWic=
-26,25,TGz8OT3q6pfWFSNEKdZLeEvXGGc=,gMnMm8p2Xz/tIVDACSOZUQYpWic=
-24,25,TGz8OT3q6pfWFSNEKdZLeEvXGGc=,gMnMm8p2Xz/tIVDACSOZUQYpWic=
-18,25,TGz8OT3q6pfWFSNEKdZLeEvXGGc=,gMnMm8p2Xz/tIVDACSOZUQYpWic=
-25,25,TGz8OT3q6pfWFSNEKdZLeEvXGGc=,gMnMm8p2Xz/tIVDACSOZUQYpWic=
-25,20,TGz8OT3q6pfWFSNEKdZLeEvXGGc=,gMnMm8p2Xz/tIVDACSOZUQYpWic=
-27,25,TGz8OT3q6pfWFSNEKdZLeEvXGGc=,gMnMm8p2Xz/tIVDACSOZUQYpWic=
-22,16,TGz8OT3q6pfWFSNEKdZLeEvXGGc=,gMnMm8p2Xz/tIVDACSOZUQYpWic=
-28,25,TGz8OT3q6pfWFSNEKdZLeEvXGGc=,gMnMm8p2Xz/tIVDACSOZUQYpWic=
-29,25,TGz8OT3q6pfWFSNEKdZLeEvXGGc=,gMnMm8p2Xz/tIVDACSOZUQYpWic=
-30,25,TGz8OT3q6pfWFSNEKdZLeEvXGGc=,gMnMm8p2Xz/tIVDACSOZUQYpWic=
-31,25,TGz8OT3q6pfWFSNEKdZLeEvXGGc=,gMnMm8p2Xz/tIVDACSOZUQYpWic=
-27,26,TGz8OT3q6pfWFSNEKdZLeEvXGGc=,gMnMm8p2Xz/tIVDACSOZUQYpWic=
-17,24,TGz8OT3q6pfWFSNEKdZLeEvXGGc=,gMnMm8p2Xz/tIVDACSOZUQYpWic=
-32,25,TGz8OT3q6pfWFSNEKdZLeEvXGGc=,gMnMm8p2Xz/tIVDACSOZUQYpWic=
-19,24,TGz8OT3q6pfWFSNEKdZLeEvXGGc=,gMnMm8p2Xz/tIVDACSOZUQYpWic=
-24,20,TGz8OT3q6pfWFSNEKdZLeEvXGGc=,gMnMm8p2Xz/tIVDACSOZUQYpWic=
-21,24,TGz8OT3q6pfWFSNEKdZLeEvXGGc=,gMnMm8p2Xz/tIVDACSOZUQYpWic=
-18,24,TGz8OT3q6pfWFSNEKdZLeEvXGGc=,gMnMm8p2Xz/tIVDACSOZUQYpWic=
-22,24,TGz8OT3q6pfWFSNEKdZLeEvXGGc=,gMnMm8p2Xz/tIVDACSOZUQYpWic=
-20,24,TGz8OT3q6pfWFSNEKdZLeEvXGGc=,gMnMm8p2Xz/tIVDACSOZUQYpWic=
-23,16,TGz8OT3q6pfWFSNEKdZLeEvXGGc=,gMnMm8p2Xz/tIVDACSOZUQYpWic=
-23,24,TGz8OT3q6pfWFSNEKdZLeEvXGGc=,gMnMm8p2Xz/tIVDACSOZUQYpWic=
-24,24,TGz8OT3q6pfWFSNEKdZLeEvXGGc=,gMnMm8p2Xz/tIVDACSOZUQYpWic=
-25,24,TGz8OT3q6pfWFSNEKdZLeEvXGGc=,gMnMm8p2Xz/tIVDACSOZUQYpWic=
-23,20,TGz8OT3q6pfWFSNEKdZLeEvXGGc=,gMnMm8p2Xz/tIVDACSOZUQYpWic=
-26,24,TGz8OT3q6pfWFSNEKdZLeEvXGGc=,gMnMm8p2Xz/tIVDACSOZUQYpWic=
-27,24,TGz8OT3q6pfWFSNEKdZLeEvXGGc=,gMnMm8p2Xz/tIVDACSOZUQYpWic=
-30,26,TGz8OT3q6pfWFSNEKdZLeEvXGGc=,gMnMm8p2Xz/tIVDACSOZUQYpWic=
-28,24,TGz8OT3q6pfWFSNEKdZLeEvXGGc=,gMnMm8p2Xz/tIVDACSOZUQYpWic=
-30,24,TGz8OT3q6pfWFSNEKdZLeEvXGGc=,gMnMm8p2Xz/tIVDACSOZUQYpWic=
-29,24,TGz8OT3q6pfWFSNEKdZLeEvXGGc=,gMnMm8p2Xz/tIVDACSOZUQYpWic=
-31,24,TGz8OT3q6pfWFSNEKdZLeEvXGGc=,gMnMm8p2Xz/tIVDACSOZUQYpWic=
-32,24,TGz8OT3q6pfWFSNEKdZLeEvXGGc=,gMnMm8p2Xz/tIVDACSOZUQYpWic=
-19,23,TGz8OT3q6pfWFSNEKdZLeEvXGGc=,gMnMm8p2Xz/tIVDACSOZUQYpWic=
-20,23,TGz8OT3q6pfWFSNEKdZLeEvXGGc=,gMnMm8p2Xz/tIVDACSOZUQYpWic=
-18,23,TGz8OT3q6pfWFSNEKdZLeEvXGGc=,gMnMm8p2Xz/tIVDACSOZUQYpWic=
-22,20,TGz8OT3q6pfWFSNEKdZLeEvXGGc=,gMnMm8p2Xz/tIVDACSOZUQYpWic=
-17,23,TGz8OT3q6pfWFSNEKdZLeEvXGGc=,gMnMm8p2Xz/tIVDACSOZUQYpWic=
-24,16,TGz8OT3q6pfWFSNEKdZLeEvXGGc=,gMnMm8p2Xz/tIVDACSOZUQYpWic=
-21,23,TGz8OT3q6pfWFSNEKdZLeEvXGGc=,gMnMm8p2Xz/tIVDACSOZUQYpWic=
-23,23,TGz8OT3q6pfWFSNEKdZLeEvXGGc=,gMnMm8p2Xz/tIVDACSOZUQYpWic=
-22,23,TGz8OT3q6pfWFSNEKdZLeEvXGGc=,gMnMm8p2Xz/tIVDACSOZUQYpWic=
-24,23,TGz8OT3q6pfWFSNEKdZLeEvXGGc=,gMnMm8p2Xz/tIVDACSOZUQYpWic=
-25,23,TGz8OT3q6pfWFSNEKdZLeEvXGGc=,gMnMm8p2Xz/tIVDACSOZUQYpWic=
-21,20,TGz8OT3q6pfWFSNEKdZLeEvXGGc=,gMnMm8p2Xz/tIVDACSOZUQYpWic=
-27,23,TGz8OT3q6pfWFSNEKdZLeEvXGGc=,gMnMm8p2Xz/tIVDACSOZUQYpWic=
-28,23,TGz8OT3q6pfWFSNEKdZLeEvXGGc=,gMnMm8p2Xz/tIVDACSOZUQYpWic=
-31,23,TGz8OT3q6pfWFSNEKdZLeEvXGGc=,gMnMm8p2Xz/tIVDACSOZUQYpWic=
-29,23,TGz8OT3q6pfWFSNEKdZLeEvXGGc=,gMnMm8p2Xz/tIVDACSOZUQYpWic=
-30,23,TGz8OT3q6pfWFSNEKdZLeEvXGGc=,gMnMm8p2Xz/tIVDACSOZUQYpWic=
-18,22,TGz8OT3q6pfWFSNEKdZLeEvXGGc=,gMnMm8p2Xz/tIVDACSOZUQYpWic=
-19,22,TGz8OT3q6pfWFSNEKdZLeEvXGGc=,gMnMm8p2Xz/tIVDACSOZUQYpWic=
-20,20,TGz8OT3q6pfWFSNEKdZLeEvXGGc=,gMnMm8p2Xz/tIVDACSOZUQYpWic=
-17,22,TGz8OT3q6pfWFSNEKdZLeEvXGGc=,gMnMm8p2Xz/tIVDACSOZUQYpWic=
-21,22,TGz8OT3q6pfWFSNEKdZLeEvXGGc=,gMnMm8p2Xz/tIVDACSOZUQYpWic=
-26,23,TGz8OT3q6pfWFSNEKdZLeEvXGGc=,gMnMm8p2Xz/tIVDACSOZUQYpWic=
-25,16,TGz8OT3q6pfWFSNEKdZLeEvXGGc=,gMnMm8p2Xz/tIVDACSOZUQYpWic=
-26,22,TGz8OT3q6pfWFSNEKdZLeEvXGGc=,gMnMm8p2Xz/tIVDACSOZUQYpWic=
-25,22,TGz8OT3q6pfWFSNEKdZLeEvXGGc=,gMnMm8p2Xz/tIVDACSOZUQYpWic=
-24,22,TGz8OT3q6pfWFSNEKdZLeEvXGGc=,gMnMm8p2Xz/tIVDACSOZUQYpWic=
-32,23,TGz8OT3q6pfWFSNEKdZLeEvXGGc=,gMnMm8p2Xz/tIVDACSOZUQYpWic=
-20,22,TGz8OT3q6pfWFSNEKdZLeEvXGGc=,gMnMm8p2Xz/tIVDACSOZUQYpWic=
-23,22,TGz8OT3q6pfWFSNEKdZLeEvXGGc=,gMnMm8p2Xz/tIVDACSOZUQYpWic=
-27,22,TGz8OT3q6pfWFSNEKdZLeEvXGGc=,gMnMm8p2Xz/tIVDACSOZUQYpWic=
-22,22,TGz8OT3q6pfWFSNEKdZLeEvXGGc=,gMnMm8p2Xz/tIVDACSOZUQYpWic=
-19,20,TGz8OT3q6pfWFSNEKdZLeEvXGGc=,gMnMm8p2Xz/tIVDACSOZUQYpWic=
-30,22,TGz8OT3q6pfWFSNEKdZLeEvXGGc=,gMnMm8p2Xz/tIVDACSOZUQYpWic=
-29,22,TGz8OT3q6pfWFSNEKdZLeEvXGGc=,gMnMm8p2Xz/tIVDACSOZUQYpWic=
-28,22,TGz8OT3q6pfWFSNEKdZLeEvXGGc=,gMnMm8p2Xz/tIVDACSOZUQYpWic=
-31,22,TGz8OT3q6pfWFSNEKdZLeEvXGGc=,gMnMm8p2Xz/tIVDACSOZUQYpWic=
-17,21,TGz8OT3q6pfWFSNEKdZLeEvXGGc=,gMnMm8p2Xz/tIVDACSOZUQYpWic=
-32,22,TGz8OT3q6pfWFSNEKdZLeEvXGGc=,gMnMm8p2Xz/tIVDACSOZUQYpWic=
-19,21,TGz8OT3q6pfWFSNEKdZLeEvXGGc=,gMnMm8p2Xz/tIVDACSOZUQYpWic=
-18,21,TGz8OT3q6pfWFSNEKdZLeEvXGGc=,gMnMm8p2Xz/tIVDACSOZUQYpWic=
-26,16,TGz8OT3q6pfWFSNEKdZLeEvXGGc=,gMnMm8p2Xz/tIVDACSOZUQYpWic=
-27,16,TGz8OT3q6pfWFSNEKdZLeEvXGGc=,gMnMm8p2Xz/tIVDACSOZUQYpWic=
-20,21,TGz8OT3q6pfWFSNEKdZLeEvXGGc=,gMnMm8p2Xz/tIVDACSOZUQYpWic=
-22,21,TGz8OT3q6pfWFSNEKdZLeEvXGGc=,gMnMm8p2Xz/tIVDACSOZUQYpWic=
-23,21,TGz8OT3q6pfWFSNEKdZLeEvXGGc=,gMnMm8p2Xz/tIVDACSOZUQYpWic=
-21,21,TGz8OT3q6pfWFSNEKdZLeEvXGGc=,gMnMm8p2Xz/tIVDACSOZUQYpWic=
-27,21,TGz8OT3q6pfWFSNEKdZLeEvXGGc=,gMnMm8p2Xz/tIVDACSOZUQYpWic=
-24,21,TGz8OT3q6pfWFSNEKdZLeEvXGGc=,gMnMm8p2Xz/tIVDACSOZUQYpWic=
-28,21,TGz8OT3q6pfWFSNEKdZLeEvXGGc=,gMnMm8p2Xz/tIVDACSOZUQYpWic=
-26,21,TGz8OT3q6pfWFSNEKdZLeEvXGGc=,gMnMm8p2Xz/tIVDACSOZUQYpWic=
-25,21,TGz8OT3q6pfWFSNEKdZLeEvXGGc=,gMnMm8p2Xz/tIVDACSOZUQYpWic=
-30,21,TGz8OT3q6pfWFSNEKdZLeEvXGGc=,gMnMm8p2Xz/tIVDACSOZUQYpWic=
-29,21,TGz8OT3q6pfWFSNEKdZLeEvXGGc=,gMnMm8p2Xz/tIVDACSOZUQYpWic=
-18,20,TGz8OT3q6pfWFSNEKdZLeEvXGGc=,gMnMm8p2Xz/tIVDACSOZUQYpWic=
-31,21,TGz8OT3q6pfWFSNEKdZLeEvXGGc=,gMnMm8p2Xz/tIVDACSOZUQYpWic=
-17,20,TGz8OT3q6pfWFSNEKdZLeEvXGGc=,gMnMm8p2Xz/tIVDACSOZUQYpWic=
-32,21,TGz8OT3q6pfWFSNEKdZLeEvXGGc=,gMnMm8p2Xz/tIVDACSOZUQYpWic=
-15,16,PAOJsgW/DuPLioC9a11gaa7hrZs=,gMnMm8p2Xz/tIVDACSOZUQYpWic=
-13,17,PAOJsgW/DuPLioC9a11gaa7hrZs=,gMnMm8p2Xz/tIVDACSOZUQYpWic=
-12,17,PAOJsgW/DuPLioC9a11gaa7hrZs=,gMnMm8p2Xz/tIVDACSOZUQYpWic=
-11,17,PAOJsgW/DuPLioC9a11gaa7hrZs=,gMnMm8p2Xz/tIVDACSOZUQYpWic=
-10,17,PAOJsgW/DuPLioC9a11gaa7hrZs=,gMnMm8p2Xz/tIVDACSOZUQYpWic=
-9,17,PAOJsgW/DuPLioC9a11gaa7hrZs=,gMnMm8p2Xz/tIVDACSOZUQYpWic=
-8,17,PAOJsgW/DuPLioC9a11gaa7hrZs=,gMnMm8p2Xz/tIVDACSOZUQYpWic=
-7,17,PAOJsgW/DuPLioC9a11gaa7hrZs=,gMnMm8p2Xz/tIVDACSOZUQYpWic=
-6,17,PAOJsgW/DuPLioC9a11gaa7hrZs=,gMnMm8p2Xz/tIVDACSOZUQYpWic=
-4,17,PAOJsgW/DuPLioC9a11gaa7hrZs=,gMnMm8p2Xz/tIVDACSOZUQYpWic=
-3,17,PAOJsgW/DuPLioC9a11gaa7hrZs=,gMnMm8p2Xz/tIVDACSOZUQYpWic=
-5,17,PAOJsgW/DuPLioC9a11gaa7hrZs=,gMnMm8p2Xz/tIVDACSOZUQYpWic=
-14,17,PAOJsgW/DuPLioC9a11gaa7hrZs=,gMnMm8p2Xz/tIVDACSOZUQYpWic=
-2,17,PAOJsgW/DuPLioC9a11gaa7hrZs=,gMnMm8p2Xz/tIVDACSOZUQYpWic=
-1,17,PAOJsgW/DuPLioC9a11gaa7hrZs=,gMnMm8p2Xz/tIVDACSOZUQYpWic=
-15,17,PAOJsgW/DuPLioC9a11gaa7hrZs=,gMnMm8p2Xz/tIVDACSOZUQYpWic=
-14,16,PAOJsgW/DuPLioC9a11gaa7hrZs=,gMnMm8p2Xz/tIVDACSOZUQYpWic=
-16,18,PAOJsgW/DuPLioC9a11gaa7hrZs=,gMnMm8p2Xz/tIVDACSOZUQYpWic=
-15,18,PAOJsgW/DuPLioC9a11gaa7hrZs=,gMnMm8p2Xz/tIVDACSOZUQYpWic=
-14,18,PAOJsgW/DuPLioC9a11gaa7hrZs=,gMnMm8p2Xz/tIVDACSOZUQYpWic=
-1,31,PAOJsgW/DuPLioC9a11gaa7hrZs=,gMnMm8p2Xz/tIVDACSOZUQYpWic=
-13,18,PAOJsgW/DuPLioC9a11gaa7hrZs=,gMnMm8p2Xz/tIVDACSOZUQYpWic=
-3,31,PAOJsgW/DuPLioC9a11gaa7hrZs=,gMnMm8p2Xz/tIVDACSOZUQYpWic=
-12,18,PAOJsgW/DuPLioC9a11gaa7hrZs=,gMnMm8p2Xz/tIVDACSOZUQYpWic=
-2,31,PAOJsgW/DuPLioC9a11gaa7hrZs=,gMnMm8p2Xz/tIVDACSOZUQYpWic=
-5,31,PAOJsgW/DuPLioC9a11gaa7hrZs=,gMnMm8p2Xz/tIVDACSOZUQYpWic=
-11,18,PAOJsgW/DuPLioC9a11gaa7hrZs=,gMnMm8p2Xz/tIVDACSOZUQYpWic=
-4,31,PAOJsgW/DuPLioC9a11gaa7hrZs=,gMnMm8p2Xz/tIVDACSOZUQYpWic=
-8,31,PAOJsgW/DuPLioC9a11gaa7hrZs=,gMnMm8p2Xz/tIVDACSOZUQYpWic=
-10,18,PAOJsgW/DuPLioC9a11gaa7hrZs=,gMnMm8p2Xz/tIVDACSOZUQYpWic=
-9,18,PAOJsgW/DuPLioC9a11gaa7hrZs=,gMnMm8p2Xz/tIVDACSOZUQYpWic=
-7,31,PAOJsgW/DuPLioC9a11gaa7hrZs=,gMnMm8p2Xz/tIVDACSOZUQYpWic=
-9,31,PAOJsgW/DuPLioC9a11gaa7hrZs=,gMnMm8p2Xz/tIVDACSOZUQYpWic=
-6,31,PAOJsgW/DuPLioC9a11gaa7hrZs=,gMnMm8p2Xz/tIVDACSOZUQYpWic=
-10,31,PAOJsgW/DuPLioC9a11gaa7hrZs=,gMnMm8p2Xz/tIVDACSOZUQYpWic=
-8,18,PAOJsgW/DuPLioC9a11gaa7hrZs=,gMnMm8p2Xz/tIVDACSOZUQYpWic=
-13,31,PAOJsgW/DuPLioC9a11gaa7hrZs=,gMnMm8p2Xz/tIVDACSOZUQYpWic=
-12,31,PAOJsgW/DuPLioC9a11gaa7hrZs=,gMnMm8p2Xz/tIVDACSOZUQYpWic=
-11,31,PAOJsgW/DuPLioC9a11gaa7hrZs=,gMnMm8p2Xz/tIVDACSOZUQYpWic=
-15,31,PAOJsgW/DuPLioC9a11gaa7hrZs=,gMnMm8p2Xz/tIVDACSOZUQYpWic=
-14,31,PAOJsgW/DuPLioC9a11gaa7hrZs=,gMnMm8p2Xz/tIVDACSOZUQYpWic=
-7,18,PAOJsgW/DuPLioC9a11gaa7hrZs=,gMnMm8p2Xz/tIVDACSOZUQYpWic=
-16,17,PAOJsgW/DuPLioC9a11gaa7hrZs=,gMnMm8p2Xz/tIVDACSOZUQYpWic=
-6,18,PAOJsgW/DuPLioC9a11gaa7hrZs=,gMnMm8p2Xz/tIVDACSOZUQYpWic=
-16,31,PAOJsgW/DuPLioC9a11gaa7hrZs=,gMnMm8p2Xz/tIVDACSOZUQYpWic=
-2,30,PAOJsgW/DuPLioC9a11gaa7hrZs=,gMnMm8p2Xz/tIVDACSOZUQYpWic=
-1,30,PAOJsgW/DuPLioC9a11gaa7hrZs=,gMnMm8p2Xz/tIVDACSOZUQYpWic=
-3,30,PAOJsgW/DuPLioC9a11gaa7hrZs=,gMnMm8p2Xz/tIVDACSOZUQYpWic=
-4,18,PAOJsgW/DuPLioC9a11gaa7hrZs=,gMnMm8p2Xz/tIVDACSOZUQYpWic=
-4,30,PAOJsgW/DuPLioC9a11gaa7hrZs=,gMnMm8p2Xz/tIVDACSOZUQYpWic=
-5,18,PAOJsgW/DuPLioC9a11gaa7hrZs=,gMnMm8p2Xz/tIVDACSOZUQYpWic=
-6,30,PAOJsgW/DuPLioC9a11gaa7hrZs=,gMnMm8p2Xz/tIVDACSOZUQYpWic=
-5,30,PAOJsgW/DuPLioC9a11gaa7hrZs=,gMnMm8p2Xz/tIVDACSOZUQYpWic=
-16,16,PAOJsgW/DuPLioC9a11gaa7hrZs=,gMnMm8p2Xz/tIVDACSOZUQYpWic=
-7,30,PAOJsgW/DuPLioC9a11gaa7hrZs=,gMnMm8p2Xz/tIVDACSOZUQYpWic=
-9,30,PAOJsgW/DuPLioC9a11gaa7hrZs=,gMnMm8p2Xz/tIVDACSOZUQYpWic=
-3,18,PAOJsgW/DuPLioC9a11gaa7hrZs=,gMnMm8p2Xz/tIVDACSOZUQYpWic=
-2,18,PAOJsgW/DuPLioC9a11gaa7hrZs=,gMnMm8p2Xz/tIVDACSOZUQYpWic=
-10,30,PAOJsgW/DuPLioC9a11gaa7hrZs=,gMnMm8p2Xz/tIVDACSOZUQYpWic=
-8,30,PAOJsgW/DuPLioC9a11gaa7hrZs=,gMnMm8p2Xz/tIVDACSOZUQYpWic=
-12,30,PAOJsgW/DuPLioC9a11gaa7hrZs=,gMnMm8p2Xz/tIVDACSOZUQYpWic=
-11,30,PAOJsgW/DuPLioC9a11gaa7hrZs=,gMnMm8p2Xz/tIVDACSOZUQYpWic=
-1,16,PAOJsgW/DuPLioC9a11gaa7hrZs=,gMnMm8p2Xz/tIVDACSOZUQYpWic=
-1,18,PAOJsgW/DuPLioC9a11gaa7hrZs=,gMnMm8p2Xz/tIVDACSOZUQYpWic=
-13,30,PAOJsgW/DuPLioC9a11gaa7hrZs=,gMnMm8p2Xz/tIVDACSOZUQYpWic=
-15,30,PAOJsgW/DuPLioC9a11gaa7hrZs=,gMnMm8p2Xz/tIVDACSOZUQYpWic=
-2,16,PAOJsgW/DuPLioC9a11gaa7hrZs=,gMnMm8p2Xz/tIVDACSOZUQYpWic=
-16,19,PAOJsgW/DuPLioC9a11gaa7hrZs=,gMnMm8p2Xz/tIVDACSOZUQYpWic=
-16,30,PAOJsgW/DuPLioC9a11gaa7hrZs=,gMnMm8p2Xz/tIVDACSOZUQYpWic=
-14,30,PAOJsgW/DuPLioC9a11gaa7hrZs=,gMnMm8p2Xz/tIVDACSOZUQYpWic=
-13,16,PAOJsgW/DuPLioC9a11gaa7hrZs=,gMnMm8p2Xz/tIVDACSOZUQYpWic=
-3,29,PAOJsgW/DuPLioC9a11gaa7hrZs=,gMnMm8p2Xz/tIVDACSOZUQYpWic=
-4,29,PAOJsgW/DuPLioC9a11gaa7hrZs=,gMnMm8p2Xz/tIVDACSOZUQYpWic=
-15,19,PAOJsgW/DuPLioC9a11gaa7hrZs=,gMnMm8p2Xz/tIVDACSOZUQYpWic=
-2,29,PAOJsgW/DuPLioC9a11gaa7hrZs=,gMnMm8p2Xz/tIVDACSOZUQYpWic=
-7,29,PAOJsgW/DuPLioC9a11gaa7hrZs=,gMnMm8p2Xz/tIVDACSOZUQYpWic=
-5,29,PAOJsgW/DuPLioC9a11gaa7hrZs=,gMnMm8p2Xz/tIVDACSOZUQYpWic=
-1,29,PAOJsgW/DuPLioC9a11gaa7hrZs=,gMnMm8p2Xz/tIVDACSOZUQYpWic=
-14,19,PAOJsgW/DuPLioC9a11gaa7hrZs=,gMnMm8p2Xz/tIVDACSOZUQYpWic=
-8,29,PAOJsgW/DuPLioC9a11gaa7hrZs=,gMnMm8p2Xz/tIVDACSOZUQYpWic=
-9,29,PAOJsgW/DuPLioC9a11gaa7hrZs=,gMnMm8p2Xz/tIVDACSOZUQYpWic=
-10,29,PAOJsgW/DuPLioC9a11gaa7hrZs=,gMnMm8p2Xz/tIVDACSOZUQYpWic=
-6,29,PAOJsgW/DuPLioC9a11gaa7hrZs=,gMnMm8p2Xz/tIVDACSOZUQYpWic=
-13,19,PAOJsgW/DuPLioC9a11gaa7hrZs=,gMnMm8p2Xz/tIVDACSOZUQYpWic=
-13,29,PAOJsgW/DuPLioC9a11gaa7hrZs=,gMnMm8p2Xz/tIVDACSOZUQYpWic=
-14,29,PAOJsgW/DuPLioC9a11gaa7hrZs=,gMnMm8p2Xz/tIVDACSOZUQYpWic=
-11,29,PAOJsgW/DuPLioC9a11gaa7hrZs=,gMnMm8p2Xz/tIVDACSOZUQYpWic=
-12,19,PAOJsgW/DuPLioC9a11gaa7hrZs=,gMnMm8p2Xz/tIVDACSOZUQYpWic=
-15,29,PAOJsgW/DuPLioC9a11gaa7hrZs=,gMnMm8p2Xz/tIVDACSOZUQYpWic=
-3,16,PAOJsgW/DuPLioC9a11gaa7hrZs=,gMnMm8p2Xz/tIVDACSOZUQYpWic=
-16,29,PAOJsgW/DuPLioC9a11gaa7hrZs=,gMnMm8p2Xz/tIVDACSOZUQYpWic=
-12,29,PAOJsgW/DuPLioC9a11gaa7hrZs=,gMnMm8p2Xz/tIVDACSOZUQYpWic=
-2,28,PAOJsgW/DuPLioC9a11gaa7hrZs=,gMnMm8p2Xz/tIVDACSOZUQYpWic=
-3,28,PAOJsgW/DuPLioC9a11gaa7hrZs=,gMnMm8p2Xz/tIVDACSOZUQYpWic=
-1,28,PAOJsgW/DuPLioC9a11gaa7hrZs=,gMnMm8p2Xz/tIVDACSOZUQYpWic=
-11,19,PAOJsgW/DuPLioC9a11gaa7hrZs=,gMnMm8p2Xz/tIVDACSOZUQYpWic=
-6,28,PAOJsgW/DuPLioC9a11gaa7hrZs=,gMnMm8p2Xz/tIVDACSOZUQYpWic=
-5,28,PAOJsgW/DuPLioC9a11gaa7hrZs=,gMnMm8p2Xz/tIVDACSOZUQYpWic=
-7,28,PAOJsgW/DuPLioC9a11gaa7hrZs=,gMnMm8p2Xz/tIVDACSOZUQYpWic=
-10,19,PAOJsgW/DuPLioC9a11gaa7hrZs=,gMnMm8p2Xz/tIVDACSOZUQYpWic=
-14,28,PAOJsgW/DuPLioC9a11gaa7hrZs=,gMnMm8p2Xz/tIVDACSOZUQYpWic=
-9,28,PAOJsgW/DuPLioC9a11gaa7hrZs=,gMnMm8p2Xz/tIVDACSOZUQYpWic=
-10,28,PAOJsgW/DuPLioC9a11gaa7hrZs=,gMnMm8p2Xz/tIVDACSOZUQYpWic=
-11,28,PAOJsgW/DuPLioC9a11gaa7hrZs=,gMnMm8p2Xz/tIVDACSOZUQYpWic=
-8,28,PAOJsgW/DuPLioC9a11gaa7hrZs=,gMnMm8p2Xz/tIVDACSOZUQYpWic=
-4,16,PAOJsgW/DuPLioC9a11gaa7hrZs=,gMnMm8p2Xz/tIVDACSOZUQYpWic=
-9,19,PAOJsgW/DuPLioC9a11gaa7hrZs=,gMnMm8p2Xz/tIVDACSOZUQYpWic=
-15,28,PAOJsgW/DuPLioC9a11gaa7hrZs=,gMnMm8p2Xz/tIVDACSOZUQYpWic=
-1,27,PAOJsgW/DuPLioC9a11gaa7hrZs=,gMnMm8p2Xz/tIVDACSOZUQYpWic=
-16,28,PAOJsgW/DuPLioC9a11gaa7hrZs=,gMnMm8p2Xz/tIVDACSOZUQYpWic=
-4,28,PAOJsgW/DuPLioC9a11gaa7hrZs=,gMnMm8p2Xz/tIVDACSOZUQYpWic=
-2,27,PAOJsgW/DuPLioC9a11gaa7hrZs=,gMnMm8p2Xz/tIVDACSOZUQYpWic=
-4,27,PAOJsgW/DuPLioC9a11gaa7hrZs=,gMnMm8p2Xz/tIVDACSOZUQYpWic=
-3,27,PAOJsgW/DuPLioC9a11gaa7hrZs=,gMnMm8p2Xz/tIVDACSOZUQYpWic=
-12,28,PAOJsgW/DuPLioC9a11gaa7hrZs=,gMnMm8p2Xz/tIVDACSOZUQYpWic=
-5,27,PAOJsgW/DuPLioC9a11gaa7hrZs=,gMnMm8p2Xz/tIVDACSOZUQYpWic=
-13,28,PAOJsgW/DuPLioC9a11gaa7hrZs=,gMnMm8p2Xz/tIVDACSOZUQYpWic=
-7,27,PAOJsgW/DuPLioC9a11gaa7hrZs=,gMnMm8p2Xz/tIVDACSOZUQYpWic=
-6,27,PAOJsgW/DuPLioC9a11gaa7hrZs=,gMnMm8p2Xz/tIVDACSOZUQYpWic=
-9,27,PAOJsgW/DuPLioC9a11gaa7hrZs=,gMnMm8p2Xz/tIVDACSOZUQYpWic=
-10,27,PAOJsgW/DuPLioC9a11gaa7hrZs=,gMnMm8p2Xz/tIVDACSOZUQYpWic=
-8,19,PAOJsgW/DuPLioC9a11gaa7hrZs=,gMnMm8p2Xz/tIVDACSOZUQYpWic=
-11,27,PAOJsgW/DuPLioC9a11gaa7hrZs=,gMnMm8p2Xz/tIVDACSOZUQYpWic=
-7,19,PAOJsgW/DuPLioC9a11gaa7hrZs=,gMnMm8p2Xz/tIVDACSOZUQYpWic=
-12,27,PAOJsgW/DuPLioC9a11gaa7hrZs=,gMnMm8p2Xz/tIVDACSOZUQYpWic=
-13,27,PAOJsgW/DuPLioC9a11gaa7hrZs=,gMnMm8p2Xz/tIVDACSOZUQYpWic=
-5,16,PAOJsgW/DuPLioC9a11gaa7hrZs=,gMnMm8p2Xz/tIVDACSOZUQYpWic=
-14,27,PAOJsgW/DuPLioC9a11gaa7hrZs=,gMnMm8p2Xz/tIVDACSOZUQYpWic=
-15,27,PAOJsgW/DuPLioC9a11gaa7hrZs=,gMnMm8p2Xz/tIVDACSOZUQYpWic=
-1,26,PAOJsgW/DuPLioC9a11gaa7hrZs=,gMnMm8p2Xz/tIVDACSOZUQYpWic=
-16,27,PAOJsgW/DuPLioC9a11gaa7hrZs=,gMnMm8p2Xz/tIVDACSOZUQYpWic=
-4,26,PAOJsgW/DuPLioC9a11gaa7hrZs=,gMnMm8p2Xz/tIVDACSOZUQYpWic=
-3,26,PAOJsgW/DuPLioC9a11gaa7hrZs=,gMnMm8p2Xz/tIVDACSOZUQYpWic=
-6,19,PAOJsgW/DuPLioC9a11gaa7hrZs=,gMnMm8p2Xz/tIVDACSOZUQYpWic=
-2,26,PAOJsgW/DuPLioC9a11gaa7hrZs=,gMnMm8p2Xz/tIVDACSOZUQYpWic=
-6,26,PAOJsgW/DuPLioC9a11gaa7hrZs=,gMnMm8p2Xz/tIVDACSOZUQYpWic=
-7,26,PAOJsgW/DuPLioC9a11gaa7hrZs=,gMnMm8p2Xz/tIVDACSOZUQYpWic=
-5,26,PAOJsgW/DuPLioC9a11gaa7hrZs=,gMnMm8p2Xz/tIVDACSOZUQYpWic=
-8,27,PAOJsgW/DuPLioC9a11gaa7hrZs=,gMnMm8p2Xz/tIVDACSOZUQYpWic=
-9,26,PAOJsgW/DuPLioC9a11gaa7hrZs=,gMnMm8p2Xz/tIVDACSOZUQYpWic=
-12,26,PAOJsgW/DuPLioC9a11gaa7hrZs=,gMnMm8p2Xz/tIVDACSOZUQYpWic=
-8,26,PAOJsgW/DuPLioC9a11gaa7hrZs=,gMnMm8p2Xz/tIVDACSOZUQYpWic=
-10,26,PAOJsgW/DuPLioC9a11gaa7hrZs=,gMnMm8p2Xz/tIVDACSOZUQYpWic=
-5,19,PAOJsgW/DuPLioC9a11gaa7hrZs=,gMnMm8p2Xz/tIVDACSOZUQYpWic=
-13,26,PAOJsgW/DuPLioC9a11gaa7hrZs=,gMnMm8p2Xz/tIVDACSOZUQYpWic=
-14,26,PAOJsgW/DuPLioC9a11gaa7hrZs=,gMnMm8p2Xz/tIVDACSOZUQYpWic=
-11,26,PAOJsgW/DuPLioC9a11gaa7hrZs=,gMnMm8p2Xz/tIVDACSOZUQYpWic=
-15,26,PAOJsgW/DuPLioC9a11gaa7hrZs=,gMnMm8p2Xz/tIVDACSOZUQYpWic=
-6,16,PAOJsgW/DuPLioC9a11gaa7hrZs=,gMnMm8p2Xz/tIVDACSOZUQYpWic=
-4,19,PAOJsgW/DuPLioC9a11gaa7hrZs=,gMnMm8p2Xz/tIVDACSOZUQYpWic=
-16,26,PAOJsgW/DuPLioC9a11gaa7hrZs=,gMnMm8p2Xz/tIVDACSOZUQYpWic=
-2,25,PAOJsgW/DuPLioC9a11gaa7hrZs=,gMnMm8p2Xz/tIVDACSOZUQYpWic=
-1,25,PAOJsgW/DuPLioC9a11gaa7hrZs=,gMnMm8p2Xz/tIVDACSOZUQYpWic=
-6,25,PAOJsgW/DuPLioC9a11gaa7hrZs=,gMnMm8p2Xz/tIVDACSOZUQYpWic=
-5,25,PAOJsgW/DuPLioC9a11gaa7hrZs=,gMnMm8p2Xz/tIVDACSOZUQYpWic=
-3,25,PAOJsgW/DuPLioC9a11gaa7hrZs=,gMnMm8p2Xz/tIVDACSOZUQYpWic=
-3,19,PAOJsgW/DuPLioC9a11gaa7hrZs=,gMnMm8p2Xz/tIVDACSOZUQYpWic=
-7,25,PAOJsgW/DuPLioC9a11gaa7hrZs=,gMnMm8p2Xz/tIVDACSOZUQYpWic=
-4,25,PAOJsgW/DuPLioC9a11gaa7hrZs=,gMnMm8p2Xz/tIVDACSOZUQYpWic=
-8,25,PAOJsgW/DuPLioC9a11gaa7hrZs=,gMnMm8p2Xz/tIVDACSOZUQYpWic=
-10,25,PAOJsgW/DuPLioC9a11gaa7hrZs=,gMnMm8p2Xz/tIVDACSOZUQYpWic=
-9,25,PAOJsgW/DuPLioC9a11gaa7hrZs=,gMnMm8p2Xz/tIVDACSOZUQYpWic=
-11,25,PAOJsgW/DuPLioC9a11gaa7hrZs=,gMnMm8p2Xz/tIVDACSOZUQYpWic=
-12,25,PAOJsgW/DuPLioC9a11gaa7hrZs=,gMnMm8p2Xz/tIVDACSOZUQYpWic=
-2,19,PAOJsgW/DuPLioC9a11gaa7hrZs=,gMnMm8p2Xz/tIVDACSOZUQYpWic=
-14,25,PAOJsgW/DuPLioC9a11gaa7hrZs=,gMnMm8p2Xz/tIVDACSOZUQYpWic=
-15,25,PAOJsgW/DuPLioC9a11gaa7hrZs=,gMnMm8p2Xz/tIVDACSOZUQYpWic=
-16,25,PAOJsgW/DuPLioC9a11gaa7hrZs=,gMnMm8p2Xz/tIVDACSOZUQYpWic=
-13,25,PAOJsgW/DuPLioC9a11gaa7hrZs=,gMnMm8p2Xz/tIVDACSOZUQYpWic=
-2,24,PAOJsgW/DuPLioC9a11gaa7hrZs=,gMnMm8p2Xz/tIVDACSOZUQYpWic=
-3,24,PAOJsgW/DuPLioC9a11gaa7hrZs=,gMnMm8p2Xz/tIVDACSOZUQYpWic=
-1,19,PAOJsgW/DuPLioC9a11gaa7hrZs=,gMnMm8p2Xz/tIVDACSOZUQYpWic=
-16,20,PAOJsgW/DuPLioC9a11gaa7hrZs=,gMnMm8p2Xz/tIVDACSOZUQYpWic=
-1,24,PAOJsgW/DuPLioC9a11gaa7hrZs=,gMnMm8p2Xz/tIVDACSOZUQYpWic=
-7,16,PAOJsgW/DuPLioC9a11gaa7hrZs=,gMnMm8p2Xz/tIVDACSOZUQYpWic=
-7,24,PAOJsgW/DuPLioC9a11gaa7hrZs=,gMnMm8p2Xz/tIVDACSOZUQYpWic=
-5,24,PAOJsgW/DuPLioC9a11gaa7hrZs=,gMnMm8p2Xz/tIVDACSOZUQYpWic=
-6,24,PAOJsgW/DuPLioC9a11gaa7hrZs=,gMnMm8p2Xz/tIVDACSOZUQYpWic=
-10,24,PAOJsgW/DuPLioC9a11gaa7hrZs=,gMnMm8p2Xz/tIVDACSOZUQYpWic=
-4,24,PAOJsgW/DuPLioC9a11gaa7hrZs=,gMnMm8p2Xz/tIVDACSOZUQYpWic=
-9,24,PAOJsgW/DuPLioC9a11gaa7hrZs=,gMnMm8p2Xz/tIVDACSOZUQYpWic=
-12,16,PAOJsgW/DuPLioC9a11gaa7hrZs=,gMnMm8p2Xz/tIVDACSOZUQYpWic=
-11,24,PAOJsgW/DuPLioC9a11gaa7hrZs=,gMnMm8p2Xz/tIVDACSOZUQYpWic=
-8,24,PAOJsgW/DuPLioC9a11gaa7hrZs=,gMnMm8p2Xz/tIVDACSOZUQYpWic=
-15,24,PAOJsgW/DuPLioC9a11gaa7hrZs=,gMnMm8p2Xz/tIVDACSOZUQYpWic=
-12,24,PAOJsgW/DuPLioC9a11gaa7hrZs=,gMnMm8p2Xz/tIVDACSOZUQYpWic=
-13,24,PAOJsgW/DuPLioC9a11gaa7hrZs=,gMnMm8p2Xz/tIVDACSOZUQYpWic=
-8,16,PAOJsgW/DuPLioC9a11gaa7hrZs=,gMnMm8p2Xz/tIVDACSOZUQYpWic=
-16,24,PAOJsgW/DuPLioC9a11gaa7hrZs=,gMnMm8p2Xz/tIVDACSOZUQYpWic=
-3,23,PAOJsgW/DuPLioC9a11gaa7hrZs=,gMnMm8p2Xz/tIVDACSOZUQYpWic=
-15,20,PAOJsgW/DuPLioC9a11gaa7hrZs=,gMnMm8p2Xz/tIVDACSOZUQYpWic=
-2,23,PAOJsgW/DuPLioC9a11gaa7hrZs=,gMnMm8p2Xz/tIVDACSOZUQYpWic=
-14,24,PAOJsgW/DuPLioC9a11gaa7hrZs=,gMnMm8p2Xz/tIVDACSOZUQYpWic=
-1,23,PAOJsgW/DuPLioC9a11gaa7hrZs=,gMnMm8p2Xz/tIVDACSOZUQYpWic=
-4,23,PAOJsgW/DuPLioC9a11gaa7hrZs=,gMnMm8p2Xz/tIVDACSOZUQYpWic=
-5,23,PAOJsgW/DuPLioC9a11gaa7hrZs=,gMnMm8p2Xz/tIVDACSOZUQYpWic=
-14,20,PAOJsgW/DuPLioC9a11gaa7hrZs=,gMnMm8p2Xz/tIVDACSOZUQYpWic=
-9,23,PAOJsgW/DuPLioC9a11gaa7hrZs=,gMnMm8p2Xz/tIVDACSOZUQYpWic=
-6,23,PAOJsgW/DuPLioC9a11gaa7hrZs=,gMnMm8p2Xz/tIVDACSOZUQYpWic=
-7,23,PAOJsgW/DuPLioC9a11gaa7hrZs=,gMnMm8p2Xz/tIVDACSOZUQYpWic=
-11,23,PAOJsgW/DuPLioC9a11gaa7hrZs=,gMnMm8p2Xz/tIVDACSOZUQYpWic=
-13,23,PAOJsgW/DuPLioC9a11gaa7hrZs=,gMnMm8p2Xz/tIVDACSOZUQYpWic=
-12,23,PAOJsgW/DuPLioC9a11gaa7hrZs=,gMnMm8p2Xz/tIVDACSOZUQYpWic=
-14,23,PAOJsgW/DuPLioC9a11gaa7hrZs=,gMnMm8p2Xz/tIVDACSOZUQYpWic=
-13,20,PAOJsgW/DuPLioC9a11gaa7hrZs=,gMnMm8p2Xz/tIVDACSOZUQYpWic=
-9,16,PAOJsgW/DuPLioC9a11gaa7hrZs=,gMnMm8p2Xz/tIVDACSOZUQYpWic=
-8,23,PAOJsgW/DuPLioC9a11gaa7hrZs=,gMnMm8p2Xz/tIVDACSOZUQYpWic=
-16,23,PAOJsgW/DuPLioC9a11gaa7hrZs=,gMnMm8p2Xz/tIVDACSOZUQYpWic=
-15,23,PAOJsgW/DuPLioC9a11gaa7hrZs=,gMnMm8p2Xz/tIVDACSOZUQYpWic=
-1,22,PAOJsgW/DuPLioC9a11gaa7hrZs=,gMnMm8p2Xz/tIVDACSOZUQYpWic=
-10,23,PAOJsgW/DuPLioC9a11gaa7hrZs=,gMnMm8p2Xz/tIVDACSOZUQYpWic=
-12,20,PAOJsgW/DuPLioC9a11gaa7hrZs=,gMnMm8p2Xz/tIVDACSOZUQYpWic=
-3,22,PAOJsgW/DuPLioC9a11gaa7hrZs=,gMnMm8p2Xz/tIVDACSOZUQYpWic=
-2,22,PAOJsgW/DuPLioC9a11gaa7hrZs=,gMnMm8p2Xz/tIVDACSOZUQYpWic=
-6,22,PAOJsgW/DuPLioC9a11gaa7hrZs=,gMnMm8p2Xz/tIVDACSOZUQYpWic=
-4,22,PAOJsgW/DuPLioC9a11gaa7hrZs=,gMnMm8p2Xz/tIVDACSOZUQYpWic=
-8,22,PAOJsgW/DuPLioC9a11gaa7hrZs=,gMnMm8p2Xz/tIVDACSOZUQYpWic=
-5,22,PAOJsgW/DuPLioC9a11gaa7hrZs=,gMnMm8p2Xz/tIVDACSOZUQYpWic=
-7,22,PAOJsgW/DuPLioC9a11gaa7hrZs=,gMnMm8p2Xz/tIVDACSOZUQYpWic=
-10,22,PAOJsgW/DuPLioC9a11gaa7hrZs=,gMnMm8p2Xz/tIVDACSOZUQYpWic=
-9,22,PAOJsgW/DuPLioC9a11gaa7hrZs=,gMnMm8p2Xz/tIVDACSOZUQYpWic=
-12,22,PAOJsgW/DuPLioC9a11gaa7hrZs=,gMnMm8p2Xz/tIVDACSOZUQYpWic=
-14,22,PAOJsgW/DuPLioC9a11gaa7hrZs=,gMnMm8p2Xz/tIVDACSOZUQYpWic=
-11,22,PAOJsgW/DuPLioC9a11gaa7hrZs=,gMnMm8p2Xz/tIVDACSOZUQYpWic=
-13,22,PAOJsgW/DuPLioC9a11gaa7hrZs=,gMnMm8p2Xz/tIVDACSOZUQYpWic=
-11,20,PAOJsgW/DuPLioC9a11gaa7hrZs=,gMnMm8p2Xz/tIVDACSOZUQYpWic=
-15,22,PAOJsgW/DuPLioC9a11gaa7hrZs=,gMnMm8p2Xz/tIVDACSOZUQYpWic=
-10,16,PAOJsgW/DuPLioC9a11gaa7hrZs=,gMnMm8p2Xz/tIVDACSOZUQYpWic=
-16,22,PAOJsgW/DuPLioC9a11gaa7hrZs=,gMnMm8p2Xz/tIVDACSOZUQYpWic=
-2,21,PAOJsgW/DuPLioC9a11gaa7hrZs=,gMnMm8p2Xz/tIVDACSOZUQYpWic=
-1,21,PAOJsgW/DuPLioC9a11gaa7hrZs=,gMnMm8p2Xz/tIVDACSOZUQYpWic=
-4,21,PAOJsgW/DuPLioC9a11gaa7hrZs=,gMnMm8p2Xz/tIVDACSOZUQYpWic=
-3,21,PAOJsgW/DuPLioC9a11gaa7hrZs=,gMnMm8p2Xz/tIVDACSOZUQYpWic=
-9,21,PAOJsgW/DuPLioC9a11gaa7hrZs=,gMnMm8p2Xz/tIVDACSOZUQYpWic=
-5,21,PAOJsgW/DuPLioC9a11gaa7hrZs=,gMnMm8p2Xz/tIVDACSOZUQYpWic=
-6,21,PAOJsgW/DuPLioC9a11gaa7hrZs=,gMnMm8p2Xz/tIVDACSOZUQYpWic=
-7,21,PAOJsgW/DuPLioC9a11gaa7hrZs=,gMnMm8p2Xz/tIVDACSOZUQYpWic=
-8,21,PAOJsgW/DuPLioC9a11gaa7hrZs=,gMnMm8p2Xz/tIVDACSOZUQYpWic=
-10,20,PAOJsgW/DuPLioC9a11gaa7hrZs=,gMnMm8p2Xz/tIVDACSOZUQYpWic=
-11,21,PAOJsgW/DuPLioC9a11gaa7hrZs=,gMnMm8p2Xz/tIVDACSOZUQYpWic=
-13,21,PAOJsgW/DuPLioC9a11gaa7hrZs=,gMnMm8p2Xz/tIVDACSOZUQYpWic=
-12,21,PAOJsgW/DuPLioC9a11gaa7hrZs=,gMnMm8p2Xz/tIVDACSOZUQYpWic=
-9,20,PAOJsgW/DuPLioC9a11gaa7hrZs=,gMnMm8p2Xz/tIVDACSOZUQYpWic=
-10,21,PAOJsgW/DuPLioC9a11gaa7hrZs=,gMnMm8p2Xz/tIVDACSOZUQYpWic=
-14,21,PAOJsgW/DuPLioC9a11gaa7hrZs=,gMnMm8p2Xz/tIVDACSOZUQYpWic=
-11,16,PAOJsgW/DuPLioC9a11gaa7hrZs=,gMnMm8p2Xz/tIVDACSOZUQYpWic=
-15,21,PAOJsgW/DuPLioC9a11gaa7hrZs=,gMnMm8p2Xz/tIVDACSOZUQYpWic=
-16,21,PAOJsgW/DuPLioC9a11gaa7hrZs=,gMnMm8p2Xz/tIVDACSOZUQYpWic=
-1,20,PAOJsgW/DuPLioC9a11gaa7hrZs=,gMnMm8p2Xz/tIVDACSOZUQYpWic=
-8,20,PAOJsgW/DuPLioC9a11gaa7hrZs=,gMnMm8p2Xz/tIVDACSOZUQYpWic=
-2,20,PAOJsgW/DuPLioC9a11gaa7hrZs=,gMnMm8p2Xz/tIVDACSOZUQYpWic=
-4,20,PAOJsgW/DuPLioC9a11gaa7hrZs=,gMnMm8p2Xz/tIVDACSOZUQYpWic=
-6,20,PAOJsgW/DuPLioC9a11gaa7hrZs=,gMnMm8p2Xz/tIVDACSOZUQYpWic=
-3,20,PAOJsgW/DuPLioC9a11gaa7hrZs=,gMnMm8p2Xz/tIVDACSOZUQYpWic=
-5,20,PAOJsgW/DuPLioC9a11gaa7hrZs=,gMnMm8p2Xz/tIVDACSOZUQYpWic=
-7,20,PAOJsgW/DuPLioC9a11gaa7hrZs=,gMnMm8p2Xz/tIVDACSOZUQYpWic=
