35,33,g3IgtRdO7Ebi+3leagyyAPUuLNs=,oSGZbqIwXNveB0fC2jKIeB3kIzw=
47,47,g3IgtRdO7Ebi+3leagyyAPUuLNs=,oSGZbqIwXNveB0fC2jKIeB3kIzw=
47,32,g3IgtRdO7Ebi+3leagyyAPUuLNs=,oSGZbqIwXNveB0fC2jKIeB3kIzw=
45,32,g3IgtRdO7Ebi+3leagyyAPUuLNs=,oSGZbqIwXNveB0fC2jKIeB3kIzw=
44,32,g3IgtRdO7Ebi+3leagyyAPUuLNs=,oSGZbqIwXNveB0fC2jKIeB3kIzw=
46,32,g3IgtRdO7Ebi+3leagyyAPUuLNs=,oSGZbqIwXNveB0fC2jKIeB3kIzw=
43,32,g3IgtRdO7Ebi+3leagyyAPUuLNs=,oSGZbqIwXNveB0fC2jKIeB3kIzw=
42,32,g3IgtRdO7Ebi+3leagyyAPUuLNs=,oSGZbqIwXNveB0fC2jKIeB3kIzw=
41,32,g3IgtRdO7Ebi+3leagyyAPUuLNs=,oSGZbqIwXNveB0fC2jKIeB3kIzw=
40,32,g3IgtRdO7Ebi+3leagyyAPUuLNs=,oSGZbqIwXNveB0fC2jKIeB3kIzw=
39,32,g3IgtRdO7Ebi+3leagyyAPUuLNs=,oSGZbqIwXNveB0fC2jKIeB3kIzw=
38,32,g3IgtRdO7Ebi+3leagyyAPUuLNs=,oSGZbqIwXNveB0fC2jKIeB3kIzw=
37,32,g3IgtRdO7Ebi+3leagyyAPUuLNs=,oSGZbqIwXNveB0fC2jKIeB3kIzw=
36,32,g3IgtRdO7Ebi+3leagyyAPUuLNs=,oSGZbqIwXNveB0fC2jKIeB3kIzw=
35,32,g3IgtRdO7Ebi+3leagyyAPUuLNs=,oSGZbqIwXNveB0fC2jKIeB3kIzw=
46,47,g3IgtRdO7Ebi+3leagyyAPUuLNs=,oSGZbqIwXNveB0fC2jKIeB3kIzw=
45,47,g3IgtRdO7Ebi+3leagyyAPUuLNs=,oSGZbqIwXNveB0fC2jKIeB3kIzw=
44,47,g3IgtRdO7Ebi+3leagyyAPUuLNs=,oSGZbqIwXNveB0fC2jKIeB3kIzw=
43,47,g3IgtRdO7Ebi+3leagyyAPUuLNs=,oSGZbqIwXNveB0fC2jKIeB3kIzw=
42,47,g3IgtRdO7Ebi+3leagyyAPUuLNs=,oSGZbqIwXNveB0fC2jKIeB3kIzw=
41,47,g3IgtRdO7Ebi+3leagyyAPUuLNs=,oSGZbqIwXNveB0fC2jKIeB3kIzw=
40,47,g3IgtRdO7Ebi+3leagyyAPUuLNs=,oSGZbqIwXNveB0fC2jKIeB3kIzw=
39,47,g3IgtRdO7Ebi+3leagyyAPUuLNs=,oSGZbqIwXNveB0fC2jKIeB3kIzw=
38,47,g3IgtRdO7Ebi+3leagyyAPUuLNs=,oSGZbqIwXNveB0fC2jKIeB3kIzw=
37,47,g3IgtRdO7Ebi+3leagyyAPUuLNs=,oSGZbqIwXNveB0fC2jKIeB3kIzw=
36,47,g3IgtRdO7Ebi+3leagyyAPUuLNs=,oSGZbqIwXNveB0fC2jKIeB3kIzw=
35,47,g3IgtRdO7Ebi+3leagyyAPUuLNs=,oSGZbqIwXNveB0fC2jKIeB3kIzw=
34,47,g3IgtRdO7Ebi+3leagyyAPUuLNs=,oSGZbqIwXNveB0fC2jKIeB3kIzw=
33,47,g3IgtRdO7Ebi+3leagyyAPUuLNs=,oSGZbqIwXNveB0fC2jKIeB3kIzw=
47,46,g3IgtRdO7Ebi+3leagyyAPUuLNs=,oSGZbqIwXNveB0fC2jKIeB3kIzw=
46,46,g3IgtRdO7Ebi+3leagyyAPUuLNs=,oSGZbqIwXNveB0fC2jKIeB3kIzw=
45,46,g3IgtRdO7Ebi+3leagyyAPUuLNs=,oSGZbqIwXNveB0fC2jKIeB3kIzw=
44,46,g3IgtRdO7Ebi+3leagyyAPUuLNs=,oSGZbqIwXNveB0fC2jKIeB3kIzw=
43,46,g3IgtRdO7Ebi+3leagyyAPUuLNs=,oSGZbqIwXNveB0fC2jKIeB3kIzw=
42,46,g3IgtRdO7Ebi+3leagyyAPUuLNs=,oSGZbqIwXNveB0fC2jKIeB3kIzw=
41,46,g3IgtRdO7Ebi+3leagyyAPUuLNs=,oSGZbqIwXNveB0fC2jKIeB3kIzw=
40,46,g3IgtRdO7Ebi+3leagyyAPUuLNs=,oSGZbqIwXNveB0fC2jKIeB3kIzw=
39,46,g3IgtRdO7Ebi+3leagyyAPUuLNs=,oSGZbqIwXNveB0fC2jKIeB3kIzw=
38,46,g3IgtRdO7Ebi+3leagyyAPUuLNs=,oSGZbqIwXNveB0fC2jKIeB3kIzw=
37,46,g3IgtRdO7Ebi+3leagyyAPUuLNs=,oSGZbqIwXNveB0fC2jKIeB3kIzw=
36,46,g3IgtRdO7Ebi+3leagyyAPUuLNs=,oSGZbqIwXNveB0fC2jKIeB3kIzw=
35,46,g3IgtRdO7Ebi+3leagyyAPUuLNs=,oSGZbqIwXNveB0fC2jKIeB3kIzw=
34,46,g3IgtRdO7Ebi+3leagyyAPUuLNs=,oSGZbqIwXNveB0fC2jKIeB3kIzw=
33,46,g3IgtRdO7Ebi+3leagyyAPUuLNs=,oSGZbqIwXNveB0fC2jKIeB3kIzw=
47,45,g3IgtRdO7Ebi+3leagyyAPUuLNs=,oSGZbqIwXNveB0fC2jKIeB3kIzw=
46,45,g3IgtRdO7Ebi+3leagyyAPUuLNs=,oSGZbqIwXNveB0fC2jKIeB3kIzw=
45,45,g3IgtRdO7Ebi+3leagyyAPUuLNs=,oSGZbqIwXNveB0fC2jKIeB3kIzw=
44,45,g3IgtRdO7Ebi+3leagyyAPUuLNs=,oSGZbqIwXNveB0fC2jKIeB3kIzw=
43,45,g3IgtRdO7Ebi+3leagyyAPUuLNs=,oSGZbqIwXNveB0fC2jKIeB3kIzw=
42,45,g3IgtRdO7Ebi+3leagyyAPUuLNs=,oSGZbqIwXNveB0fC2jKIeB3kIzw=
41,45,g3IgtRdO7Ebi+3leagyyAPUuLNs=,oSGZbqIwXNveB0fC2jKIeB3kIzw=
40,45,g3IgtRdO7Ebi+3leagyyAPUuLNs=,oSGZbqIwXNveB0fC2jKIeB3kIzw=
39,45,g3IgtRdO7Ebi+3leagyyAPUuLNs=,oSGZbqIwXNveB0fC2jKIeB3kIzw=
38,45,g3IgtRdO7Ebi+3leagyyAPUuLNs=,oSGZbqIwXNveB0fC2jKIeB3kIzw=
37,45,g3IgtRdO7Ebi+3leagyyAPUuLNs=,oSGZbqIwXNveB0fC2jKIeB3kIzw=
36,45,g3IgtRdO7Ebi+3leagyyAPUuLNs=,oSGZbqIwXNveB0fC2jKIeB3kIzw=
35,45,g3IgtRdO7Ebi+3leagyyAPUuLNs=,oSGZbqIwXNveB0fC2jKIeB3kIzw=
34,45,g3IgtRdO7Ebi+3leagyyAPUuLNs=,oSGZbqIwXNveB0fC2jKIeB3kIzw=
33,45,g3IgtRdO7Ebi+3leagyyAPUuLNs=,oSGZbqIwXNveB0fC2jKIeB3kIzw=
47,44,g3IgtRdO7Ebi+3leagyyAPUuLNs=,oSGZbqIwXNveB0fC2jKIeB3kIzw=
46,44,g3IgtRdO7Ebi+3leagyyAPUuLNs=,oSGZbqIwXNveB0fC2jKIeB3kIzw=
45,44,g3IgtRdO7Ebi+3leagyyAPUuLNs=,oSGZbqIwXNveB0fC2jKIeB3kIzw=
44,44,g3IgtRdO7Ebi+3leagyyAPUuLNs=,oSGZbqIwXNveB0fC2jKIeB3kIzw=
43,44,g3IgtRdO7Ebi+3leagyyAPUuLNs=,oSGZbqIwXNveB0fC2jKIeB3kIzw=
41,44,g3IgtRdO7Ebi+3leagyyAPUuLNs=,oSGZbqIwXNveB0fC2jKIeB3kIzw=
40,44,g3IgtRdO7Ebi+3leagyyAPUuLNs=,oSGZbqIwXNveB0fC2jKIeB3kIzw=
39,44,g3IgtRdO7Ebi+3leagyyAPUuLNs=,oSGZbqIwXNveB0fC2jKIeB3kIzw=
42,44,g3IgtRdO7Ebi+3leagyyAPUuLNs=,oSGZbqIwXNveB0fC2jKIeB3kIzw=
38,44,g3IgtRdO7Ebi+3leagyyAPUuLNs=,oSGZbqIwXNveB0fC2jKIeB3kIzw=
37,44,g3IgtRdO7Ebi+3leagyyAPUuLNs=,oSGZbqIwXNveB0fC2jKIeB3kIzw=
36,44,g3IgtRdO7Ebi+3leagyyAPUuLNs=,oSGZbqIwXNveB0fC2jKIeB3kIzw=
35,44,g3IgtRdO7Ebi+3leagyyAPUuLNs=,oSGZbqIwXNveB0fC2jKIeB3kIzw=
34,44,g3IgtRdO7Ebi+3leagyyAPUuLNs=,oSGZbqIwXNveB0fC2jKIeB3kIzw=
33,44,g3IgtRdO7Ebi+3leagyyAPUuLNs=,oSGZbqIwXNveB0fC2jKIeB3kIzw=
47,43,g3IgtRdO7Ebi+3leagyyAPUuLNs=,oSGZbqIwXNveB0fC2jKIeB3kIzw=
46,43,g3IgtRdO7Ebi+3leagyyAPUuLNs=,oSGZbqIwXNveB0fC2jKIeB3kIzw=
45,43,g3IgtRdO7Ebi+3leagyyAPUuLNs=,oSGZbqIwXNveB0fC2jKIeB3kIzw=
44,43,g3IgtRdO7Ebi+3leagyyAPUuLNs=,oSGZbqIwXNveB0fC2jKIeB3kIzw=
42,43,g3IgtRdO7Ebi+3leagyyAPUuLNs=,oSGZbqIwXNveB0fC2jKIeB3kIzw=
43,43,g3IgtRdO7Ebi+3leagyyAPUuLNs=,oSGZbqIwXNveB0fC2jKIeB3kIzw=
39,43,g3IgtRdO7Ebi+3leagyyAPUuLNs=,oSGZbqIwXNveB0fC2jKIeB3kIzw=
38,43,g3IgtRdO7Ebi+3leagyyAPUuLNs=,oSGZbqIwXNveB0fC2jKIeB3kIzw=
40,43,g3IgtRdO7Ebi+3leagyyAPUuLNs=,oSGZbqIwXNveB0fC2jKIeB3kIzw=
37,43,g3IgtRdO7Ebi+3leagyyAPUuLNs=,oSGZbqIwXNveB0fC2jKIeB3kIzw=
36,43,g3IgtRdO7Ebi+3leagyyAPUuLNs=,oSGZbqIwXNveB0fC2jKIeB3kIzw=
35,43,g3IgtRdO7Ebi+3leagyyAPUuLNs=,oSGZbqIwXNveB0fC2jKIeB3kIzw=
34,43,g3IgtRdO7Ebi+3leagyyAPUuLNs=,oSGZbqIwXNveB0fC2jKIeB3kIzw=
33,43,g3IgtRdO7Ebi+3leagyyAPUuLNs=,oSGZbqIwXNveB0fC2jKIeB3kIzw=
47,42,g3IgtRdO7Ebi+3leagyyAPUuLNs=,oSGZbqIwXNveB0fC2jKIeB3kIzw=
46,42,g3IgtRdO7Ebi+3leagyyAPUuLNs=,oSGZbqIwXNveB0fC2jKIeB3kIzw=
45,42,g3IgtRdO7Ebi+3leagyyAPUuLNs=,oSGZbqIwXNveB0fC2jKIeB3kIzw=
44,42,g3IgtRdO7Ebi+3leagyyAPUuLNs=,oSGZbqIwXNveB0fC2jKIeB3kIzw=
43,42,g3IgtRdO7Ebi+3leagyyAPUuLNs=,oSGZbqIwXNveB0fC2jKIeB3kIzw=
41,43,g3IgtRdO7Ebi+3leagyyAPUuLNs=,oSGZbqIwXNveB0fC2jKIeB3kIzw=
42,42,g3IgtRdO7Ebi+3leagyyAPUuLNs=,oSGZbqIwXNveB0fC2jKIeB3kIzw=
41,42,g3IgtRdO7Ebi+3leagyyAPUuLNs=,oSGZbqIwXNveB0fC2jKIeB3kIzw=
40,42,g3IgtRdO7Ebi+3leagyyAPUuLNs=,oSGZbqIwXNveB0fC2jKIeB3kIzw=
39,42,g3IgtRdO7Ebi+3leagyyAPUuLNs=,oSGZbqIwXNveB0fC2jKIeB3kIzw=
38,42,g3IgtRdO7Ebi+3leagyyAPUuLNs=,oSGZbqIwXNveB0fC2jKIeB3kIzw=
37,42,g3IgtRdO7Ebi+3leagyyAPUuLNs=,oSGZbqIwXNveB0fC2jKIeB3kIzw=
36,42,g3IgtRdO7Ebi+3leagyyAPUuLNs=,oSGZbqIwXNveB0fC2jKIeB3kIzw=
35,42,g3IgtRdO7Ebi+3leagyyAPUuLNs=,oSGZbqIwXNveB0fC2jKIeB3kIzw=
34,42,g3IgtRdO7Ebi+3leagyyAPUuLNs=,oSGZbqIwXNveB0fC2jKIeB3kIzw=
47,41,g3IgtRdO7Ebi+3leagyyAPUuLNs=,oSGZbqIwXNveB0fC2jKIeB3kIzw=
33,42,g3IgtRdO7Ebi+3leagyyAPUuLNs=,oSGZbqIwXNveB0fC2jKIeB3kIzw=
46,41,g3IgtRdO7Ebi+3leagyyAPUuLNs=,oSGZbqIwXNveB0fC2jKIeB3kIzw=
45,41,g3IgtRdO7Ebi+3leagyyAPUuLNs=,oSGZbqIwXNveB0fC2jKIeB3kIzw=
43,41,g3IgtRdO7Ebi+3leagyyAPUuLNs=,oSGZbqIwXNveB0fC2jKIeB3kIzw=
44,41,g3IgtRdO7Ebi+3leagyyAPUuLNs=,oSGZbqIwXNveB0fC2jKIeB3kIzw=
42,41,g3IgtRdO7Ebi+3leagyyAPUuLNs=,oSGZbqIwXNveB0fC2jKIeB3kIzw=
41,41,g3IgtRdO7Ebi+3leagyyAPUuLNs=,oSGZbqIwXNveB0fC2jKIeB3kIzw=
40,41,g3IgtRdO7Ebi+3leagyyAPUuLNs=,oSGZbqIwXNveB0fC2jKIeB3kIzw=
39,41,g3IgtRdO7Ebi+3leagyyAPUuLNs=,oSGZbqIwXNveB0fC2jKIeB3kIzw=
38,41,g3IgtRdO7Ebi+3leagyyAPUuLNs=,oSGZbqIwXNveB0fC2jKIeB3kIzw=
37,41,g3IgtRdO7Ebi+3leagyyAPUuLNs=,oSGZbqIwXNveB0fC2jKIeB3kIzw=
36,41,g3IgtRdO7Ebi+3leagyyAPUuLNs=,oSGZbqIwXNveB0fC2jKIeB3kIzw=
35,41,g3IgtRdO7Ebi+3leagyyAPUuLNs=,oSGZbqIwXNveB0fC2jKIeB3kIzw=
34,41,g3IgtRdO7Ebi+3leagyyAPUuLNs=,oSGZbqIwXNveB0fC2jKIeB3kIzw=
33,41,g3IgtRdO7Ebi+3leagyyAPUuLNs=,oSGZbqIwXNveB0fC2jKIeB3kIzw=
47,40,g3IgtRdO7Ebi+3leagyyAPUuLNs=,oSGZbqIwXNveB0fC2jKIeB3kIzw=
46,40,g3IgtRdO7Ebi+3leagyyAPUuLNs=,oSGZbqIwXNveB0fC2jKIeB3kIzw=
45,40,g3IgtRdO7Ebi+3leagyyAPUuLNs=,oSGZbqIwXNveB0fC2jKIeB3kIzw=
44,40,g3IgtRdO7Ebi+3leagyyAPUuLNs=,oSGZbqIwXNveB0fC2jKIeB3kIzw=
43,40,g3IgtRdO7Ebi+3leagyyAPUuLNs=,oSGZbqIwXNveB0fC2jKIeB3kIzw=
42,40,g3IgtRdO7Ebi+3leagyyAPUuLNs=,oSGZbqIwXNveB0fC2jKIeB3kIzw=
41,40,g3IgtRdO7Ebi+3leagyyAPUuLNs=,oSGZbqIwXNveB0fC2jKIeB3kIzw=
40,40,g3IgtRdO7Ebi+3leagyyAPUuLNs=,oSGZbqIwXNveB0fC2jKIeB3kIzw=
39,40,g3IgtRdO7Ebi+3leagyyAPUuLNs=,oSGZbqIwXNveB0fC2jKIeB3kIzw=
38,40,g3IgtRdO7Ebi+3leagyyAPUuLNs=,oSGZbqIwXNveB0fC2jKIeB3kIzw=
37,40,g3IgtRdO7Ebi+3leagyyAPUuLNs=,oSGZbqIwXNveB0fC2jKIeB3kIzw=
36,40,g3IgtRdO7Ebi+3leagyyAPUuLNs=,oSGZbqIwXNveB0fC2jKIeB3kIzw=
35,40,g3IgtRdO7Ebi+3leagyyAPUuLNs=,oSGZbqIwXNveB0fC2jKIeB3kIzw=
34,40,g3IgtRdO7Ebi+3leagyyAPUuLNs=,oSGZbqIwXNveB0fC2jKIeB3kIzw=
33,40,g3IgtRdO7Ebi+3leagyyAPUuLNs=,oSGZbqIwXNveB0fC2jKIeB3kIzw=
47,39,g3IgtRdO7Ebi+3leagyyAPUuLNs=,oSGZbqIwXNveB0fC2jKIeB3kIzw=
46,39,g3IgtRdO7Ebi+3leagyyAPUuLNs=,oSGZbqIwXNveB0fC2jKIeB3kIzw=
45,39,g3IgtRdO7Ebi+3leagyyAPUuLNs=,oSGZbqIwXNveB0fC2jKIeB3kIzw=
44,39,g3IgtRdO7Ebi+3leagyyAPUuLNs=,oSGZbqIwXNveB0fC2jKIeB3kIzw=
43,39,g3IgtRdO7Ebi+3leagyyAPUuLNs=,oSGZbqIwXNveB0fC2jKIeB3kIzw=
42,39,g3IgtRdO7Ebi+3leagyyAPUuLNs=,oSGZbqIwXNveB0fC2jKIeB3kIzw=
41,39,g3IgtRdO7Ebi+3leagyyAPUuLNs=,oSGZbqIwXNveB0fC2jKIeB3kIzw=
40,39,g3IgtRdO7Ebi+3leagyyAPUuLNs=,oSGZbqIwXNveB0fC2jKIeB3kIzw=
39,39,g3IgtRdO7Ebi+3leagyyAPUuLNs=,oSGZbqIwXNveB0fC2jKIeB3kIzw=
38,39,g3IgtRdO7Ebi+3leagyyAPUuLNs=,oSGZbqIwXNveB0fC2jKIeB3kIzw=
37,39,g3IgtRdO7Ebi+3leagyyAPUuLNs=,oSGZbqIwXNveB0fC2jKIeB3kIzw=
36,39,g3IgtRdO7Ebi+3leagyyAPUuLNs=,oSGZbqIwXNveB0fC2jKIeB3kIzw=
33,39,g3IgtRdO7Ebi+3leagyyAPUuLNs=,oSGZbqIwXNveB0fC2jKIeB3kIzw=
35,39,g3IgtRdO7Ebi+3leagyyAPUuLNs=,oSGZbqIwXNveB0fC2jKIeB3kIzw=
47,38,g3IgtRdO7Ebi+3leagyyAPUuLNs=,oSGZbqIwXNveB0fC2jKIeB3kIzw=
34,39,g3IgtRdO7Ebi+3leagyyAPUuLNs=,oSGZbqIwXNveB0fC2jKIeB3kIzw=
46,38,g3IgtRdO7Ebi+3leagyyAPUuLNs=,oSGZbqIwXNveB0fC2jKIeB3kIzw=
44,38,g3IgtRdO7Ebi+3leagyyAPUuLNs=,oSGZbqIwXNveB0fC2jKIeB3kIzw=
45,38,g3IgtRdO7Ebi+3leagyyAPUuLNs=,oSGZbqIwXNveB0fC2jKIeB3kIzw=
43,38,g3IgtRdO7Ebi+3leagyyAPUuLNs=,oSGZbqIwXNveB0fC2jKIeB3kIzw=
42,38,g3IgtRdO7Ebi+3leagyyAPUuLNs=,oSGZbqIwXNveB0fC2jKIeB3kIzw=
41,38,g3IgtRdO7Ebi+3leagyyAPUuLNs=,oSGZbqIwXNveB0fC2jKIeB3kIzw=
40,38,g3IgtRdO7Ebi+3leagyyAPUuLNs=,oSGZbqIwXNveB0fC2jKIeB3kIzw=
39,38,g3IgtRdO7Ebi+3leagyyAPUuLNs=,oSGZbqIwXNveB0fC2jKIeB3kIzw=
38,38,g3IgtRdO7Ebi+3leagyyAPUuLNs=,oSGZbqIwXNveB0fC2jKIeB3kIzw=
37,38,g3IgtRdO7Ebi+3leagyyAPUuLNs=,oSGZbqIwXNveB0fC2jKIeB3kIzw=
35,38,g3IgtRdO7Ebi+3leagyyAPUuLNs=,oSGZbqIwXNveB0fC2jKIeB3kIzw=
36,38,g3IgtRdO7Ebi+3leagyyAPUuLNs=,oSGZbqIwXNveB0fC2jKIeB3kIzw=
34,38,g3IgtRdO7Ebi+3leagyyAPUuLNs=,oSGZbqIwXNveB0fC2jKIeB3kIzw=
47,37,g3IgtRdO7Ebi+3leagyyAPUuLNs=,oSGZbqIwXNveB0fC2jKIeB3kIzw=
33,38,g3IgtRdO7Ebi+3leagyyAPUuLNs=,oSGZbqIwXNveB0fC2jKIeB3kIzw=
46,37,g3IgtRdO7Ebi+3leagyyAPUuLNs=,oSGZbqIwXNveB0fC2jKIeB3kIzw=
45,37,g3IgtRdO7Ebi+3leagyyAPUuLNs=,oSGZbqIwXNveB0fC2jKIeB3kIzw=
44,37,g3IgtRdO7Ebi+3leagyyAPUuLNs=,oSGZbqIwXNveB0fC2jKIeB3kIzw=
43,37,g3IgtRdO7Ebi+3leagyyAPUuLNs=,oSGZbqIwXNveB0fC2jKIeB3kIzw=
42,37,g3IgtRdO7Ebi+3leagyyAPUuLNs=,oSGZbqIwXNveB0fC2jKIeB3kIzw=
40,37,g3IgtRdO7Ebi+3leagyyAPUuLNs=,oSGZbqIwXNveB0fC2jKIeB3kIzw=
39,37,g3IgtRdO7Ebi+3leagyyAPUuLNs=,oSGZbqIwXNveB0fC2jKIeB3kIzw=
38,37,g3IgtRdO7Ebi+3leagyyAPUuLNs=,oSGZbqIwXNveB0fC2jKIeB3kIzw=
37,37,g3IgtRdO7Ebi+3leagyyAPUuLNs=,oSGZbqIwXNveB0fC2jKIeB3kIzw=
36,37,g3IgtRdO7Ebi+3leagyyAPUuLNs=,oSGZbqIwXNveB0fC2jKIeB3kIzw=
41,37,g3IgtRdO7Ebi+3leagyyAPUuLNs=,oSGZbqIwXNveB0fC2jKIeB3kIzw=
35,37,g3IgtRdO7Ebi+3leagyyAPUuLNs=,oSGZbqIwXNveB0fC2jKIeB3kIzw=
34,37,g3IgtRdO7Ebi+3leagyyAPUuLNs=,oSGZbqIwXNveB0fC2jKIeB3kIzw=
33,37,g3IgtRdO7Ebi+3leagyyAPUuLNs=,oSGZbqIwXNveB0fC2jKIeB3kIzw=
47,36,g3IgtRdO7Ebi+3leagyyAPUuLNs=,oSGZbqIwXNveB0fC2jKIeB3kIzw=
46,36,g3IgtRdO7Ebi+3leagyyAPUuLNs=,oSGZbqIwXNveB0fC2jKIeB3kIzw=
45,36,g3IgtRdO7Ebi+3leagyyAPUuLNs=,oSGZbqIwXNveB0fC2jKIeB3kIzw=
44,36,g3IgtRdO7Ebi+3leagyyAPUuLNs=,oSGZbqIwXNveB0fC2jKIeB3kIzw=
42,36,g3IgtRdO7Ebi+3leagyyAPUuLNs=,oSGZbqIwXNveB0fC2jKIeB3kIzw=
43,36,g3IgtRdO7Ebi+3leagyyAPUuLNs=,oSGZbqIwXNveB0fC2jKIeB3kIzw=
41,36,g3IgtRdO7Ebi+3leagyyAPUuLNs=,oSGZbqIwXNveB0fC2jKIeB3kIzw=
40,36,g3IgtRdO7Ebi+3leagyyAPUuLNs=,oSGZbqIwXNveB0fC2jKIeB3kIzw=
38,36,g3IgtRdO7Ebi+3leagyyAPUuLNs=,oSGZbqIwXNveB0fC2jKIeB3kIzw=
39,36,g3IgtRdO7Ebi+3leagyyAPUuLNs=,oSGZbqIwXNveB0fC2jKIeB3kIzw=
37,36,g3IgtRdO7Ebi+3leagyyAPUuLNs=,oSGZbqIwXNveB0fC2jKIeB3kIzw=
36,36,g3IgtRdO7Ebi+3leagyyAPUuLNs=,oSGZbqIwXNveB0fC2jKIeB3kIzw=
34,36,g3IgtRdO7Ebi+3leagyyAPUuLNs=,oSGZbqIwXNveB0fC2jKIeB3kIzw=
35,36,g3IgtRdO7Ebi+3leagyyAPUuLNs=,oSGZbqIwXNveB0fC2jKIeB3kIzw=
33,36,g3IgtRdO7Ebi+3leagyyAPUuLNs=,oSGZbqIwXNveB0fC2jKIeB3kIzw=
47,35,g3IgtRdO7Ebi+3leagyyAPUuLNs=,oSGZbqIwXNveB0fC2jKIeB3kIzw=
46,35,g3IgtRdO7Ebi+3leagyyAPUuLNs=,oSGZbqIwXNveB0fC2jKIeB3kIzw=
45,35,g3IgtRdO7Ebi+3leagyyAPUuLNs=,oSGZbqIwXNveB0fC2jKIeB3kIzw=
44,35,g3IgtRdO7Ebi+3leagyyAPUuLNs=,oSGZbqIwXNveB0fC2jKIeB3kIzw=
43,35,g3IgtRdO7Ebi+3leagyyAPUuLNs=,oSGZbqIwXNveB0fC2jKIeB3kIzw=
42,35,g3IgtRdO7Ebi+3leagyyAPUuLNs=,oSGZbqIwXNveB0fC2jKIeB3kIzw=
41,35,g3IgtRdO7Ebi+3leagyyAPUuLNs=,oSGZbqIwXNveB0fC2jKIeB3kIzw=
40,35,g3IgtRdO7Ebi+3leagyyAPUuLNs=,oSGZbqIwXNveB0fC2jKIeB3kIzw=
39,35,g3IgtRdO7Ebi+3leagyyAPUuLNs=,oSGZbqIwXNveB0fC2jKIeB3kIzw=
38,35,g3IgtRdO7Ebi+3leagyyAPUuLNs=,oSGZbqIwXNveB0fC2jKIeB3kIzw=
36,35,g3IgtRdO7Ebi+3leagyyAPUuLNs=,oSGZbqIwXNveB0fC2jKIeB3kIzw=
35,35,g3IgtRdO7Ebi+3leagyyAPUuLNs=,oSGZbqIwXNveB0fC2jKIeB3kIzw=
34,35,g3IgtRdO7Ebi+3leagyyAPUuLNs=,oSGZbqIwXNveB0fC2jKIeB3kIzw=
37,35,g3IgtRdO7Ebi+3leagyyAPUuLNs=,oSGZbqIwXNveB0fC2jKIeB3kIzw=
33,35,g3IgtRdO7Ebi+3leagyyAPUuLNs=,oSGZbqIwXNveB0fC2jKIeB3kIzw=
47,34,g3IgtRdO7Ebi+3leagyyAPUuLNs=,oSGZbqIwXNveB0fC2jKIeB3kIzw=
45,34,g3IgtRdO7Ebi+3leagyyAPUuLNs=,oSGZbqIwXNveB0fC2jKIeB3kIzw=
46,34,g3IgtRdO7Ebi+3leagyyAPUuLNs=,oSGZbqIwXNveB0fC2jKIeB3kIzw=
44,34,g3IgtRdO7Ebi+3leagyyAPUuLNs=,oSGZbqIwXNveB0fC2jKIeB3kIzw=
43,34,g3IgtRdO7Ebi+3leagyyAPUuLNs=,oSGZbqIwXNveB0fC2jKIeB3kIzw=
42,34,g3IgtRdO7Ebi+3leagyyAPUuLNs=,oSGZbqIwXNveB0fC2jKIeB3kIzw=
41,34,g3IgtRdO7Ebi+3leagyyAPUuLNs=,oSGZbqIwXNveB0fC2jKIeB3kIzw=
39,34,g3IgtRdO7Ebi+3leagyyAPUuLNs=,oSGZbqIwXNveB0fC2jKIeB3kIzw=
38,34,g3IgtRdO7Ebi+3leagyyAPUuLNs=,oSGZbqIwXNveB0fC2jKIeB3kIzw=
37,34,g3IgtRdO7Ebi+3leagyyAPUuLNs=,oSGZbqIwXNveB0fC2jKIeB3kIzw=
36,34,g3IgtRdO7Ebi+3leagyyAPUuLNs=,oSGZbqIwXNveB0fC2jKIeB3kIzw=
40,34,g3IgtRdO7Ebi+3leagyyAPUuLNs=,oSGZbqIwXNveB0fC2jKIeB3kIzw=
35,34,g3IgtRdO7Ebi+3leagyyAPUuLNs=,oSGZbqIwXNveB0fC2jKIeB3kIzw=
34,34,g3IgtRdO7Ebi+3leagyyAPUuLNs=,oSGZbqIwXNveB0fC2jKIeB3kIzw=
33,34,g3IgtRdO7Ebi+3leagyyAPUuLNs=,oSGZbqIwXNveB0fC2jKIeB3kIzw=
47,33,g3IgtRdO7Ebi+3leagyyAPUuLNs=,oSGZbqIwXNveB0fC2jKIeB3kIzw=
46,33,g3IgtRdO7Ebi+3leagyyAPUuLNs=,oSGZbqIwXNveB0fC2jKIeB3kIzw=
45,33,g3IgtRdO7Ebi+3leagyyAPUuLNs=,oSGZbqIwXNveB0fC2jKIeB3kIzw=
44,33,g3IgtRdO7Ebi+3leagyyAPUuLNs=,oSGZbqIwXNveB0fC2jKIeB3kIzw=
43,33,g3IgtRdO7Ebi+3leagyyAPUuLNs=,oSGZbqIwXNveB0fC2jKIeB3kIzw=
42,33,g3IgtRdO7Ebi+3leagyyAPUuLNs=,oSGZbqIwXNveB0fC2jKIeB3kIzw=
41,33,g3IgtRdO7Ebi+3leagyyAPUuLNs=,oSGZbqIwXNveB0fC2jKIeB3kIzw=
40,33,g3IgtRdO7Ebi+3leagyyAPUuLNs=,oSGZbqIwXNveB0fC2jKIeB3kIzw=
39,33,g3IgtRdO7Ebi+3leagyyAPUuLNs=,oSGZbqIwXNveB0fC2jKIeB3kIzw=
38,33,g3IgtRdO7Ebi+3leagyyAPUuLNs=,oSGZbqIwXNveB0fC2jKIeB3kIzw=
37,33,g3IgtRdO7Ebi+3leagyyAPUuLNs=,oSGZbqIwXNveB0fC2jKIeB3kIzw=
36,33,g3IgtRdO7Ebi+3leagyyAPUuLNs=,oSGZbqIwXNveB0fC2jKIeB3kIzw=
32,36,g3IgtRdO7Ebi+3leagyyAPUuLNs=,oSGZbqIwXNveB0fC2jKIeB3kIzw=
32,37,g3IgtRdO7Ebi+3leagyyAPUuLNs=,oSGZbqIwXNveB0fC2jKIeB3kIzw=
32,38,g3IgtRdO7Ebi+3leagyyAPUuLNs=,oSGZbqIwXNveB0fC2jKIeB3kIzw=
32,39,g3IgtRdO7Ebi+3leagyyAPUuLNs=,oSGZbqIwXNveB0fC2jKIeB3kIzw=
32,40,g3IgtRdO7Ebi+3leagyyAPUuLNs=,oSGZbqIwXNveB0fC2jKIeB3kIzw=
32,41,g3IgtRdO7Ebi+3leagyyAPUuLNs=,oSGZbqIwXNveB0fC2jKIeB3kIzw=
32,43,g3IgtRdO7Ebi+3leagyyAPUuLNs=,oSGZbqIwXNveB0fC2jKIeB3kIzw=
32,42,g3IgtRdO7Ebi+3leagyyAPUuLNs=,oSGZbqIwXNveB0fC2jKIeB3kIzw=
32,44,g3IgtRdO7Ebi+3leagyyAPUuLNs=,oSGZbqIwXNveB0fC2jKIeB3kIzw=
32,45,g3IgtRdO7Ebi+3leagyyAPUuLNs=,oSGZbqIwXNveB0fC2jKIeB3kIzw=
32,46,g3IgtRdO7Ebi+3leagyyAPUuLNs=,oSGZbqIwXNveB0fC2jKIeB3kIzw=
32,47,g3IgtRdO7Ebi+3leagyyAPUuLNs=,oSGZbqIwXNveB0fC2jKIeB3kIzw=
34,32,g3IgtRdO7Ebi+3leagyyAPUuLNs=,oSGZbqIwXNveB0fC2jKIeB3kIzw=
33,32,g3IgtRdO7Ebi+3leagyyAPUuLNs=,oSGZbqIwXNveB0fC2jKIeB3kIzw=
32,33,g3IgtRdO7Ebi+3leagyyAPUuLNs=,oSGZbqIwXNveB0fC2jKIeB3kIzw=
33,33,g3IgtRdO7Ebi+3leagyyAPUuLNs=,oSGZbqIwXNveB0fC2jKIeB3kIzw=
34,33,g3IgtRdO7Ebi+3leagyyAPUuLNs=,oSGZbqIwXNveB0fC2jKIeB3kIzw=
32,34,g3IgtRdO7Ebi+3leagyyAPUuLNs=,oSGZbqIwXNveB0fC2jKIeB3kIzw=
32,32,g3IgtRdO7Ebi+3leagyyAPUuLNs=,oSGZbqIwXNveB0fC2jKIeB3kIzw=
32,35,g3IgtRdO7Ebi+3leagyyAPUuLNs=,oSGZbqIwXNveB0fC2jKIeB3kIzw=
52,34,g3IgtRdO7Ebi+3leagyyAPUuLNs=,oSGZbqIwXNveB0fC2jKIeB3kIzw=
51,34,g3IgtRdO7Ebi+3leagyyAPUuLNs=,oSGZbqIwXNveB0fC2jKIeB3kIzw=
49,33,g3IgtRdO7Ebi+3leagyyAPUuLNs=,oSGZbqIwXNveB0fC2jKIeB3kIzw=
50,34,g3IgtRdO7Ebi+3leagyyAPUuLNs=,oSGZbqIwXNveB0fC2jKIeB3kIzw=
50,33,g3IgtRdO7Ebi+3leagyyAPUuLNs=,oSGZbqIwXNveB0fC2jKIeB3kIzw=
48,33,g3IgtRdO7Ebi+3leagyyAPUuLNs=,oSGZbqIwXNveB0fC2jKIeB3kIzw=
49,32,g3IgtRdO7Ebi+3leagyyAPUuLNs=,oSGZbqIwXNveB0fC2jKIeB3kIzw=
49,34,g3IgtRdO7Ebi+3leagyyAPUuLNs=,oSGZbqIwXNveB0fC2jKIeB3kIzw=
48,34,g3IgtRdO7Ebi+3leagyyAPUuLNs=,oSGZbqIwXNveB0fC2jKIeB3kIzw=
62,33,g3IgtRdO7Ebi+3leagyyAPUuLNs=,oSGZbqIwXNveB0fC2jKIeB3kIzw=
63,33,g3IgtRdO7Ebi+3leagyyAPUuLNs=,oSGZbqIwXNveB0fC2jKIeB3kIzw=
61,33,g3IgtRdO7Ebi+3leagyyAPUuLNs=,oSGZbqIwXNveB0fC2jKIeB3kIzw=
59,33,g3IgtRdO7Ebi+3leagyyAPUuLNs=,oSGZbqIwXNveB0fC2jKIeB3kIzw=
60,33,g3IgtRdO7Ebi+3leagyyAPUuLNs=,oSGZbqIwXNveB0fC2jKIeB3kIzw=
58,33,g3IgtRdO7Ebi+3leagyyAPUuLNs=,oSGZbqIwXNveB0fC2jKIeB3kIzw=
56,33,g3IgtRdO7Ebi+3leagyyAPUuLNs=,oSGZbqIwXNveB0fC2jKIeB3kIzw=
55,33,g3IgtRdO7Ebi+3leagyyAPUuLNs=,oSGZbqIwXNveB0fC2jKIeB3kIzw=
54,33,g3IgtRdO7Ebi+3leagyyAPUuLNs=,oSGZbqIwXNveB0fC2jKIeB3kIzw=
53,33,g3IgtRdO7Ebi+3leagyyAPUuLNs=,oSGZbqIwXNveB0fC2jKIeB3kIzw=
52,33,g3IgtRdO7Ebi+3leagyyAPUuLNs=,oSGZbqIwXNveB0fC2jKIeB3kIzw=
57,33,g3IgtRdO7Ebi+3leagyyAPUuLNs=,oSGZbqIwXNveB0fC2jKIeB3kIzw=
51,33,g3IgtRdO7Ebi+3leagyyAPUuLNs=,oSGZbqIwXNveB0fC2jKIeB3kIzw=
48,32,g3IgtRdO7Ebi+3leagyyAPUuLNs=,oSGZbqIwXNveB0fC2jKIeB3kIzw=
62,47,g3IgtRdO7Ebi+3leagyyAPUuLNs=,oSGZbqIwXNveB0fC2jKIeB3kIzw=
60,47,g3IgtRdO7Ebi+3leagyyAPUuLNs=,oSGZbqIwXNveB0fC2jKIeB3kIzw=
59,47,g3IgtRdO7Ebi+3leagyyAPUuLNs=,oSGZbqIwXNveB0fC2jKIeB3kIzw=
58,47,g3IgtRdO7Ebi+3leagyyAPUuLNs=,oSGZbqIwXNveB0fC2jKIeB3kIzw=
63,47,g3IgtRdO7Ebi+3leagyyAPUuLNs=,oSGZbqIwXNveB0fC2jKIeB3kIzw=
56,47,g3IgtRdO7Ebi+3leagyyAPUuLNs=,oSGZbqIwXNveB0fC2jKIeB3kIzw=
57,47,g3IgtRdO7Ebi+3leagyyAPUuLNs=,oSGZbqIwXNveB0fC2jKIeB3kIzw=
55,47,g3IgtRdO7Ebi+3leagyyAPUuLNs=,oSGZbqIwXNveB0fC2jKIeB3kIzw=
61,47,g3IgtRdO7Ebi+3leagyyAPUuLNs=,oSGZbqIwXNveB0fC2jKIeB3kIzw=
53,47,g3IgtRdO7Ebi+3leagyyAPUuLNs=,oSGZbqIwXNveB0fC2jKIeB3kIzw=
54,47,g3IgtRdO7Ebi+3leagyyAPUuLNs=,oSGZbqIwXNveB0fC2jKIeB3kIzw=
51,47,g3IgtRdO7Ebi+3leagyyAPUuLNs=,oSGZbqIwXNveB0fC2jKIeB3kIzw=
50,47,g3IgtRdO7Ebi+3leagyyAPUuLNs=,oSGZbqIwXNveB0fC2jKIeB3kIzw=
63,32,g3IgtRdO7Ebi+3leagyyAPUuLNs=,oSGZbqIwXNveB0fC2jKIeB3kIzw=
49,47,g3IgtRdO7Ebi+3leagyyAPUuLNs=,oSGZbqIwXNveB0fC2jKIeB3kIzw=
52,47,g3IgtRdO7Ebi+3leagyyAPUuLNs=,oSGZbqIwXNveB0fC2jKIeB3kIzw=
63,46,g3IgtRdO7Ebi+3leagyyAPUuLNs=,oSGZbqIwXNveB0fC2jKIeB3kIzw=
61,46,g3IgtRdO7Ebi+3leagyyAPUuLNs=,oSGZbqIwXNveB0fC2jKIeB3kIzw=
59,46,g3IgtRdO7Ebi+3leagyyAPUuLNs=,oSGZbqIwXNveB0fC2jKIeB3kIzw=
48,47,g3IgtRdO7Ebi+3leagyyAPUuLNs=,oSGZbqIwXNveB0fC2jKIeB3kIzw=
60,46,g3IgtRdO7Ebi+3leagyyAPUuLNs=,oSGZbqIwXNveB0fC2jKIeB3kIzw=
58,46,g3IgtRdO7Ebi+3leagyyAPUuLNs=,oSGZbqIwXNveB0fC2jKIeB3kIzw=
57,46,g3IgtRdO7Ebi+3leagyyAPUuLNs=,oSGZbqIwXNveB0fC2jKIeB3kIzw=
56,46,g3IgtRdO7Ebi+3leagyyAPUuLNs=,oSGZbqIwXNveB0fC2jKIeB3kIzw=
55,46,g3IgtRdO7Ebi+3leagyyAPUuLNs=,oSGZbqIwXNveB0fC2jKIeB3kIzw=
54,46,g3IgtRdO7Ebi+3leagyyAPUuLNs=,oSGZbqIwXNveB0fC2jKIeB3kIzw=
62,32,g3IgtRdO7Ebi+3leagyyAPUuLNs=,oSGZbqIwXNveB0fC2jKIeB3kIzw=
62,46,g3IgtRdO7Ebi+3leagyyAPUuLNs=,oSGZbqIwXNveB0fC2jKIeB3kIzw=
52,46,g3IgtRdO7Ebi+3leagyyAPUuLNs=,oSGZbqIwXNveB0fC2jKIeB3kIzw=
51,46,g3IgtRdO7Ebi+3leagyyAPUuLNs=,oSGZbqIwXNveB0fC2jKIeB3kIzw=
53,46,g3IgtRdO7Ebi+3leagyyAPUuLNs=,oSGZbqIwXNveB0fC2jKIeB3kIzw=
50,46,g3IgtRdO7Ebi+3leagyyAPUuLNs=,oSGZbqIwXNveB0fC2jKIeB3kIzw=
49,46,g3IgtRdO7Ebi+3leagyyAPUuLNs=,oSGZbqIwXNveB0fC2jKIeB3kIzw=
63,45,g3IgtRdO7Ebi+3leagyyAPUuLNs=,oSGZbqIwXNveB0fC2jKIeB3kIzw=
62,45,g3IgtRdO7Ebi+3leagyyAPUuLNs=,oSGZbqIwXNveB0fC2jKIeB3kIzw=
59,45,g3IgtRdO7Ebi+3leagyyAPUuLNs=,oSGZbqIwXNveB0fC2jKIeB3kIzw=
61,45,g3IgtRdO7Ebi+3leagyyAPUuLNs=,oSGZbqIwXNveB0fC2jKIeB3kIzw=
58,45,g3IgtRdO7Ebi+3leagyyAPUuLNs=,oSGZbqIwXNveB0fC2jKIeB3kIzw=
60,45,g3IgtRdO7Ebi+3leagyyAPUuLNs=,oSGZbqIwXNveB0fC2jKIeB3kIzw=
48,46,g3IgtRdO7Ebi+3leagyyAPUuLNs=,oSGZbqIwXNveB0fC2jKIeB3kIzw=
56,45,g3IgtRdO7Ebi+3leagyyAPUuLNs=,oSGZbqIwXNveB0fC2jKIeB3kIzw=
57,45,g3IgtRdO7Ebi+3leagyyAPUuLNs=,oSGZbqIwXNveB0fC2jKIeB3kIzw=
55,45,g3IgtRdO7Ebi+3leagyyAPUuLNs=,oSGZbqIwXNveB0fC2jKIeB3kIzw=
61,32,g3IgtRdO7Ebi+3leagyyAPUuLNs=,oSGZbqIwXNveB0fC2jKIeB3kIzw=
53,45,g3IgtRdO7Ebi+3leagyyAPUuLNs=,oSGZbqIwXNveB0fC2jKIeB3kIzw=
54,45,g3IgtRdO7Ebi+3leagyyAPUuLNs=,oSGZbqIwXNveB0fC2jKIeB3kIzw=
50,45,g3IgtRdO7Ebi+3leagyyAPUuLNs=,oSGZbqIwXNveB0fC2jKIeB3kIzw=
52,45,g3IgtRdO7Ebi+3leagyyAPUuLNs=,oSGZbqIwXNveB0fC2jKIeB3kIzw=
51,45,g3IgtRdO7Ebi+3leagyyAPUuLNs=,oSGZbqIwXNveB0fC2jKIeB3kIzw=
48,45,g3IgtRdO7Ebi+3leagyyAPUuLNs=,oSGZbqIwXNveB0fC2jKIeB3kIzw=
49,45,g3IgtRdO7Ebi+3leagyyAPUuLNs=,oSGZbqIwXNveB0fC2jKIeB3kIzw=
61,44,g3IgtRdO7Ebi+3leagyyAPUuLNs=,oSGZbqIwXNveB0fC2jKIeB3kIzw=
62,44,g3IgtRdO7Ebi+3leagyyAPUuLNs=,oSGZbqIwXNveB0fC2jKIeB3kIzw=
60,44,g3IgtRdO7Ebi+3leagyyAPUuLNs=,oSGZbqIwXNveB0fC2jKIeB3kIzw=
59,44,g3IgtRdO7Ebi+3leagyyAPUuLNs=,oSGZbqIwXNveB0fC2jKIeB3kIzw=
56,44,g3IgtRdO7Ebi+3leagyyAPUuLNs=,oSGZbqIwXNveB0fC2jKIeB3kIzw=
57,44,g3IgtRdO7Ebi+3leagyyAPUuLNs=,oSGZbqIwXNveB0fC2jKIeB3kIzw=
58,44,g3IgtRdO7Ebi+3leagyyAPUuLNs=,oSGZbqIwXNveB0fC2jKIeB3kIzw=
60,32,g3IgtRdO7Ebi+3leagyyAPUuLNs=,oSGZbqIwXNveB0fC2jKIeB3kIzw=
54,44,g3IgtRdO7Ebi+3leagyyAPUuLNs=,oSGZbqIwXNveB0fC2jKIeB3kIzw=
55,44,g3IgtRdO7Ebi+3leagyyAPUuLNs=,oSGZbqIwXNveB0fC2jKIeB3kIzw=
63,44,g3IgtRdO7Ebi+3leagyyAPUuLNs=,oSGZbqIwXNveB0fC2jKIeB3kIzw=
53,44,g3IgtRdO7Ebi+3leagyyAPUuLNs=,oSGZbqIwXNveB0fC2jKIeB3kIzw=
51,44,g3IgtRdO7Ebi+3leagyyAPUuLNs=,oSGZbqIwXNveB0fC2jKIeB3kIzw=
48,44,g3IgtRdO7Ebi+3leagyyAPUuLNs=,oSGZbqIwXNveB0fC2jKIeB3kIzw=
49,44,g3IgtRdO7Ebi+3leagyyAPUuLNs=,oSGZbqIwXNveB0fC2jKIeB3kIzw=
50,44,g3IgtRdO7Ebi+3leagyyAPUuLNs=,oSGZbqIwXNveB0fC2jKIeB3kIzw=
62,43,g3IgtRdO7Ebi+3leagyyAPUuLNs=,oSGZbqIwXNveB0fC2jKIeB3kIzw=
52,44,g3IgtRdO7Ebi+3leagyyAPUuLNs=,oSGZbqIwXNveB0fC2jKIeB3kIzw=
63,43,g3IgtRdO7Ebi+3leagyyAPUuLNs=,oSGZbqIwXNveB0fC2jKIeB3kIzw=
61,43,g3IgtRdO7Ebi+3leagyyAPUuLNs=,oSGZbqIwXNveB0fC2jKIeB3kIzw=
59,43,g3IgtRdO7Ebi+3leagyyAPUuLNs=,oSGZbqIwXNveB0fC2jKIeB3kIzw=
57,43,g3IgtRdO7Ebi+3leagyyAPUuLNs=,oSGZbqIwXNveB0fC2jKIeB3kIzw=
59,32,g3IgtRdO7Ebi+3leagyyAPUuLNs=,oSGZbqIwXNveB0fC2jKIeB3kIzw=
58,43,g3IgtRdO7Ebi+3leagyyAPUuLNs=,oSGZbqIwXNveB0fC2jKIeB3kIzw=
56,43,g3IgtRdO7Ebi+3leagyyAPUuLNs=,oSGZbqIwXNveB0fC2jKIeB3kIzw=
55,43,g3IgtRdO7Ebi+3leagyyAPUuLNs=,oSGZbqIwXNveB0fC2jKIeB3kIzw=
53,43,g3IgtRdO7Ebi+3leagyyAPUuLNs=,oSGZbqIwXNveB0fC2jKIeB3kIzw=
54,43,g3IgtRdO7Ebi+3leagyyAPUuLNs=,oSGZbqIwXNveB0fC2jKIeB3kIzw=
60,43,g3IgtRdO7Ebi+3leagyyAPUuLNs=,oSGZbqIwXNveB0fC2jKIeB3kIzw=
52,43,g3IgtRdO7Ebi+3leagyyAPUuLNs=,oSGZbqIwXNveB0fC2jKIeB3kIzw=
49,43,g3IgtRdO7Ebi+3leagyyAPUuLNs=,oSGZbqIwXNveB0fC2jKIeB3kIzw=
50,43,g3IgtRdO7Ebi+3leagyyAPUuLNs=,oSGZbqIwXNveB0fC2jKIeB3kIzw=
51,43,g3IgtRdO7Ebi+3leagyyAPUuLNs=,oSGZbqIwXNveB0fC2jKIeB3kIzw=
62,42,g3IgtRdO7Ebi+3leagyyAPUuLNs=,oSGZbqIwXNveB0fC2jKIeB3kIzw=
63,42,g3IgtRdO7Ebi+3leagyyAPUuLNs=,oSGZbqIwXNveB0fC2jKIeB3kIzw=
61,42,g3IgtRdO7Ebi+3leagyyAPUuLNs=,oSGZbqIwXNveB0fC2jKIeB3kIzw=
60,42,g3IgtRdO7Ebi+3leagyyAPUuLNs=,oSGZbqIwXNveB0fC2jKIeB3kIzw=
58,42,g3IgtRdO7Ebi+3leagyyAPUuLNs=,oSGZbqIwXNveB0fC2jKIeB3kIzw=
59,42,g3IgtRdO7Ebi+3leagyyAPUuLNs=,oSGZbqIwXNveB0fC2jKIeB3kIzw=
56,42,g3IgtRdO7Ebi+3leagyyAPUuLNs=,oSGZbqIwXNveB0fC2jKIeB3kIzw=
58,32,g3IgtRdO7Ebi+3leagyyAPUuLNs=,oSGZbqIwXNveB0fC2jKIeB3kIzw=
55,42,g3IgtRdO7Ebi+3leagyyAPUuLNs=,oSGZbqIwXNveB0fC2jKIeB3kIzw=
48,43,g3IgtRdO7Ebi+3leagyyAPUuLNs=,oSGZbqIwXNveB0fC2jKIeB3kIzw=
53,42,g3IgtRdO7Ebi+3leagyyAPUuLNs=,oSGZbqIwXNveB0fC2jKIeB3kIzw=
54,42,g3IgtRdO7Ebi+3leagyyAPUuLNs=,oSGZbqIwXNveB0fC2jKIeB3kIzw=
57,42,g3IgtRdO7Ebi+3leagyyAPUuLNs=,oSGZbqIwXNveB0fC2jKIeB3kIzw=
50,42,g3IgtRdO7Ebi+3leagyyAPUuLNs=,oSGZbqIwXNveB0fC2jKIeB3kIzw=
51,42,g3IgtRdO7Ebi+3leagyyAPUuLNs=,oSGZbqIwXNveB0fC2jKIeB3kIzw=
52,42,g3IgtRdO7Ebi+3leagyyAPUuLNs=,oSGZbqIwXNveB0fC2jKIeB3kIzw=
63,41,g3IgtRdO7Ebi+3leagyyAPUuLNs=,oSGZbqIwXNveB0fC2jKIeB3kIzw=
62,41,g3IgtRdO7Ebi+3leagyyAPUuLNs=,oSGZbqIwXNveB0fC2jKIeB3kIzw=
60,41,g3IgtRdO7Ebi+3leagyyAPUuLNs=,oSGZbqIwXNveB0fC2jKIeB3kIzw=
57,32,g3IgtRdO7Ebi+3leagyyAPUuLNs=,oSGZbqIwXNveB0fC2jKIeB3kIzw=
59,41,g3IgtRdO7Ebi+3leagyyAPUuLNs=,oSGZbqIwXNveB0fC2jKIeB3kIzw=
58,41,g3IgtRdO7Ebi+3leagyyAPUuLNs=,oSGZbqIwXNveB0fC2jKIeB3kIzw=
48,42,g3IgtRdO7Ebi+3leagyyAPUuLNs=,oSGZbqIwXNveB0fC2jKIeB3kIzw=
57,41,g3IgtRdO7Ebi+3leagyyAPUuLNs=,oSGZbqIwXNveB0fC2jKIeB3kIzw=
61,41,g3IgtRdO7Ebi+3leagyyAPUuLNs=,oSGZbqIwXNveB0fC2jKIeB3kIzw=
54,41,g3IgtRdO7Ebi+3leagyyAPUuLNs=,oSGZbqIwXNveB0fC2jKIeB3kIzw=
56,41,g3IgtRdO7Ebi+3leagyyAPUuLNs=,oSGZbqIwXNveB0fC2jKIeB3kIzw=
51,41,g3IgtRdO7Ebi+3leagyyAPUuLNs=,oSGZbqIwXNveB0fC2jKIeB3kIzw=
49,42,g3IgtRdO7Ebi+3leagyyAPUuLNs=,oSGZbqIwXNveB0fC2jKIeB3kIzw=
55,41,g3IgtRdO7Ebi+3leagyyAPUuLNs=,oSGZbqIwXNveB0fC2jKIeB3kIzw=
53,41,g3IgtRdO7Ebi+3leagyyAPUuLNs=,oSGZbqIwXNveB0fC2jKIeB3kIzw=
49,41,g3IgtRdO7Ebi+3leagyyAPUuLNs=,oSGZbqIwXNveB0fC2jKIeB3kIzw=
50,41,g3IgtRdO7Ebi+3leagyyAPUuLNs=,oSGZbqIwXNveB0fC2jKIeB3kIzw=
62,40,g3IgtRdO7Ebi+3leagyyAPUuLNs=,oSGZbqIwXNveB0fC2jKIeB3kIzw=
48,41,g3IgtRdO7Ebi+3leagyyAPUuLNs=,oSGZbqIwXNveB0fC2jKIeB3kIzw=
52,41,g3IgtRdO7Ebi+3leagyyAPUuLNs=,oSGZbqIwXNveB0fC2jKIeB3kIzw=
63,40,g3IgtRdO7Ebi+3leagyyAPUuLNs=,oSGZbqIwXNveB0fC2jKIeB3kIzw=
61,40,g3IgtRdO7Ebi+3leagyyAPUuLNs=,oSGZbqIwXNveB0fC2jKIeB3kIzw=
56,32,g3IgtRdO7Ebi+3leagyyAPUuLNs=,oSGZbqIwXNveB0fC2jKIeB3kIzw=
60,40,g3IgtRdO7Ebi+3leagyyAPUuLNs=,oSGZbqIwXNveB0fC2jKIeB3kIzw=
59,40,g3IgtRdO7Ebi+3leagyyAPUuLNs=,oSGZbqIwXNveB0fC2jKIeB3kIzw=
57,40,g3IgtRdO7Ebi+3leagyyAPUuLNs=,oSGZbqIwXNveB0fC2jKIeB3kIzw=
58,40,g3IgtRdO7Ebi+3leagyyAPUuLNs=,oSGZbqIwXNveB0fC2jKIeB3kIzw=
55,40,g3IgtRdO7Ebi+3leagyyAPUuLNs=,oSGZbqIwXNveB0fC2jKIeB3kIzw=
56,40,g3IgtRdO7Ebi+3leagyyAPUuLNs=,oSGZbqIwXNveB0fC2jKIeB3kIzw=
54,40,g3IgtRdO7Ebi+3leagyyAPUuLNs=,oSGZbqIwXNveB0fC2jKIeB3kIzw=
50,40,g3IgtRdO7Ebi+3leagyyAPUuLNs=,oSGZbqIwXNveB0fC2jKIeB3kIzw=
51,40,g3IgtRdO7Ebi+3leagyyAPUuLNs=,oSGZbqIwXNveB0fC2jKIeB3kIzw=
48,40,g3IgtRdO7Ebi+3leagyyAPUuLNs=,oSGZbqIwXNveB0fC2jKIeB3kIzw=
49,40,g3IgtRdO7Ebi+3leagyyAPUuLNs=,oSGZbqIwXNveB0fC2jKIeB3kIzw=
52,40,g3IgtRdO7Ebi+3leagyyAPUuLNs=,oSGZbqIwXNveB0fC2jKIeB3kIzw=
62,39,g3IgtRdO7Ebi+3leagyyAPUuLNs=,oSGZbqIwXNveB0fC2jKIeB3kIzw=
61,39,g3IgtRdO7Ebi+3leagyyAPUuLNs=,oSGZbqIwXNveB0fC2jKIeB3kIzw=
55,32,g3IgtRdO7Ebi+3leagyyAPUuLNs=,oSGZbqIwXNveB0fC2jKIeB3kIzw=
59,39,g3IgtRdO7Ebi+3leagyyAPUuLNs=,oSGZbqIwXNveB0fC2jKIeB3kIzw=
58,39,g3IgtRdO7Ebi+3leagyyAPUuLNs=,oSGZbqIwXNveB0fC2jKIeB3kIzw=
60,39,g3IgtRdO7Ebi+3leagyyAPUuLNs=,oSGZbqIwXNveB0fC2jKIeB3kIzw=
56,39,g3IgtRdO7Ebi+3leagyyAPUuLNs=,oSGZbqIwXNveB0fC2jKIeB3kIzw=
57,39,g3IgtRdO7Ebi+3leagyyAPUuLNs=,oSGZbqIwXNveB0fC2jKIeB3kIzw=
54,39,g3IgtRdO7Ebi+3leagyyAPUuLNs=,oSGZbqIwXNveB0fC2jKIeB3kIzw=
55,39,g3IgtRdO7Ebi+3leagyyAPUuLNs=,oSGZbqIwXNveB0fC2jKIeB3kIzw=
53,39,g3IgtRdO7Ebi+3leagyyAPUuLNs=,oSGZbqIwXNveB0fC2jKIeB3kIzw=
52,39,g3IgtRdO7Ebi+3leagyyAPUuLNs=,oSGZbqIwXNveB0fC2jKIeB3kIzw=
50,39,g3IgtRdO7Ebi+3leagyyAPUuLNs=,oSGZbqIwXNveB0fC2jKIeB3kIzw=
49,39,g3IgtRdO7Ebi+3leagyyAPUuLNs=,oSGZbqIwXNveB0fC2jKIeB3kIzw=
48,39,g3IgtRdO7Ebi+3leagyyAPUuLNs=,oSGZbqIwXNveB0fC2jKIeB3kIzw=
63,38,g3IgtRdO7Ebi+3leagyyAPUuLNs=,oSGZbqIwXNveB0fC2jKIeB3kIzw=
62,38,g3IgtRdO7Ebi+3leagyyAPUuLNs=,oSGZbqIwXNveB0fC2jKIeB3kIzw=
54,32,g3IgtRdO7Ebi+3leagyyAPUuLNs=,oSGZbqIwXNveB0fC2jKIeB3kIzw=
60,38,g3IgtRdO7Ebi+3leagyyAPUuLNs=,oSGZbqIwXNveB0fC2jKIeB3kIzw=
58,38,g3IgtRdO7Ebi+3leagyyAPUuLNs=,oSGZbqIwXNveB0fC2jKIeB3kIzw=
53,40,g3IgtRdO7Ebi+3leagyyAPUuLNs=,oSGZbqIwXNveB0fC2jKIeB3kIzw=
57,38,g3IgtRdO7Ebi+3leagyyAPUuLNs=,oSGZbqIwXNveB0fC2jKIeB3kIzw=
56,38,g3IgtRdO7Ebi+3leagyyAPUuLNs=,oSGZbqIwXNveB0fC2jKIeB3kIzw=
59,38,g3IgtRdO7Ebi+3leagyyAPUuLNs=,oSGZbqIwXNveB0fC2jKIeB3kIzw=
54,38,g3IgtRdO7Ebi+3leagyyAPUuLNs=,oSGZbqIwXNveB0fC2jKIeB3kIzw=
55,38,g3IgtRdO7Ebi+3leagyyAPUuLNs=,oSGZbqIwXNveB0fC2jKIeB3kIzw=
52,38,g3IgtRdO7Ebi+3leagyyAPUuLNs=,oSGZbqIwXNveB0fC2jKIeB3kIzw=
50,38,g3IgtRdO7Ebi+3leagyyAPUuLNs=,oSGZbqIwXNveB0fC2jKIeB3kIzw=
61,38,g3IgtRdO7Ebi+3leagyyAPUuLNs=,oSGZbqIwXNveB0fC2jKIeB3kIzw=
51,38,g3IgtRdO7Ebi+3leagyyAPUuLNs=,oSGZbqIwXNveB0fC2jKIeB3kIzw=
53,38,g3IgtRdO7Ebi+3leagyyAPUuLNs=,oSGZbqIwXNveB0fC2jKIeB3kIzw=
51,39,g3IgtRdO7Ebi+3leagyyAPUuLNs=,oSGZbqIwXNveB0fC2jKIeB3kIzw=
48,38,g3IgtRdO7Ebi+3leagyyAPUuLNs=,oSGZbqIwXNveB0fC2jKIeB3kIzw=
63,37,g3IgtRdO7Ebi+3leagyyAPUuLNs=,oSGZbqIwXNveB0fC2jKIeB3kIzw=
49,38,g3IgtRdO7Ebi+3leagyyAPUuLNs=,oSGZbqIwXNveB0fC2jKIeB3kIzw=
53,32,g3IgtRdO7Ebi+3leagyyAPUuLNs=,oSGZbqIwXNveB0fC2jKIeB3kIzw=
62,37,g3IgtRdO7Ebi+3leagyyAPUuLNs=,oSGZbqIwXNveB0fC2jKIeB3kIzw=
61,37,g3IgtRdO7Ebi+3leagyyAPUuLNs=,oSGZbqIwXNveB0fC2jKIeB3kIzw=
59,37,g3IgtRdO7Ebi+3leagyyAPUuLNs=,oSGZbqIwXNveB0fC2jKIeB3kIzw=
57,37,g3IgtRdO7Ebi+3leagyyAPUuLNs=,oSGZbqIwXNveB0fC2jKIeB3kIzw=
58,37,g3IgtRdO7Ebi+3leagyyAPUuLNs=,oSGZbqIwXNveB0fC2jKIeB3kIzw=
60,37,g3IgtRdO7Ebi+3leagyyAPUuLNs=,oSGZbqIwXNveB0fC2jKIeB3kIzw=
56,37,g3IgtRdO7Ebi+3leagyyAPUuLNs=,oSGZbqIwXNveB0fC2jKIeB3kIzw=
55,37,g3IgtRdO7Ebi+3leagyyAPUuLNs=,oSGZbqIwXNveB0fC2jKIeB3kIzw=
53,37,g3IgtRdO7Ebi+3leagyyAPUuLNs=,oSGZbqIwXNveB0fC2jKIeB3kIzw=
54,37,g3IgtRdO7Ebi+3leagyyAPUuLNs=,oSGZbqIwXNveB0fC2jKIeB3kIzw=
63,39,g3IgtRdO7Ebi+3leagyyAPUuLNs=,oSGZbqIwXNveB0fC2jKIeB3kIzw=
50,37,g3IgtRdO7Ebi+3leagyyAPUuLNs=,oSGZbqIwXNveB0fC2jKIeB3kIzw=
52,37,g3IgtRdO7Ebi+3leagyyAPUuLNs=,oSGZbqIwXNveB0fC2jKIeB3kIzw=
51,37,g3IgtRdO7Ebi+3leagyyAPUuLNs=,oSGZbqIwXNveB0fC2jKIeB3kIzw=
49,37,g3IgtRdO7Ebi+3leagyyAPUuLNs=,oSGZbqIwXNveB0fC2jKIeB3kIzw=
52,32,g3IgtRdO7Ebi+3leagyyAPUuLNs=,oSGZbqIwXNveB0fC2jKIeB3kIzw=
63,36,g3IgtRdO7Ebi+3leagyyAPUuLNs=,oSGZbqIwXNveB0fC2jKIeB3kIzw=
48,37,g3IgtRdO7Ebi+3leagyyAPUuLNs=,oSGZbqIwXNveB0fC2jKIeB3kIzw=
61,36,g3IgtRdO7Ebi+3leagyyAPUuLNs=,oSGZbqIwXNveB0fC2jKIeB3kIzw=
62,36,g3IgtRdO7Ebi+3leagyyAPUuLNs=,oSGZbqIwXNveB0fC2jKIeB3kIzw=
60,36,g3IgtRdO7Ebi+3leagyyAPUuLNs=,oSGZbqIwXNveB0fC2jKIeB3kIzw=
59,36,g3IgtRdO7Ebi+3leagyyAPUuLNs=,oSGZbqIwXNveB0fC2jKIeB3kIzw=
58,36,g3IgtRdO7Ebi+3leagyyAPUuLNs=,oSGZbqIwXNveB0fC2jKIeB3kIzw=
55,36,g3IgtRdO7Ebi+3leagyyAPUuLNs=,oSGZbqIwXNveB0fC2jKIeB3kIzw=
56,36,g3IgtRdO7Ebi+3leagyyAPUuLNs=,oSGZbqIwXNveB0fC2jKIeB3kIzw=
57,36,g3IgtRdO7Ebi+3leagyyAPUuLNs=,oSGZbqIwXNveB0fC2jKIeB3kIzw=
54,36,g3IgtRdO7Ebi+3leagyyAPUuLNs=,oSGZbqIwXNveB0fC2jKIeB3kIzw=
53,36,g3IgtRdO7Ebi+3leagyyAPUuLNs=,oSGZbqIwXNveB0fC2jKIeB3kIzw=
52,36,g3IgtRdO7Ebi+3leagyyAPUuLNs=,oSGZbqIwXNveB0fC2jKIeB3kIzw=
51,36,g3IgtRdO7Ebi+3leagyyAPUuLNs=,oSGZbqIwXNveB0fC2jKIeB3kIzw=
50,36,g3IgtRdO7Ebi+3leagyyAPUuLNs=,oSGZbqIwXNveB0fC2jKIeB3kIzw=
49,36,g3IgtRdO7Ebi+3leagyyAPUuLNs=,oSGZbqIwXNveB0fC2jKIeB3kIzw=
48,36,g3IgtRdO7Ebi+3leagyyAPUuLNs=,oSGZbqIwXNveB0fC2jKIeB3kIzw=
51,32,g3IgtRdO7Ebi+3leagyyAPUuLNs=,oSGZbqIwXNveB0fC2jKIeB3kIzw=
62,35,g3IgtRdO7Ebi+3leagyyAPUuLNs=,oSGZbqIwXNveB0fC2jKIeB3kIzw=
63,35,g3IgtRdO7Ebi+3leagyyAPUuLNs=,oSGZbqIwXNveB0fC2jKIeB3kIzw=
60,35,g3IgtRdO7Ebi+3leagyyAPUuLNs=,oSGZbqIwXNveB0fC2jKIeB3kIzw=
59,35,g3IgtRdO7Ebi+3leagyyAPUuLNs=,oSGZbqIwXNveB0fC2jKIeB3kIzw=
61,35,g3IgtRdO7Ebi+3leagyyAPUuLNs=,oSGZbqIwXNveB0fC2jKIeB3kIzw=
55,35,g3IgtRdO7Ebi+3leagyyAPUuLNs=,oSGZbqIwXNveB0fC2jKIeB3kIzw=
56,35,g3IgtRdO7Ebi+3leagyyAPUuLNs=,oSGZbqIwXNveB0fC2jKIeB3kIzw=
57,35,g3IgtRdO7Ebi+3leagyyAPUuLNs=,oSGZbqIwXNveB0fC2jKIeB3kIzw=
58,35,g3IgtRdO7Ebi+3leagyyAPUuLNs=,oSGZbqIwXNveB0fC2jKIeB3kIzw=
54,35,g3IgtRdO7Ebi+3leagyyAPUuLNs=,oSGZbqIwXNveB0fC2jKIeB3kIzw=
53,35,g3IgtRdO7Ebi+3leagyyAPUuLNs=,oSGZbqIwXNveB0fC2jKIeB3kIzw=
52,35,g3IgtRdO7Ebi+3leagyyAPUuLNs=,oSGZbqIwXNveB0fC2jKIeB3kIzw=
51,35,g3IgtRdO7Ebi+3leagyyAPUuLNs=,oSGZbqIwXNveB0fC2jKIeB3kIzw=
49,35,g3IgtRdO7Ebi+3leagyyAPUuLNs=,oSGZbqIwXNveB0fC2jKIeB3kIzw=
50,32,g3IgtRdO7Ebi+3leagyyAPUuLNs=,oSGZbqIwXNveB0fC2jKIeB3kIzw=
50,35,g3IgtRdO7Ebi+3leagyyAPUuLNs=,oSGZbqIwXNveB0fC2jKIeB3kIzw=
48,35,g3IgtRdO7Ebi+3leagyyAPUuLNs=,oSGZbqIwXNveB0fC2jKIeB3kIzw=
62,34,g3IgtRdO7Ebi+3leagyyAPUuLNs=,oSGZbqIwXNveB0fC2jKIeB3kIzw=
63,34,g3IgtRdO7Ebi+3leagyyAPUuLNs=,oSGZbqIwXNveB0fC2jKIeB3kIzw=
60,34,g3IgtRdO7Ebi+3leagyyAPUuLNs=,oSGZbqIwXNveB0fC2jKIeB3kIzw=
59,34,g3IgtRdO7Ebi+3leagyyAPUuLNs=,oSGZbqIwXNveB0fC2jKIeB3kIzw=
56,34,g3IgtRdO7Ebi+3leagyyAPUuLNs=,oSGZbqIwXNveB0fC2jKIeB3kIzw=
55,34,g3IgtRdO7Ebi+3leagyyAPUuLNs=,oSGZbqIwXNveB0fC2jKIeB3kIzw=
57,34,g3IgtRdO7Ebi+3leagyyAPUuLNs=,oSGZbqIwXNveB0fC2jKIeB3kIzw=
58,34,g3IgtRdO7Ebi+3leagyyAPUuLNs=,oSGZbqIwXNveB0fC2jKIeB3kIzw=
54,34,g3IgtRdO7Ebi+3leagyyAPUuLNs=,oSGZbqIwXNveB0fC2jKIeB3kIzw=
53,34,g3IgtRdO7Ebi+3leagyyAPUuLNs=,oSGZbqIwXNveB0fC2jKIeB3kIzw=
61,34,g3IgtRdO7Ebi+3leagyyAPUuLNs=,oSGZbqIwXNveB0fC2jKIeB3kIzw=
33,48,g3IgtRdO7Ebi+3leagyyAPUuLNs=,oSGZbqIwXNveB0fC2jKIeB3kIzw=
35,49,g3IgtRdO7Ebi+3leagyyAPUuLNs=,oSGZbqIwXNveB0fC2jKIeB3kIzw=
36,49,g3IgtRdO7Ebi+3leagyyAPUuLNs=,oSGZbqIwXNveB0fC2jKIeB3kIzw=
37,49,g3IgtRdO7Ebi+3leagyyAPUuLNs=,oSGZbqIwXNveB0fC2jKIeB3kIzw=
39,49,g3IgtRdO7Ebi+3leagyyAPUuLNs=,oSGZbqIwXNveB0fC2jKIeB3kIzw=
38,49,g3IgtRdO7Ebi+3leagyyAPUuLNs=,oSGZbqIwXNveB0fC2jKIeB3kIzw=
40,49,g3IgtRdO7Ebi+3leagyyAPUuLNs=,oSGZbqIwXNveB0fC2jKIeB3kIzw=
41,49,g3IgtRdO7Ebi+3leagyyAPUuLNs=,oSGZbqIwXNveB0fC2jKIeB3kIzw=
42,49,g3IgtRdO7Ebi+3leagyyAPUuLNs=,oSGZbqIwXNveB0fC2jKIeB3kIzw=
43,49,g3IgtRdO7Ebi+3leagyyAPUuLNs=,oSGZbqIwXNveB0fC2jKIeB3kIzw=
45,49,g3IgtRdO7Ebi+3leagyyAPUuLNs=,oSGZbqIwXNveB0fC2jKIeB3kIzw=
46,49,g3IgtRdO7Ebi+3leagyyAPUuLNs=,oSGZbqIwXNveB0fC2jKIeB3kIzw=
44,49,g3IgtRdO7Ebi+3leagyyAPUuLNs=,oSGZbqIwXNveB0fC2jKIeB3kIzw=
32,50,g3IgtRdO7Ebi+3leagyyAPUuLNs=,oSGZbqIwXNveB0fC2jKIeB3kIzw=
47,49,g3IgtRdO7Ebi+3leagyyAPUuLNs=,oSGZbqIwXNveB0fC2jKIeB3kIzw=
34,48,g3IgtRdO7Ebi+3leagyyAPUuLNs=,oSGZbqIwXNveB0fC2jKIeB3kIzw=
33,50,g3IgtRdO7Ebi+3leagyyAPUuLNs=,oSGZbqIwXNveB0fC2jKIeB3kIzw=
34,50,g3IgtRdO7Ebi+3leagyyAPUuLNs=,oSGZbqIwXNveB0fC2jKIeB3kIzw=
35,50,g3IgtRdO7Ebi+3leagyyAPUuLNs=,oSGZbqIwXNveB0fC2jKIeB3kIzw=
36,50,g3IgtRdO7Ebi+3leagyyAPUuLNs=,oSGZbqIwXNveB0fC2jKIeB3kIzw=
34,49,g3IgtRdO7Ebi+3leagyyAPUuLNs=,oSGZbqIwXNveB0fC2jKIeB3kIzw=
38,50,g3IgtRdO7Ebi+3leagyyAPUuLNs=,oSGZbqIwXNveB0fC2jKIeB3kIzw=
39,50,g3IgtRdO7Ebi+3leagyyAPUuLNs=,oSGZbqIwXNveB0fC2jKIeB3kIzw=
37,50,g3IgtRdO7Ebi+3leagyyAPUuLNs=,oSGZbqIwXNveB0fC2jKIeB3kIzw=
40,50,g3IgtRdO7Ebi+3leagyyAPUuLNs=,oSGZbqIwXNveB0fC2jKIeB3kIzw=
47,63,g3IgtRdO7Ebi+3leagyyAPUuLNs=,oSGZbqIwXNveB0fC2jKIeB3kIzw=
46,63,g3IgtRdO7Ebi+3leagyyAPUuLNs=,oSGZbqIwXNveB0fC2jKIeB3kIzw=
41,50,g3IgtRdO7Ebi+3leagyyAPUuLNs=,oSGZbqIwXNveB0fC2jKIeB3kIzw=
45,63,g3IgtRdO7Ebi+3leagyyAPUuLNs=,oSGZbqIwXNveB0fC2jKIeB3kIzw=
42,50,g3IgtRdO7Ebi+3leagyyAPUuLNs=,oSGZbqIwXNveB0fC2jKIeB3kIzw=
44,63,g3IgtRdO7Ebi+3leagyyAPUuLNs=,oSGZbqIwXNveB0fC2jKIeB3kIzw=
43,50,g3IgtRdO7Ebi+3leagyyAPUuLNs=,oSGZbqIwXNveB0fC2jKIeB3kIzw=
43,63,g3IgtRdO7Ebi+3leagyyAPUuLNs=,oSGZbqIwXNveB0fC2jKIeB3kIzw=
42,63,g3IgtRdO7Ebi+3leagyyAPUuLNs=,oSGZbqIwXNveB0fC2jKIeB3kIzw=
44,50,g3IgtRdO7Ebi+3leagyyAPUuLNs=,oSGZbqIwXNveB0fC2jKIeB3kIzw=
45,50,g3IgtRdO7Ebi+3leagyyAPUuLNs=,oSGZbqIwXNveB0fC2jKIeB3kIzw=
46,50,g3IgtRdO7Ebi+3leagyyAPUuLNs=,oSGZbqIwXNveB0fC2jKIeB3kIzw=
41,63,g3IgtRdO7Ebi+3leagyyAPUuLNs=,oSGZbqIwXNveB0fC2jKIeB3kIzw=
33,49,g3IgtRdO7Ebi+3leagyyAPUuLNs=,oSGZbqIwXNveB0fC2jKIeB3kIzw=
39,63,g3IgtRdO7Ebi+3leagyyAPUuLNs=,oSGZbqIwXNveB0fC2jKIeB3kIzw=
47,50,g3IgtRdO7Ebi+3leagyyAPUuLNs=,oSGZbqIwXNveB0fC2jKIeB3kIzw=
38,63,g3IgtRdO7Ebi+3leagyyAPUuLNs=,oSGZbqIwXNveB0fC2jKIeB3kIzw=
37,63,g3IgtRdO7Ebi+3leagyyAPUuLNs=,oSGZbqIwXNveB0fC2jKIeB3kIzw=
36,63,g3IgtRdO7Ebi+3leagyyAPUuLNs=,oSGZbqIwXNveB0fC2jKIeB3kIzw=
32,51,g3IgtRdO7Ebi+3leagyyAPUuLNs=,oSGZbqIwXNveB0fC2jKIeB3kIzw=
40,63,g3IgtRdO7Ebi+3leagyyAPUuLNs=,oSGZbqIwXNveB0fC2jKIeB3kIzw=
35,48,g3IgtRdO7Ebi+3leagyyAPUuLNs=,oSGZbqIwXNveB0fC2jKIeB3kIzw=
35,63,g3IgtRdO7Ebi+3leagyyAPUuLNs=,oSGZbqIwXNveB0fC2jKIeB3kIzw=
32,63,g3IgtRdO7Ebi+3leagyyAPUuLNs=,oSGZbqIwXNveB0fC2jKIeB3kIzw=
33,51,g3IgtRdO7Ebi+3leagyyAPUuLNs=,oSGZbqIwXNveB0fC2jKIeB3kIzw=
34,63,g3IgtRdO7Ebi+3leagyyAPUuLNs=,oSGZbqIwXNveB0fC2jKIeB3kIzw=
33,63,g3IgtRdO7Ebi+3leagyyAPUuLNs=,oSGZbqIwXNveB0fC2jKIeB3kIzw=
32,49,g3IgtRdO7Ebi+3leagyyAPUuLNs=,oSGZbqIwXNveB0fC2jKIeB3kIzw=
34,51,g3IgtRdO7Ebi+3leagyyAPUuLNs=,oSGZbqIwXNveB0fC2jKIeB3kIzw=
47,62,g3IgtRdO7Ebi+3leagyyAPUuLNs=,oSGZbqIwXNveB0fC2jKIeB3kIzw=
46,62,g3IgtRdO7Ebi+3leagyyAPUuLNs=,oSGZbqIwXNveB0fC2jKIeB3kIzw=
47,48,g3IgtRdO7Ebi+3leagyyAPUuLNs=,oSGZbqIwXNveB0fC2jKIeB3kIzw=
35,51,g3IgtRdO7Ebi+3leagyyAPUuLNs=,oSGZbqIwXNveB0fC2jKIeB3kIzw=
44,62,g3IgtRdO7Ebi+3leagyyAPUuLNs=,oSGZbqIwXNveB0fC2jKIeB3kIzw=
45,62,g3IgtRdO7Ebi+3leagyyAPUuLNs=,oSGZbqIwXNveB0fC2jKIeB3kIzw=
43,62,g3IgtRdO7Ebi+3leagyyAPUuLNs=,oSGZbqIwXNveB0fC2jKIeB3kIzw=
36,51,g3IgtRdO7Ebi+3leagyyAPUuLNs=,oSGZbqIwXNveB0fC2jKIeB3kIzw=
42,62,g3IgtRdO7Ebi+3leagyyAPUuLNs=,oSGZbqIwXNveB0fC2jKIeB3kIzw=
40,62,g3IgtRdO7Ebi+3leagyyAPUuLNs=,oSGZbqIwXNveB0fC2jKIeB3kIzw=
38,62,g3IgtRdO7Ebi+3leagyyAPUuLNs=,oSGZbqIwXNveB0fC2jKIeB3kIzw=
39,62,g3IgtRdO7Ebi+3leagyyAPUuLNs=,oSGZbqIwXNveB0fC2jKIeB3kIzw=
37,51,g3IgtRdO7Ebi+3leagyyAPUuLNs=,oSGZbqIwXNveB0fC2jKIeB3kIzw=
37,62,g3IgtRdO7Ebi+3leagyyAPUuLNs=,oSGZbqIwXNveB0fC2jKIeB3kIzw=
36,62,g3IgtRdO7Ebi+3leagyyAPUuLNs=,oSGZbqIwXNveB0fC2jKIeB3kIzw=
32,48,g3IgtRdO7Ebi+3leagyyAPUuLNs=,oSGZbqIwXNveB0fC2jKIeB3kIzw=
38,51,g3IgtRdO7Ebi+3leagyyAPUuLNs=,oSGZbqIwXNveB0fC2jKIeB3kIzw=
35,62,g3IgtRdO7Ebi+3leagyyAPUuLNs=,oSGZbqIwXNveB0fC2jKIeB3kIzw=
33,62,g3IgtRdO7Ebi+3leagyyAPUuLNs=,oSGZbqIwXNveB0fC2jKIeB3kIzw=
41,62,g3IgtRdO7Ebi+3leagyyAPUuLNs=,oSGZbqIwXNveB0fC2jKIeB3kIzw=
34,62,g3IgtRdO7Ebi+3leagyyAPUuLNs=,oSGZbqIwXNveB0fC2jKIeB3kIzw=
39,51,g3IgtRdO7Ebi+3leagyyAPUuLNs=,oSGZbqIwXNveB0fC2jKIeB3kIzw=
32,62,g3IgtRdO7Ebi+3leagyyAPUuLNs=,oSGZbqIwXNveB0fC2jKIeB3kIzw=
47,61,g3IgtRdO7Ebi+3leagyyAPUuLNs=,oSGZbqIwXNveB0fC2jKIeB3kIzw=
46,61,g3IgtRdO7Ebi+3leagyyAPUuLNs=,oSGZbqIwXNveB0fC2jKIeB3kIzw=
45,61,g3IgtRdO7Ebi+3leagyyAPUuLNs=,oSGZbqIwXNveB0fC2jKIeB3kIzw=
44,61,g3IgtRdO7Ebi+3leagyyAPUuLNs=,oSGZbqIwXNveB0fC2jKIeB3kIzw=
40,51,g3IgtRdO7Ebi+3leagyyAPUuLNs=,oSGZbqIwXNveB0fC2jKIeB3kIzw=
42,61,g3IgtRdO7Ebi+3leagyyAPUuLNs=,oSGZbqIwXNveB0fC2jKIeB3kIzw=
43,61,g3IgtRdO7Ebi+3leagyyAPUuLNs=,oSGZbqIwXNveB0fC2jKIeB3kIzw=
40,61,g3IgtRdO7Ebi+3leagyyAPUuLNs=,oSGZbqIwXNveB0fC2jKIeB3kIzw=
41,51,g3IgtRdO7Ebi+3leagyyAPUuLNs=,oSGZbqIwXNveB0fC2jKIeB3kIzw=
37,61,g3IgtRdO7Ebi+3leagyyAPUuLNs=,oSGZbqIwXNveB0fC2jKIeB3kIzw=
38,61,g3IgtRdO7Ebi+3leagyyAPUuLNs=,oSGZbqIwXNveB0fC2jKIeB3kIzw=
42,51,g3IgtRdO7Ebi+3leagyyAPUuLNs=,oSGZbqIwXNveB0fC2jKIeB3kIzw=
46,48,g3IgtRdO7Ebi+3leagyyAPUuLNs=,oSGZbqIwXNveB0fC2jKIeB3kIzw=
36,61,g3IgtRdO7Ebi+3leagyyAPUuLNs=,oSGZbqIwXNveB0fC2jKIeB3kIzw=
41,61,g3IgtRdO7Ebi+3leagyyAPUuLNs=,oSGZbqIwXNveB0fC2jKIeB3kIzw=
35,61,g3IgtRdO7Ebi+3leagyyAPUuLNs=,oSGZbqIwXNveB0fC2jKIeB3kIzw=
43,51,g3IgtRdO7Ebi+3leagyyAPUuLNs=,oSGZbqIwXNveB0fC2jKIeB3kIzw=
34,61,g3IgtRdO7Ebi+3leagyyAPUuLNs=,oSGZbqIwXNveB0fC2jKIeB3kIzw=
39,61,g3IgtRdO7Ebi+3leagyyAPUuLNs=,oSGZbqIwXNveB0fC2jKIeB3kIzw=
33,61,g3IgtRdO7Ebi+3leagyyAPUuLNs=,oSGZbqIwXNveB0fC2jKIeB3kIzw=
46,60,g3IgtRdO7Ebi+3leagyyAPUuLNs=,oSGZbqIwXNveB0fC2jKIeB3kIzw=
44,51,g3IgtRdO7Ebi+3leagyyAPUuLNs=,oSGZbqIwXNveB0fC2jKIeB3kIzw=
32,61,g3IgtRdO7Ebi+3leagyyAPUuLNs=,oSGZbqIwXNveB0fC2jKIeB3kIzw=
47,60,g3IgtRdO7Ebi+3leagyyAPUuLNs=,oSGZbqIwXNveB0fC2jKIeB3kIzw=
45,60,g3IgtRdO7Ebi+3leagyyAPUuLNs=,oSGZbqIwXNveB0fC2jKIeB3kIzw=
43,60,g3IgtRdO7Ebi+3leagyyAPUuLNs=,oSGZbqIwXNveB0fC2jKIeB3kIzw=
44,60,g3IgtRdO7Ebi+3leagyyAPUuLNs=,oSGZbqIwXNveB0fC2jKIeB3kIzw=
45,51,g3IgtRdO7Ebi+3leagyyAPUuLNs=,oSGZbqIwXNveB0fC2jKIeB3kIzw=
42,60,g3IgtRdO7Ebi+3leagyyAPUuLNs=,oSGZbqIwXNveB0fC2jKIeB3kIzw=
45,48,g3IgtRdO7Ebi+3leagyyAPUuLNs=,oSGZbqIwXNveB0fC2jKIeB3kIzw=
41,60,g3IgtRdO7Ebi+3leagyyAPUuLNs=,oSGZbqIwXNveB0fC2jKIeB3kIzw=
40,60,g3IgtRdO7Ebi+3leagyyAPUuLNs=,oSGZbqIwXNveB0fC2jKIeB3kIzw=
36,60,g3IgtRdO7Ebi+3leagyyAPUuLNs=,oSGZbqIwXNveB0fC2jKIeB3kIzw=
46,51,g3IgtRdO7Ebi+3leagyyAPUuLNs=,oSGZbqIwXNveB0fC2jKIeB3kIzw=
39,60,g3IgtRdO7Ebi+3leagyyAPUuLNs=,oSGZbqIwXNveB0fC2jKIeB3kIzw=
37,60,g3IgtRdO7Ebi+3leagyyAPUuLNs=,oSGZbqIwXNveB0fC2jKIeB3kIzw=
35,60,g3IgtRdO7Ebi+3leagyyAPUuLNs=,oSGZbqIwXNveB0fC2jKIeB3kIzw=
34,60,g3IgtRdO7Ebi+3leagyyAPUuLNs=,oSGZbqIwXNveB0fC2jKIeB3kIzw=
36,48,g3IgtRdO7Ebi+3leagyyAPUuLNs=,oSGZbqIwXNveB0fC2jKIeB3kIzw=
33,60,g3IgtRdO7Ebi+3leagyyAPUuLNs=,oSGZbqIwXNveB0fC2jKIeB3kIzw=
32,60,g3IgtRdO7Ebi+3leagyyAPUuLNs=,oSGZbqIwXNveB0fC2jKIeB3kIzw=
46,59,g3IgtRdO7Ebi+3leagyyAPUuLNs=,oSGZbqIwXNveB0fC2jKIeB3kIzw=
38,60,g3IgtRdO7Ebi+3leagyyAPUuLNs=,oSGZbqIwXNveB0fC2jKIeB3kIzw=
47,59,g3IgtRdO7Ebi+3leagyyAPUuLNs=,oSGZbqIwXNveB0fC2jKIeB3kIzw=
47,51,g3IgtRdO7Ebi+3leagyyAPUuLNs=,oSGZbqIwXNveB0fC2jKIeB3kIzw=
43,59,g3IgtRdO7Ebi+3leagyyAPUuLNs=,oSGZbqIwXNveB0fC2jKIeB3kIzw=
45,59,g3IgtRdO7Ebi+3leagyyAPUuLNs=,oSGZbqIwXNveB0fC2jKIeB3kIzw=
41,59,g3IgtRdO7Ebi+3leagyyAPUuLNs=,oSGZbqIwXNveB0fC2jKIeB3kIzw=
40,59,g3IgtRdO7Ebi+3leagyyAPUuLNs=,oSGZbqIwXNveB0fC2jKIeB3kIzw=
42,59,g3IgtRdO7Ebi+3leagyyAPUuLNs=,oSGZbqIwXNveB0fC2jKIeB3kIzw=
44,48,g3IgtRdO7Ebi+3leagyyAPUuLNs=,oSGZbqIwXNveB0fC2jKIeB3kIzw=
44,59,g3IgtRdO7Ebi+3leagyyAPUuLNs=,oSGZbqIwXNveB0fC2jKIeB3kIzw=
32,52,g3IgtRdO7Ebi+3leagyyAPUuLNs=,oSGZbqIwXNveB0fC2jKIeB3kIzw=
38,59,g3IgtRdO7Ebi+3leagyyAPUuLNs=,oSGZbqIwXNveB0fC2jKIeB3kIzw=
37,59,g3IgtRdO7Ebi+3leagyyAPUuLNs=,oSGZbqIwXNveB0fC2jKIeB3kIzw=
36,59,g3IgtRdO7Ebi+3leagyyAPUuLNs=,oSGZbqIwXNveB0fC2jKIeB3kIzw=
33,52,g3IgtRdO7Ebi+3leagyyAPUuLNs=,oSGZbqIwXNveB0fC2jKIeB3kIzw=
34,59,g3IgtRdO7Ebi+3leagyyAPUuLNs=,oSGZbqIwXNveB0fC2jKIeB3kIzw=
33,59,g3IgtRdO7Ebi+3leagyyAPUuLNs=,oSGZbqIwXNveB0fC2jKIeB3kIzw=
32,59,g3IgtRdO7Ebi+3leagyyAPUuLNs=,oSGZbqIwXNveB0fC2jKIeB3kIzw=
35,59,g3IgtRdO7Ebi+3leagyyAPUuLNs=,oSGZbqIwXNveB0fC2jKIeB3kIzw=
47,58,g3IgtRdO7Ebi+3leagyyAPUuLNs=,oSGZbqIwXNveB0fC2jKIeB3kIzw=
34,52,g3IgtRdO7Ebi+3leagyyAPUuLNs=,oSGZbqIwXNveB0fC2jKIeB3kIzw=
44,58,g3IgtRdO7Ebi+3leagyyAPUuLNs=,oSGZbqIwXNveB0fC2jKIeB3kIzw=
42,58,g3IgtRdO7Ebi+3leagyyAPUuLNs=,oSGZbqIwXNveB0fC2jKIeB3kIzw=
40,58,g3IgtRdO7Ebi+3leagyyAPUuLNs=,oSGZbqIwXNveB0fC2jKIeB3kIzw=
43,58,g3IgtRdO7Ebi+3leagyyAPUuLNs=,oSGZbqIwXNveB0fC2jKIeB3kIzw=
35,52,g3IgtRdO7Ebi+3leagyyAPUuLNs=,oSGZbqIwXNveB0fC2jKIeB3kIzw=
43,48,g3IgtRdO7Ebi+3leagyyAPUuLNs=,oSGZbqIwXNveB0fC2jKIeB3kIzw=
39,58,g3IgtRdO7Ebi+3leagyyAPUuLNs=,oSGZbqIwXNveB0fC2jKIeB3kIzw=
38,58,g3IgtRdO7Ebi+3leagyyAPUuLNs=,oSGZbqIwXNveB0fC2jKIeB3kIzw=
37,58,g3IgtRdO7Ebi+3leagyyAPUuLNs=,oSGZbqIwXNveB0fC2jKIeB3kIzw=
36,58,g3IgtRdO7Ebi+3leagyyAPUuLNs=,oSGZbqIwXNveB0fC2jKIeB3kIzw=
41,58,g3IgtRdO7Ebi+3leagyyAPUuLNs=,oSGZbqIwXNveB0fC2jKIeB3kIzw=
36,52,g3IgtRdO7Ebi+3leagyyAPUuLNs=,oSGZbqIwXNveB0fC2jKIeB3kIzw=
45,58,g3IgtRdO7Ebi+3leagyyAPUuLNs=,oSGZbqIwXNveB0fC2jKIeB3kIzw=
46,58,g3IgtRdO7Ebi+3leagyyAPUuLNs=,oSGZbqIwXNveB0fC2jKIeB3kIzw=
34,58,g3IgtRdO7Ebi+3leagyyAPUuLNs=,oSGZbqIwXNveB0fC2jKIeB3kIzw=
35,58,g3IgtRdO7Ebi+3leagyyAPUuLNs=,oSGZbqIwXNveB0fC2jKIeB3kIzw=
32,58,g3IgtRdO7Ebi+3leagyyAPUuLNs=,oSGZbqIwXNveB0fC2jKIeB3kIzw=
37,52,g3IgtRdO7Ebi+3leagyyAPUuLNs=,oSGZbqIwXNveB0fC2jKIeB3kIzw=
44,57,g3IgtRdO7Ebi+3leagyyAPUuLNs=,oSGZbqIwXNveB0fC2jKIeB3kIzw=
46,57,g3IgtRdO7Ebi+3leagyyAPUuLNs=,oSGZbqIwXNveB0fC2jKIeB3kIzw=
45,57,g3IgtRdO7Ebi+3leagyyAPUuLNs=,oSGZbqIwXNveB0fC2jKIeB3kIzw=
43,57,g3IgtRdO7Ebi+3leagyyAPUuLNs=,oSGZbqIwXNveB0fC2jKIeB3kIzw=
47,57,g3IgtRdO7Ebi+3leagyyAPUuLNs=,oSGZbqIwXNveB0fC2jKIeB3kIzw=
39,59,g3IgtRdO7Ebi+3leagyyAPUuLNs=,oSGZbqIwXNveB0fC2jKIeB3kIzw=
42,57,g3IgtRdO7Ebi+3leagyyAPUuLNs=,oSGZbqIwXNveB0fC2jKIeB3kIzw=
41,57,g3IgtRdO7Ebi+3leagyyAPUuLNs=,oSGZbqIwXNveB0fC2jKIeB3kIzw=
38,52,g3IgtRdO7Ebi+3leagyyAPUuLNs=,oSGZbqIwXNveB0fC2jKIeB3kIzw=
42,48,g3IgtRdO7Ebi+3leagyyAPUuLNs=,oSGZbqIwXNveB0fC2jKIeB3kIzw=
39,57,g3IgtRdO7Ebi+3leagyyAPUuLNs=,oSGZbqIwXNveB0fC2jKIeB3kIzw=
37,57,g3IgtRdO7Ebi+3leagyyAPUuLNs=,oSGZbqIwXNveB0fC2jKIeB3kIzw=
40,57,g3IgtRdO7Ebi+3leagyyAPUuLNs=,oSGZbqIwXNveB0fC2jKIeB3kIzw=
38,57,g3IgtRdO7Ebi+3leagyyAPUuLNs=,oSGZbqIwXNveB0fC2jKIeB3kIzw=
36,57,g3IgtRdO7Ebi+3leagyyAPUuLNs=,oSGZbqIwXNveB0fC2jKIeB3kIzw=
35,57,g3IgtRdO7Ebi+3leagyyAPUuLNs=,oSGZbqIwXNveB0fC2jKIeB3kIzw=
34,57,g3IgtRdO7Ebi+3leagyyAPUuLNs=,oSGZbqIwXNveB0fC2jKIeB3kIzw=
44,56,g3IgtRdO7Ebi+3leagyyAPUuLNs=,oSGZbqIwXNveB0fC2jKIeB3kIzw=
47,56,g3IgtRdO7Ebi+3leagyyAPUuLNs=,oSGZbqIwXNveB0fC2jKIeB3kIzw=
32,57,g3IgtRdO7Ebi+3leagyyAPUuLNs=,oSGZbqIwXNveB0fC2jKIeB3kIzw=
46,56,g3IgtRdO7Ebi+3leagyyAPUuLNs=,oSGZbqIwXNveB0fC2jKIeB3kIzw=
39,52,g3IgtRdO7Ebi+3leagyyAPUuLNs=,oSGZbqIwXNveB0fC2jKIeB3kIzw=
40,52,g3IgtRdO7Ebi+3leagyyAPUuLNs=,oSGZbqIwXNveB0fC2jKIeB3kIzw=
45,56,g3IgtRdO7Ebi+3leagyyAPUuLNs=,oSGZbqIwXNveB0fC2jKIeB3kIzw=
33,57,g3IgtRdO7Ebi+3leagyyAPUuLNs=,oSGZbqIwXNveB0fC2jKIeB3kIzw=
41,48,g3IgtRdO7Ebi+3leagyyAPUuLNs=,oSGZbqIwXNveB0fC2jKIeB3kIzw=
43,56,g3IgtRdO7Ebi+3leagyyAPUuLNs=,oSGZbqIwXNveB0fC2jKIeB3kIzw=
42,56,g3IgtRdO7Ebi+3leagyyAPUuLNs=,oSGZbqIwXNveB0fC2jKIeB3kIzw=
40,56,g3IgtRdO7Ebi+3leagyyAPUuLNs=,oSGZbqIwXNveB0fC2jKIeB3kIzw=
39,56,g3IgtRdO7Ebi+3leagyyAPUuLNs=,oSGZbqIwXNveB0fC2jKIeB3kIzw=
41,52,g3IgtRdO7Ebi+3leagyyAPUuLNs=,oSGZbqIwXNveB0fC2jKIeB3kIzw=
38,56,g3IgtRdO7Ebi+3leagyyAPUuLNs=,oSGZbqIwXNveB0fC2jKIeB3kIzw=
36,56,g3IgtRdO7Ebi+3leagyyAPUuLNs=,oSGZbqIwXNveB0fC2jKIeB3kIzw=
35,56,g3IgtRdO7Ebi+3leagyyAPUuLNs=,oSGZbqIwXNveB0fC2jKIeB3kIzw=
41,56,g3IgtRdO7Ebi+3leagyyAPUuLNs=,oSGZbqIwXNveB0fC2jKIeB3kIzw=
37,56,g3IgtRdO7Ebi+3leagyyAPUuLNs=,oSGZbqIwXNveB0fC2jKIeB3kIzw=
33,56,g3IgtRdO7Ebi+3leagyyAPUuLNs=,oSGZbqIwXNveB0fC2jKIeB3kIzw=
42,52,g3IgtRdO7Ebi+3leagyyAPUuLNs=,oSGZbqIwXNveB0fC2jKIeB3kIzw=
33,58,g3IgtRdO7Ebi+3leagyyAPUuLNs=,oSGZbqIwXNveB0fC2jKIeB3kIzw=
45,55,g3IgtRdO7Ebi+3leagyyAPUuLNs=,oSGZbqIwXNveB0fC2jKIeB3kIzw=
47,55,g3IgtRdO7Ebi+3leagyyAPUuLNs=,oSGZbqIwXNveB0fC2jKIeB3kIzw=
44,55,g3IgtRdO7Ebi+3leagyyAPUuLNs=,oSGZbqIwXNveB0fC2jKIeB3kIzw=
43,55,g3IgtRdO7Ebi+3leagyyAPUuLNs=,oSGZbqIwXNveB0fC2jKIeB3kIzw=
40,48,g3IgtRdO7Ebi+3leagyyAPUuLNs=,oSGZbqIwXNveB0fC2jKIeB3kIzw=
34,56,g3IgtRdO7Ebi+3leagyyAPUuLNs=,oSGZbqIwXNveB0fC2jKIeB3kIzw=
43,52,g3IgtRdO7Ebi+3leagyyAPUuLNs=,oSGZbqIwXNveB0fC2jKIeB3kIzw=
32,56,g3IgtRdO7Ebi+3leagyyAPUuLNs=,oSGZbqIwXNveB0fC2jKIeB3kIzw=
42,55,g3IgtRdO7Ebi+3leagyyAPUuLNs=,oSGZbqIwXNveB0fC2jKIeB3kIzw=
46,55,g3IgtRdO7Ebi+3leagyyAPUuLNs=,oSGZbqIwXNveB0fC2jKIeB3kIzw=
40,55,g3IgtRdO7Ebi+3leagyyAPUuLNs=,oSGZbqIwXNveB0fC2jKIeB3kIzw=
41,55,g3IgtRdO7Ebi+3leagyyAPUuLNs=,oSGZbqIwXNveB0fC2jKIeB3kIzw=
44,52,g3IgtRdO7Ebi+3leagyyAPUuLNs=,oSGZbqIwXNveB0fC2jKIeB3kIzw=
38,55,g3IgtRdO7Ebi+3leagyyAPUuLNs=,oSGZbqIwXNveB0fC2jKIeB3kIzw=
35,55,g3IgtRdO7Ebi+3leagyyAPUuLNs=,oSGZbqIwXNveB0fC2jKIeB3kIzw=
37,55,g3IgtRdO7Ebi+3leagyyAPUuLNs=,oSGZbqIwXNveB0fC2jKIeB3kIzw=
32,55,g3IgtRdO7Ebi+3leagyyAPUuLNs=,oSGZbqIwXNveB0fC2jKIeB3kIzw=
39,55,g3IgtRdO7Ebi+3leagyyAPUuLNs=,oSGZbqIwXNveB0fC2jKIeB3kIzw=
33,55,g3IgtRdO7Ebi+3leagyyAPUuLNs=,oSGZbqIwXNveB0fC2jKIeB3kIzw=
47,54,g3IgtRdO7Ebi+3leagyyAPUuLNs=,oSGZbqIwXNveB0fC2jKIeB3kIzw=
36,55,g3IgtRdO7Ebi+3leagyyAPUuLNs=,oSGZbqIwXNveB0fC2jKIeB3kIzw=
46,54,g3IgtRdO7Ebi+3leagyyAPUuLNs=,oSGZbqIwXNveB0fC2jKIeB3kIzw=
44,54,g3IgtRdO7Ebi+3leagyyAPUuLNs=,oSGZbqIwXNveB0fC2jKIeB3kIzw=
45,52,g3IgtRdO7Ebi+3leagyyAPUuLNs=,oSGZbqIwXNveB0fC2jKIeB3kIzw=
34,55,g3IgtRdO7Ebi+3leagyyAPUuLNs=,oSGZbqIwXNveB0fC2jKIeB3kIzw=
43,54,g3IgtRdO7Ebi+3leagyyAPUuLNs=,oSGZbqIwXNveB0fC2jKIeB3kIzw=
39,48,g3IgtRdO7Ebi+3leagyyAPUuLNs=,oSGZbqIwXNveB0fC2jKIeB3kIzw=
41,54,g3IgtRdO7Ebi+3leagyyAPUuLNs=,oSGZbqIwXNveB0fC2jKIeB3kIzw=
37,48,g3IgtRdO7Ebi+3leagyyAPUuLNs=,oSGZbqIwXNveB0fC2jKIeB3kIzw=
40,54,g3IgtRdO7Ebi+3leagyyAPUuLNs=,oSGZbqIwXNveB0fC2jKIeB3kIzw=
42,54,g3IgtRdO7Ebi+3leagyyAPUuLNs=,oSGZbqIwXNveB0fC2jKIeB3kIzw=
34,54,g3IgtRdO7Ebi+3leagyyAPUuLNs=,oSGZbqIwXNveB0fC2jKIeB3kIzw=
45,54,g3IgtRdO7Ebi+3leagyyAPUuLNs=,oSGZbqIwXNveB0fC2jKIeB3kIzw=
39,54,g3IgtRdO7Ebi+3leagyyAPUuLNs=,oSGZbqIwXNveB0fC2jKIeB3kIzw=
35,54,g3IgtRdO7Ebi+3leagyyAPUuLNs=,oSGZbqIwXNveB0fC2jKIeB3kIzw=
36,54,g3IgtRdO7Ebi+3leagyyAPUuLNs=,oSGZbqIwXNveB0fC2jKIeB3kIzw=
37,54,g3IgtRdO7Ebi+3leagyyAPUuLNs=,oSGZbqIwXNveB0fC2jKIeB3kIzw=
38,54,g3IgtRdO7Ebi+3leagyyAPUuLNs=,oSGZbqIwXNveB0fC2jKIeB3kIzw=
47,53,g3IgtRdO7Ebi+3leagyyAPUuLNs=,oSGZbqIwXNveB0fC2jKIeB3kIzw=
33,54,g3IgtRdO7Ebi+3leagyyAPUuLNs=,oSGZbqIwXNveB0fC2jKIeB3kIzw=
32,54,g3IgtRdO7Ebi+3leagyyAPUuLNs=,oSGZbqIwXNveB0fC2jKIeB3kIzw=
45,53,g3IgtRdO7Ebi+3leagyyAPUuLNs=,oSGZbqIwXNveB0fC2jKIeB3kIzw=
38,48,g3IgtRdO7Ebi+3leagyyAPUuLNs=,oSGZbqIwXNveB0fC2jKIeB3kIzw=
46,52,g3IgtRdO7Ebi+3leagyyAPUuLNs=,oSGZbqIwXNveB0fC2jKIeB3kIzw=
43,53,g3IgtRdO7Ebi+3leagyyAPUuLNs=,oSGZbqIwXNveB0fC2jKIeB3kIzw=
47,52,g3IgtRdO7Ebi+3leagyyAPUuLNs=,oSGZbqIwXNveB0fC2jKIeB3kIzw=
44,53,g3IgtRdO7Ebi+3leagyyAPUuLNs=,oSGZbqIwXNveB0fC2jKIeB3kIzw=
41,53,g3IgtRdO7Ebi+3leagyyAPUuLNs=,oSGZbqIwXNveB0fC2jKIeB3kIzw=
39,53,g3IgtRdO7Ebi+3leagyyAPUuLNs=,oSGZbqIwXNveB0fC2jKIeB3kIzw=
40,53,g3IgtRdO7Ebi+3leagyyAPUuLNs=,oSGZbqIwXNveB0fC2jKIeB3kIzw=
42,53,g3IgtRdO7Ebi+3leagyyAPUuLNs=,oSGZbqIwXNveB0fC2jKIeB3kIzw=
38,53,g3IgtRdO7Ebi+3leagyyAPUuLNs=,oSGZbqIwXNveB0fC2jKIeB3kIzw=
37,53,g3IgtRdO7Ebi+3leagyyAPUuLNs=,oSGZbqIwXNveB0fC2jKIeB3kIzw=
34,53,g3IgtRdO7Ebi+3leagyyAPUuLNs=,oSGZbqIwXNveB0fC2jKIeB3kIzw=
36,53,g3IgtRdO7Ebi+3leagyyAPUuLNs=,oSGZbqIwXNveB0fC2jKIeB3kIzw=
46,53,g3IgtRdO7Ebi+3leagyyAPUuLNs=,oSGZbqIwXNveB0fC2jKIeB3kIzw=
35,53,g3IgtRdO7Ebi+3leagyyAPUuLNs=,oSGZbqIwXNveB0fC2jKIeB3kIzw=
32,53,g3IgtRdO7Ebi+3leagyyAPUuLNs=,oSGZbqIwXNveB0fC2jKIeB3kIzw=
33,53,g3IgtRdO7Ebi+3leagyyAPUuLNs=,oSGZbqIwXNveB0fC2jKIeB3kIzw=
49,48,g3IgtRdO7Ebi+3leagyyAPUuLNs=,oSGZbqIwXNveB0fC2jKIeB3kIzw=
51,49,g3IgtRdO7Ebi+3leagyyAPUuLNs=,oSGZbqIwXNveB0fC2jKIeB3kIzw=
52,49,g3IgtRdO7Ebi+3leagyyAPUuLNs=,oSGZbqIwXNveB0fC2jKIeB3kIzw=
53,49,g3IgtRdO7Ebi+3leagyyAPUuLNs=,oSGZbqIwXNveB0fC2jKIeB3kIzw=
54,49,g3IgtRdO7Ebi+3leagyyAPUuLNs=,oSGZbqIwXNveB0fC2jKIeB3kIzw=
55,49,g3IgtRdO7Ebi+3leagyyAPUuLNs=,oSGZbqIwXNveB0fC2jKIeB3kIzw=
56,49,g3IgtRdO7Ebi+3leagyyAPUuLNs=,oSGZbqIwXNveB0fC2jKIeB3kIzw=
57,49,g3IgtRdO7Ebi+3leagyyAPUuLNs=,oSGZbqIwXNveB0fC2jKIeB3kIzw=
59,49,g3IgtRdO7Ebi+3leagyyAPUuLNs=,oSGZbqIwXNveB0fC2jKIeB3kIzw=
58,49,g3IgtRdO7Ebi+3leagyyAPUuLNs=,oSGZbqIwXNveB0fC2jKIeB3kIzw=
60,49,g3IgtRdO7Ebi+3leagyyAPUuLNs=,oSGZbqIwXNveB0fC2jKIeB3kIzw=
61,49,g3IgtRdO7Ebi+3leagyyAPUuLNs=,oSGZbqIwXNveB0fC2jKIeB3kIzw=
63,49,g3IgtRdO7Ebi+3leagyyAPUuLNs=,oSGZbqIwXNveB0fC2jKIeB3kIzw=
50,48,g3IgtRdO7Ebi+3leagyyAPUuLNs=,oSGZbqIwXNveB0fC2jKIeB3kIzw=
62,49,g3IgtRdO7Ebi+3leagyyAPUuLNs=,oSGZbqIwXNveB0fC2jKIeB3kIzw=
48,50,g3IgtRdO7Ebi+3leagyyAPUuLNs=,oSGZbqIwXNveB0fC2jKIeB3kIzw=
49,50,g3IgtRdO7Ebi+3leagyyAPUuLNs=,oSGZbqIwXNveB0fC2jKIeB3kIzw=
51,50,g3IgtRdO7Ebi+3leagyyAPUuLNs=,oSGZbqIwXNveB0fC2jKIeB3kIzw=
50,50,g3IgtRdO7Ebi+3leagyyAPUuLNs=,oSGZbqIwXNveB0fC2jKIeB3kIzw=
53,50,g3IgtRdO7Ebi+3leagyyAPUuLNs=,oSGZbqIwXNveB0fC2jKIeB3kIzw=
50,49,g3IgtRdO7Ebi+3leagyyAPUuLNs=,oSGZbqIwXNveB0fC2jKIeB3kIzw=
52,50,g3IgtRdO7Ebi+3leagyyAPUuLNs=,oSGZbqIwXNveB0fC2jKIeB3kIzw=
54,50,g3IgtRdO7Ebi+3leagyyAPUuLNs=,oSGZbqIwXNveB0fC2jKIeB3kIzw=
55,50,g3IgtRdO7Ebi+3leagyyAPUuLNs=,oSGZbqIwXNveB0fC2jKIeB3kIzw=
49,49,g3IgtRdO7Ebi+3leagyyAPUuLNs=,oSGZbqIwXNveB0fC2jKIeB3kIzw=
57,50,g3IgtRdO7Ebi+3leagyyAPUuLNs=,oSGZbqIwXNveB0fC2jKIeB3kIzw=
58,50,g3IgtRdO7Ebi+3leagyyAPUuLNs=,oSGZbqIwXNveB0fC2jKIeB3kIzw=
59,50,g3IgtRdO7Ebi+3leagyyAPUuLNs=,oSGZbqIwXNveB0fC2jKIeB3kIzw=
56,50,g3IgtRdO7Ebi+3leagyyAPUuLNs=,oSGZbqIwXNveB0fC2jKIeB3kIzw=
60,50,g3IgtRdO7Ebi+3leagyyAPUuLNs=,oSGZbqIwXNveB0fC2jKIeB3kIzw=
61,50,g3IgtRdO7Ebi+3leagyyAPUuLNs=,oSGZbqIwXNveB0fC2jKIeB3kIzw=
62,63,g3IgtRdO7Ebi+3leagyyAPUuLNs=,oSGZbqIwXNveB0fC2jKIeB3kIzw=
63,50,g3IgtRdO7Ebi+3leagyyAPUuLNs=,oSGZbqIwXNveB0fC2jKIeB3kIzw=
63,63,g3IgtRdO7Ebi+3leagyyAPUuLNs=,oSGZbqIwXNveB0fC2jKIeB3kIzw=
62,50,g3IgtRdO7Ebi+3leagyyAPUuLNs=,oSGZbqIwXNveB0fC2jKIeB3kIzw=
61,63,g3IgtRdO7Ebi+3leagyyAPUuLNs=,oSGZbqIwXNveB0fC2jKIeB3kIzw=
60,63,g3IgtRdO7Ebi+3leagyyAPUuLNs=,oSGZbqIwXNveB0fC2jKIeB3kIzw=
48,51,g3IgtRdO7Ebi+3leagyyAPUuLNs=,oSGZbqIwXNveB0fC2jKIeB3kIzw=
59,63,g3IgtRdO7Ebi+3leagyyAPUuLNs=,oSGZbqIwXNveB0fC2jKIeB3kIzw=
51,48,g3IgtRdO7Ebi+3leagyyAPUuLNs=,oSGZbqIwXNveB0fC2jKIeB3kIzw=
58,63,g3IgtRdO7Ebi+3leagyyAPUuLNs=,oSGZbqIwXNveB0fC2jKIeB3kIzw=
57,63,g3IgtRdO7Ebi+3leagyyAPUuLNs=,oSGZbqIwXNveB0fC2jKIeB3kIzw=
49,51,g3IgtRdO7Ebi+3leagyyAPUuLNs=,oSGZbqIwXNveB0fC2jKIeB3kIzw=
50,51,g3IgtRdO7Ebi+3leagyyAPUuLNs=,oSGZbqIwXNveB0fC2jKIeB3kIzw=
51,51,g3IgtRdO7Ebi+3leagyyAPUuLNs=,oSGZbqIwXNveB0fC2jKIeB3kIzw=
56,63,g3IgtRdO7Ebi+3leagyyAPUuLNs=,oSGZbqIwXNveB0fC2jKIeB3kIzw=
52,51,g3IgtRdO7Ebi+3leagyyAPUuLNs=,oSGZbqIwXNveB0fC2jKIeB3kIzw=
55,63,g3IgtRdO7Ebi+3leagyyAPUuLNs=,oSGZbqIwXNveB0fC2jKIeB3kIzw=
54,63,g3IgtRdO7Ebi+3leagyyAPUuLNs=,oSGZbqIwXNveB0fC2jKIeB3kIzw=
53,51,g3IgtRdO7Ebi+3leagyyAPUuLNs=,oSGZbqIwXNveB0fC2jKIeB3kIzw=
53,63,g3IgtRdO7Ebi+3leagyyAPUuLNs=,oSGZbqIwXNveB0fC2jKIeB3kIzw=
54,51,g3IgtRdO7Ebi+3leagyyAPUuLNs=,oSGZbqIwXNveB0fC2jKIeB3kIzw=
52,63,g3IgtRdO7Ebi+3leagyyAPUuLNs=,oSGZbqIwXNveB0fC2jKIeB3kIzw=
51,63,g3IgtRdO7Ebi+3leagyyAPUuLNs=,oSGZbqIwXNveB0fC2jKIeB3kIzw=
55,51,g3IgtRdO7Ebi+3leagyyAPUuLNs=,oSGZbqIwXNveB0fC2jKIeB3kIzw=
49,63,g3IgtRdO7Ebi+3leagyyAPUuLNs=,oSGZbqIwXNveB0fC2jKIeB3kIzw=
57,51,g3IgtRdO7Ebi+3leagyyAPUuLNs=,oSGZbqIwXNveB0fC2jKIeB3kIzw=
56,51,g3IgtRdO7Ebi+3leagyyAPUuLNs=,oSGZbqIwXNveB0fC2jKIeB3kIzw=
58,51,g3IgtRdO7Ebi+3leagyyAPUuLNs=,oSGZbqIwXNveB0fC2jKIeB3kIzw=
59,51,g3IgtRdO7Ebi+3leagyyAPUuLNs=,oSGZbqIwXNveB0fC2jKIeB3kIzw=
48,48,g3IgtRdO7Ebi+3leagyyAPUuLNs=,oSGZbqIwXNveB0fC2jKIeB3kIzw=
60,51,g3IgtRdO7Ebi+3leagyyAPUuLNs=,oSGZbqIwXNveB0fC2jKIeB3kIzw=
61,51,g3IgtRdO7Ebi+3leagyyAPUuLNs=,oSGZbqIwXNveB0fC2jKIeB3kIzw=
48,49,g3IgtRdO7Ebi+3leagyyAPUuLNs=,oSGZbqIwXNveB0fC2jKIeB3kIzw=
48,63,g3IgtRdO7Ebi+3leagyyAPUuLNs=,oSGZbqIwXNveB0fC2jKIeB3kIzw=
50,63,g3IgtRdO7Ebi+3leagyyAPUuLNs=,oSGZbqIwXNveB0fC2jKIeB3kIzw=
63,62,g3IgtRdO7Ebi+3leagyyAPUuLNs=,oSGZbqIwXNveB0fC2jKIeB3kIzw=
62,51,g3IgtRdO7Ebi+3leagyyAPUuLNs=,oSGZbqIwXNveB0fC2jKIeB3kIzw=
62,62,g3IgtRdO7Ebi+3leagyyAPUuLNs=,oSGZbqIwXNveB0fC2jKIeB3kIzw=
48,52,g3IgtRdO7Ebi+3leagyyAPUuLNs=,oSGZbqIwXNveB0fC2jKIeB3kIzw=
61,62,g3IgtRdO7Ebi+3leagyyAPUuLNs=,oSGZbqIwXNveB0fC2jKIeB3kIzw=
63,51,g3IgtRdO7Ebi+3leagyyAPUuLNs=,oSGZbqIwXNveB0fC2jKIeB3kIzw=
60,62,g3IgtRdO7Ebi+3leagyyAPUuLNs=,oSGZbqIwXNveB0fC2jKIeB3kIzw=
59,62,g3IgtRdO7Ebi+3leagyyAPUuLNs=,oSGZbqIwXNveB0fC2jKIeB3kIzw=
52,48,g3IgtRdO7Ebi+3leagyyAPUuLNs=,oSGZbqIwXNveB0fC2jKIeB3kIzw=
49,52,g3IgtRdO7Ebi+3leagyyAPUuLNs=,oSGZbqIwXNveB0fC2jKIeB3kIzw=
57,62,g3IgtRdO7Ebi+3leagyyAPUuLNs=,oSGZbqIwXNveB0fC2jKIeB3kIzw=
58,62,g3IgtRdO7Ebi+3leagyyAPUuLNs=,oSGZbqIwXNveB0fC2jKIeB3kIzw=
56,62,g3IgtRdO7Ebi+3leagyyAPUuLNs=,oSGZbqIwXNveB0fC2jKIeB3kIzw=
50,52,g3IgtRdO7Ebi+3leagyyAPUuLNs=,oSGZbqIwXNveB0fC2jKIeB3kIzw=
55,62,g3IgtRdO7Ebi+3leagyyAPUuLNs=,oSGZbqIwXNveB0fC2jKIeB3kIzw=
54,62,g3IgtRdO7Ebi+3leagyyAPUuLNs=,oSGZbqIwXNveB0fC2jKIeB3kIzw=
51,52,g3IgtRdO7Ebi+3leagyyAPUuLNs=,oSGZbqIwXNveB0fC2jKIeB3kIzw=
53,62,g3IgtRdO7Ebi+3leagyyAPUuLNs=,oSGZbqIwXNveB0fC2jKIeB3kIzw=
52,52,g3IgtRdO7Ebi+3leagyyAPUuLNs=,oSGZbqIwXNveB0fC2jKIeB3kIzw=
63,48,g3IgtRdO7Ebi+3leagyyAPUuLNs=,oSGZbqIwXNveB0fC2jKIeB3kIzw=
52,62,g3IgtRdO7Ebi+3leagyyAPUuLNs=,oSGZbqIwXNveB0fC2jKIeB3kIzw=
51,62,g3IgtRdO7Ebi+3leagyyAPUuLNs=,oSGZbqIwXNveB0fC2jKIeB3kIzw=
53,52,g3IgtRdO7Ebi+3leagyyAPUuLNs=,oSGZbqIwXNveB0fC2jKIeB3kIzw=
54,52,g3IgtRdO7Ebi+3leagyyAPUuLNs=,oSGZbqIwXNveB0fC2jKIeB3kIzw=
50,62,g3IgtRdO7Ebi+3leagyyAPUuLNs=,oSGZbqIwXNveB0fC2jKIeB3kIzw=
49,62,g3IgtRdO7Ebi+3leagyyAPUuLNs=,oSGZbqIwXNveB0fC2jKIeB3kIzw=
55,52,g3IgtRdO7Ebi+3leagyyAPUuLNs=,oSGZbqIwXNveB0fC2jKIeB3kIzw=
62,48,g3IgtRdO7Ebi+3leagyyAPUuLNs=,oSGZbqIwXNveB0fC2jKIeB3kIzw=
48,62,g3IgtRdO7Ebi+3leagyyAPUuLNs=,oSGZbqIwXNveB0fC2jKIeB3kIzw=
56,52,g3IgtRdO7Ebi+3leagyyAPUuLNs=,oSGZbqIwXNveB0fC2jKIeB3kIzw=
63,61,g3IgtRdO7Ebi+3leagyyAPUuLNs=,oSGZbqIwXNveB0fC2jKIeB3kIzw=
57,52,g3IgtRdO7Ebi+3leagyyAPUuLNs=,oSGZbqIwXNveB0fC2jKIeB3kIzw=
62,61,g3IgtRdO7Ebi+3leagyyAPUuLNs=,oSGZbqIwXNveB0fC2jKIeB3kIzw=
61,61,g3IgtRdO7Ebi+3leagyyAPUuLNs=,oSGZbqIwXNveB0fC2jKIeB3kIzw=
60,61,g3IgtRdO7Ebi+3leagyyAPUuLNs=,oSGZbqIwXNveB0fC2jKIeB3kIzw=
58,52,g3IgtRdO7Ebi+3leagyyAPUuLNs=,oSGZbqIwXNveB0fC2jKIeB3kIzw=
59,52,g3IgtRdO7Ebi+3leagyyAPUuLNs=,oSGZbqIwXNveB0fC2jKIeB3kIzw=
57,61,g3IgtRdO7Ebi+3leagyyAPUuLNs=,oSGZbqIwXNveB0fC2jKIeB3kIzw=
58,61,g3IgtRdO7Ebi+3leagyyAPUuLNs=,oSGZbqIwXNveB0fC2jKIeB3kIzw=
60,52,g3IgtRdO7Ebi+3leagyyAPUuLNs=,oSGZbqIwXNveB0fC2jKIeB3kIzw=
56,61,g3IgtRdO7Ebi+3leagyyAPUuLNs=,oSGZbqIwXNveB0fC2jKIeB3kIzw=
55,61,g3IgtRdO7Ebi+3leagyyAPUuLNs=,oSGZbqIwXNveB0fC2jKIeB3kIzw=
61,52,g3IgtRdO7Ebi+3leagyyAPUuLNs=,oSGZbqIwXNveB0fC2jKIeB3kIzw=
59,61,g3IgtRdO7Ebi+3leagyyAPUuLNs=,oSGZbqIwXNveB0fC2jKIeB3kIzw=
54,61,g3IgtRdO7Ebi+3leagyyAPUuLNs=,oSGZbqIwXNveB0fC2jKIeB3kIzw=
62,52,g3IgtRdO7Ebi+3leagyyAPUuLNs=,oSGZbqIwXNveB0fC2jKIeB3kIzw=
51,61,g3IgtRdO7Ebi+3leagyyAPUuLNs=,oSGZbqIwXNveB0fC2jKIeB3kIzw=
53,61,g3IgtRdO7Ebi+3leagyyAPUuLNs=,oSGZbqIwXNveB0fC2jKIeB3kIzw=
49,61,g3IgtRdO7Ebi+3leagyyAPUuLNs=,oSGZbqIwXNveB0fC2jKIeB3kIzw=
50,61,g3IgtRdO7Ebi+3leagyyAPUuLNs=,oSGZbqIwXNveB0fC2jKIeB3kIzw=
61,48,g3IgtRdO7Ebi+3leagyyAPUuLNs=,oSGZbqIwXNveB0fC2jKIeB3kIzw=
62,60,g3IgtRdO7Ebi+3leagyyAPUuLNs=,oSGZbqIwXNveB0fC2jKIeB3kIzw=
63,60,g3IgtRdO7Ebi+3leagyyAPUuLNs=,oSGZbqIwXNveB0fC2jKIeB3kIzw=
61,60,g3IgtRdO7Ebi+3leagyyAPUuLNs=,oSGZbqIwXNveB0fC2jKIeB3kIzw=
60,60,g3IgtRdO7Ebi+3leagyyAPUuLNs=,oSGZbqIwXNveB0fC2jKIeB3kIzw=
58,60,g3IgtRdO7Ebi+3leagyyAPUuLNs=,oSGZbqIwXNveB0fC2jKIeB3kIzw=
57,60,g3IgtRdO7Ebi+3leagyyAPUuLNs=,oSGZbqIwXNveB0fC2jKIeB3kIzw=
52,61,g3IgtRdO7Ebi+3leagyyAPUuLNs=,oSGZbqIwXNveB0fC2jKIeB3kIzw=
59,60,g3IgtRdO7Ebi+3leagyyAPUuLNs=,oSGZbqIwXNveB0fC2jKIeB3kIzw=
55,60,g3IgtRdO7Ebi+3leagyyAPUuLNs=,oSGZbqIwXNveB0fC2jKIeB3kIzw=
48,61,g3IgtRdO7Ebi+3leagyyAPUuLNs=,oSGZbqIwXNveB0fC2jKIeB3kIzw=
54,60,g3IgtRdO7Ebi+3leagyyAPUuLNs=,oSGZbqIwXNveB0fC2jKIeB3kIzw=
53,60,g3IgtRdO7Ebi+3leagyyAPUuLNs=,oSGZbqIwXNveB0fC2jKIeB3kIzw=
52,60,g3IgtRdO7Ebi+3leagyyAPUuLNs=,oSGZbqIwXNveB0fC2jKIeB3kIzw=
51,60,g3IgtRdO7Ebi+3leagyyAPUuLNs=,oSGZbqIwXNveB0fC2jKIeB3kIzw=
50,60,g3IgtRdO7Ebi+3leagyyAPUuLNs=,oSGZbqIwXNveB0fC2jKIeB3kIzw=
49,60,g3IgtRdO7Ebi+3leagyyAPUuLNs=,oSGZbqIwXNveB0fC2jKIeB3kIzw=
63,52,g3IgtRdO7Ebi+3leagyyAPUuLNs=,oSGZbqIwXNveB0fC2jKIeB3kIzw=
48,60,g3IgtRdO7Ebi+3leagyyAPUuLNs=,oSGZbqIwXNveB0fC2jKIeB3kIzw=
63,59,g3IgtRdO7Ebi+3leagyyAPUuLNs=,oSGZbqIwXNveB0fC2jKIeB3kIzw=
60,48,g3IgtRdO7Ebi+3leagyyAPUuLNs=,oSGZbqIwXNveB0fC2jKIeB3kIzw=
56,60,g3IgtRdO7Ebi+3leagyyAPUuLNs=,oSGZbqIwXNveB0fC2jKIeB3kIzw=
61,59,g3IgtRdO7Ebi+3leagyyAPUuLNs=,oSGZbqIwXNveB0fC2jKIeB3kIzw=
62,59,g3IgtRdO7Ebi+3leagyyAPUuLNs=,oSGZbqIwXNveB0fC2jKIeB3kIzw=
59,59,g3IgtRdO7Ebi+3leagyyAPUuLNs=,oSGZbqIwXNveB0fC2jKIeB3kIzw=
60,59,g3IgtRdO7Ebi+3leagyyAPUuLNs=,oSGZbqIwXNveB0fC2jKIeB3kIzw=
58,59,g3IgtRdO7Ebi+3leagyyAPUuLNs=,oSGZbqIwXNveB0fC2jKIeB3kIzw=
57,59,g3IgtRdO7Ebi+3leagyyAPUuLNs=,oSGZbqIwXNveB0fC2jKIeB3kIzw=
55,59,g3IgtRdO7Ebi+3leagyyAPUuLNs=,oSGZbqIwXNveB0fC2jKIeB3kIzw=
56,59,g3IgtRdO7Ebi+3leagyyAPUuLNs=,oSGZbqIwXNveB0fC2jKIeB3kIzw=
54,59,g3IgtRdO7Ebi+3leagyyAPUuLNs=,oSGZbqIwXNveB0fC2jKIeB3kIzw=
48,53,g3IgtRdO7Ebi+3leagyyAPUuLNs=,oSGZbqIwXNveB0fC2jKIeB3kIzw=
53,59,g3IgtRdO7Ebi+3leagyyAPUuLNs=,oSGZbqIwXNveB0fC2jKIeB3kIzw=
52,59,g3IgtRdO7Ebi+3leagyyAPUuLNs=,oSGZbqIwXNveB0fC2jKIeB3kIzw=
51,59,g3IgtRdO7Ebi+3leagyyAPUuLNs=,oSGZbqIwXNveB0fC2jKIeB3kIzw=
49,59,g3IgtRdO7Ebi+3leagyyAPUuLNs=,oSGZbqIwXNveB0fC2jKIeB3kIzw=
59,48,g3IgtRdO7Ebi+3leagyyAPUuLNs=,oSGZbqIwXNveB0fC2jKIeB3kIzw=
53,48,g3IgtRdO7Ebi+3leagyyAPUuLNs=,oSGZbqIwXNveB0fC2jKIeB3kIzw=
48,59,g3IgtRdO7Ebi+3leagyyAPUuLNs=,oSGZbqIwXNveB0fC2jKIeB3kIzw=
63,58,g3IgtRdO7Ebi+3leagyyAPUuLNs=,oSGZbqIwXNveB0fC2jKIeB3kIzw=
62,58,g3IgtRdO7Ebi+3leagyyAPUuLNs=,oSGZbqIwXNveB0fC2jKIeB3kIzw=
60,58,g3IgtRdO7Ebi+3leagyyAPUuLNs=,oSGZbqIwXNveB0fC2jKIeB3kIzw=
49,53,g3IgtRdO7Ebi+3leagyyAPUuLNs=,oSGZbqIwXNveB0fC2jKIeB3kIzw=
57,58,g3IgtRdO7Ebi+3leagyyAPUuLNs=,oSGZbqIwXNveB0fC2jKIeB3kIzw=
58,58,g3IgtRdO7Ebi+3leagyyAPUuLNs=,oSGZbqIwXNveB0fC2jKIeB3kIzw=
59,58,g3IgtRdO7Ebi+3leagyyAPUuLNs=,oSGZbqIwXNveB0fC2jKIeB3kIzw=
56,58,g3IgtRdO7Ebi+3leagyyAPUuLNs=,oSGZbqIwXNveB0fC2jKIeB3kIzw=
55,58,g3IgtRdO7Ebi+3leagyyAPUuLNs=,oSGZbqIwXNveB0fC2jKIeB3kIzw=
54,58,g3IgtRdO7Ebi+3leagyyAPUuLNs=,oSGZbqIwXNveB0fC2jKIeB3kIzw=
53,58,g3IgtRdO7Ebi+3leagyyAPUuLNs=,oSGZbqIwXNveB0fC2jKIeB3kIzw=
50,53,g3IgtRdO7Ebi+3leagyyAPUuLNs=,oSGZbqIwXNveB0fC2jKIeB3kIzw=
52,58,g3IgtRdO7Ebi+3leagyyAPUuLNs=,oSGZbqIwXNveB0fC2jKIeB3kIzw=
51,58,g3IgtRdO7Ebi+3leagyyAPUuLNs=,oSGZbqIwXNveB0fC2jKIeB3kIzw=
61,58,g3IgtRdO7Ebi+3leagyyAPUuLNs=,oSGZbqIwXNveB0fC2jKIeB3kIzw=
49,58,g3IgtRdO7Ebi+3leagyyAPUuLNs=,oSGZbqIwXNveB0fC2jKIeB3kIzw=
51,53,g3IgtRdO7Ebi+3leagyyAPUuLNs=,oSGZbqIwXNveB0fC2jKIeB3kIzw=
58,48,g3IgtRdO7Ebi+3leagyyAPUuLNs=,oSGZbqIwXNveB0fC2jKIeB3kIzw=
48,58,g3IgtRdO7Ebi+3leagyyAPUuLNs=,oSGZbqIwXNveB0fC2jKIeB3kIzw=
52,53,g3IgtRdO7Ebi+3leagyyAPUuLNs=,oSGZbqIwXNveB0fC2jKIeB3kIzw=
62,57,g3IgtRdO7Ebi+3leagyyAPUuLNs=,oSGZbqIwXNveB0fC2jKIeB3kIzw=
61,57,g3IgtRdO7Ebi+3leagyyAPUuLNs=,oSGZbqIwXNveB0fC2jKIeB3kIzw=
59,57,g3IgtRdO7Ebi+3leagyyAPUuLNs=,oSGZbqIwXNveB0fC2jKIeB3kIzw=
58,57,g3IgtRdO7Ebi+3leagyyAPUuLNs=,oSGZbqIwXNveB0fC2jKIeB3kIzw=
56,57,g3IgtRdO7Ebi+3leagyyAPUuLNs=,oSGZbqIwXNveB0fC2jKIeB3kIzw=
53,53,g3IgtRdO7Ebi+3leagyyAPUuLNs=,oSGZbqIwXNveB0fC2jKIeB3kIzw=
57,57,g3IgtRdO7Ebi+3leagyyAPUuLNs=,oSGZbqIwXNveB0fC2jKIeB3kIzw=
63,57,g3IgtRdO7Ebi+3leagyyAPUuLNs=,oSGZbqIwXNveB0fC2jKIeB3kIzw=
60,57,g3IgtRdO7Ebi+3leagyyAPUuLNs=,oSGZbqIwXNveB0fC2jKIeB3kIzw=
53,57,g3IgtRdO7Ebi+3leagyyAPUuLNs=,oSGZbqIwXNveB0fC2jKIeB3kIzw=
51,57,g3IgtRdO7Ebi+3leagyyAPUuLNs=,oSGZbqIwXNveB0fC2jKIeB3kIzw=
50,57,g3IgtRdO7Ebi+3leagyyAPUuLNs=,oSGZbqIwXNveB0fC2jKIeB3kIzw=
54,53,g3IgtRdO7Ebi+3leagyyAPUuLNs=,oSGZbqIwXNveB0fC2jKIeB3kIzw=
52,57,g3IgtRdO7Ebi+3leagyyAPUuLNs=,oSGZbqIwXNveB0fC2jKIeB3kIzw=
55,57,g3IgtRdO7Ebi+3leagyyAPUuLNs=,oSGZbqIwXNveB0fC2jKIeB3kIzw=
54,57,g3IgtRdO7Ebi+3leagyyAPUuLNs=,oSGZbqIwXNveB0fC2jKIeB3kIzw=
49,57,g3IgtRdO7Ebi+3leagyyAPUuLNs=,oSGZbqIwXNveB0fC2jKIeB3kIzw=
63,56,g3IgtRdO7Ebi+3leagyyAPUuLNs=,oSGZbqIwXNveB0fC2jKIeB3kIzw=
48,57,g3IgtRdO7Ebi+3leagyyAPUuLNs=,oSGZbqIwXNveB0fC2jKIeB3kIzw=
55,53,g3IgtRdO7Ebi+3leagyyAPUuLNs=,oSGZbqIwXNveB0fC2jKIeB3kIzw=
57,48,g3IgtRdO7Ebi+3leagyyAPUuLNs=,oSGZbqIwXNveB0fC2jKIeB3kIzw=
62,56,g3IgtRdO7Ebi+3leagyyAPUuLNs=,oSGZbqIwXNveB0fC2jKIeB3kIzw=
61,56,g3IgtRdO7Ebi+3leagyyAPUuLNs=,oSGZbqIwXNveB0fC2jKIeB3kIzw=
60,56,g3IgtRdO7Ebi+3leagyyAPUuLNs=,oSGZbqIwXNveB0fC2jKIeB3kIzw=
58,56,g3IgtRdO7Ebi+3leagyyAPUuLNs=,oSGZbqIwXNveB0fC2jKIeB3kIzw=
59,56,g3IgtRdO7Ebi+3leagyyAPUuLNs=,oSGZbqIwXNveB0fC2jKIeB3kIzw=
56,53,g3IgtRdO7Ebi+3leagyyAPUuLNs=,oSGZbqIwXNveB0fC2jKIeB3kIzw=
57,56,g3IgtRdO7Ebi+3leagyyAPUuLNs=,oSGZbqIwXNveB0fC2jKIeB3kIzw=
56,56,g3IgtRdO7Ebi+3leagyyAPUuLNs=,oSGZbqIwXNveB0fC2jKIeB3kIzw=
55,56,g3IgtRdO7Ebi+3leagyyAPUuLNs=,oSGZbqIwXNveB0fC2jKIeB3kIzw=
52,56,g3IgtRdO7Ebi+3leagyyAPUuLNs=,oSGZbqIwXNveB0fC2jKIeB3kIzw=
53,56,g3IgtRdO7Ebi+3leagyyAPUuLNs=,oSGZbqIwXNveB0fC2jKIeB3kIzw=
51,56,g3IgtRdO7Ebi+3leagyyAPUuLNs=,oSGZbqIwXNveB0fC2jKIeB3kIzw=
54,56,g3IgtRdO7Ebi+3leagyyAPUuLNs=,oSGZbqIwXNveB0fC2jKIeB3kIzw=
48,56,g3IgtRdO7Ebi+3leagyyAPUuLNs=,oSGZbqIwXNveB0fC2jKIeB3kIzw=
57,53,g3IgtRdO7Ebi+3leagyyAPUuLNs=,oSGZbqIwXNveB0fC2jKIeB3kIzw=
56,48,g3IgtRdO7Ebi+3leagyyAPUuLNs=,oSGZbqIwXNveB0fC2jKIeB3kIzw=
50,56,g3IgtRdO7Ebi+3leagyyAPUuLNs=,oSGZbqIwXNveB0fC2jKIeB3kIzw=
61,55,g3IgtRdO7Ebi+3leagyyAPUuLNs=,oSGZbqIwXNveB0fC2jKIeB3kIzw=
63,55,g3IgtRdO7Ebi+3leagyyAPUuLNs=,oSGZbqIwXNveB0fC2jKIeB3kIzw=
58,53,g3IgtRdO7Ebi+3leagyyAPUuLNs=,oSGZbqIwXNveB0fC2jKIeB3kIzw=
60,55,g3IgtRdO7Ebi+3leagyyAPUuLNs=,oSGZbqIwXNveB0fC2jKIeB3kIzw=
62,55,g3IgtRdO7Ebi+3leagyyAPUuLNs=,oSGZbqIwXNveB0fC2jKIeB3kIzw=
59,55,g3IgtRdO7Ebi+3leagyyAPUuLNs=,oSGZbqIwXNveB0fC2jKIeB3kIzw=
58,55,g3IgtRdO7Ebi+3leagyyAPUuLNs=,oSGZbqIwXNveB0fC2jKIeB3kIzw=
59,53,g3IgtRdO7Ebi+3leagyyAPUuLNs=,oSGZbqIwXNveB0fC2jKIeB3kIzw=
56,55,g3IgtRdO7Ebi+3leagyyAPUuLNs=,oSGZbqIwXNveB0fC2jKIeB3kIzw=
49,56,g3IgtRdO7Ebi+3leagyyAPUuLNs=,oSGZbqIwXNveB0fC2jKIeB3kIzw=
57,55,g3IgtRdO7Ebi+3leagyyAPUuLNs=,oSGZbqIwXNveB0fC2jKIeB3kIzw=
53,55,g3IgtRdO7Ebi+3leagyyAPUuLNs=,oSGZbqIwXNveB0fC2jKIeB3kIzw=
50,58,g3IgtRdO7Ebi+3leagyyAPUuLNs=,oSGZbqIwXNveB0fC2jKIeB3kIzw=
54,55,g3IgtRdO7Ebi+3leagyyAPUuLNs=,oSGZbqIwXNveB0fC2jKIeB3kIzw=
55,55,g3IgtRdO7Ebi+3leagyyAPUuLNs=,oSGZbqIwXNveB0fC2jKIeB3kIzw=
52,55,g3IgtRdO7Ebi+3leagyyAPUuLNs=,oSGZbqIwXNveB0fC2jKIeB3kIzw=
60,53,g3IgtRdO7Ebi+3leagyyAPUuLNs=,oSGZbqIwXNveB0fC2jKIeB3kIzw=
50,55,g3IgtRdO7Ebi+3leagyyAPUuLNs=,oSGZbqIwXNveB0fC2jKIeB3kIzw=
51,55,g3IgtRdO7Ebi+3leagyyAPUuLNs=,oSGZbqIwXNveB0fC2jKIeB3kIzw=
49,55,g3IgtRdO7Ebi+3leagyyAPUuLNs=,oSGZbqIwXNveB0fC2jKIeB3kIzw=
55,48,g3IgtRdO7Ebi+3leagyyAPUuLNs=,oSGZbqIwXNveB0fC2jKIeB3kIzw=
48,55,g3IgtRdO7Ebi+3leagyyAPUuLNs=,oSGZbqIwXNveB0fC2jKIeB3kIzw=
63,54,g3IgtRdO7Ebi+3leagyyAPUuLNs=,oSGZbqIwXNveB0fC2jKIeB3kIzw=
62,54,g3IgtRdO7Ebi+3leagyyAPUuLNs=,oSGZbqIwXNveB0fC2jKIeB3kIzw=
60,54,g3IgtRdO7Ebi+3leagyyAPUuLNs=,oSGZbqIwXNveB0fC2jKIeB3kIzw=
61,53,g3IgtRdO7Ebi+3leagyyAPUuLNs=,oSGZbqIwXNveB0fC2jKIeB3kIzw=
61,54,g3IgtRdO7Ebi+3leagyyAPUuLNs=,oSGZbqIwXNveB0fC2jKIeB3kIzw=
54,54,g3IgtRdO7Ebi+3leagyyAPUuLNs=,oSGZbqIwXNveB0fC2jKIeB3kIzw=
57,54,g3IgtRdO7Ebi+3leagyyAPUuLNs=,oSGZbqIwXNveB0fC2jKIeB3kIzw=
58,54,g3IgtRdO7Ebi+3leagyyAPUuLNs=,oSGZbqIwXNveB0fC2jKIeB3kIzw=
55,54,g3IgtRdO7Ebi+3leagyyAPUuLNs=,oSGZbqIwXNveB0fC2jKIeB3kIzw=
59,54,g3IgtRdO7Ebi+3leagyyAPUuLNs=,oSGZbqIwXNveB0fC2jKIeB3kIzw=
62,53,g3IgtRdO7Ebi+3leagyyAPUuLNs=,oSGZbqIwXNveB0fC2jKIeB3kIzw=
53,54,g3IgtRdO7Ebi+3leagyyAPUuLNs=,oSGZbqIwXNveB0fC2jKIeB3kIzw=
52,54,g3IgtRdO7Ebi+3leagyyAPUuLNs=,oSGZbqIwXNveB0fC2jKIeB3kIzw=
51,54,g3IgtRdO7Ebi+3leagyyAPUuLNs=,oSGZbqIwXNveB0fC2jKIeB3kIzw=
50,54,g3IgtRdO7Ebi+3leagyyAPUuLNs=,oSGZbqIwXNveB0fC2jKIeB3kIzw=
63,53,g3IgtRdO7Ebi+3leagyyAPUuLNs=,oSGZbqIwXNveB0fC2jKIeB3kIzw=
48,54,g3IgtRdO7Ebi+3leagyyAPUuLNs=,oSGZbqIwXNveB0fC2jKIeB3kIzw=
49,54,g3IgtRdO7Ebi+3leagyyAPUuLNs=,oSGZbqIwXNveB0fC2jKIeB3kIzw=
54,48,g3IgtRdO7Ebi+3leagyyAPUuLNs=,oSGZbqIwXNveB0fC2jKIeB3kIzw=
50,59,g3IgtRdO7Ebi+3leagyyAPUuLNs=,oSGZbqIwXNveB0fC2jKIeB3kIzw=
56,54,g3IgtRdO7Ebi+3leagyyAPUuLNs=,oSGZbqIwXNveB0fC2jKIeB3kIzw=
