-7,10,t2y7C9+2/NQA5kAYBPXr5dTkIHU=,ecyVWq23Es8qEp3cKeVqLF4etmg=
-7,9,6+nIDukJ4UCdmx7yULCNHxYtoDY=,ecyVWq23Es8qEp3cKeVqLF4etmg=
-5,5,qrmViCC43Alz/+eMgR+w/1CGbWQ=,gJnKa275Sszl4Jh/IOB5h4IvjDQ=
-11,6,l2KC+TpcuwaGsN7waic/TGgJiNE=,ElCmLehT6ak3u4ui+uVRp9gsGyQ=
-10,5,6+nIDukJ4UCdmx7yULCNHxYtoDY=,ElCmLehT6ak3u4ui+uVRp9gsGyQ=
-11,5,l2KC+TpcuwaGsN7waic/TGgJiNE=,ElCmLehT6ak3u4ui+uVRp9gsGyQ=
-10,6,6+nIDukJ4UCdmx7yULCNHxYtoDY=,ElCmLehT6ak3u4ui+uVRp9gsGyQ=
-2,8,qyrTg5fSduOfO+/CGWsRGS+8WQQ=,JTh2YKntb8bTW1oJTGV/b/Owjmo=
-4,10,l2KC+TpcuwaGsN7waic/TGgJiNE=,JTh2YKntb8bTW1oJTGV/b/Owjmo=
-3,10,l2KC+TpcuwaGsN7waic/TGgJiNE=,JTh2YKntb8bTW1oJTGV/b/Owjmo=
-4,9,l2KC+TpcuwaGsN7waic/TGgJiNE=,JTh2YKntb8bTW1oJTGV/b/Owjmo=
-6,9,AE7yIOBKKg9+OzTG9nGlhqpUjoY=,ecyVWq23Es8qEp3cKeVqLF4etmg=
-5,6,AE7yIOBKKg9+OzTG9nGlhqpUjoY=,gJnKa275Sszl4Jh/IOB5h4IvjDQ=
-5,7,l2KC+TpcuwaGsN7waic/TGgJiNE=,gJnKa275Sszl4Jh/IOB5h4IvjDQ=
-6,8,AE7yIOBKKg9+OzTG9nGlhqpUjoY=,ecyVWq23Es8qEp3cKeVqLF4etmg=
-3,6,l2KC+TpcuwaGsN7waic/TGgJiNE=,oGH4doOJpGnGej4LVxhV3ngDo90=
-3,7,l2KC+TpcuwaGsN7waic/TGgJiNE=,oGH4doOJpGnGej4LVxhV3ngDo90=
-4,7,AE7yIOBKKg9+OzTG9nGlhqpUjoY=,oGH4doOJpGnGej4LVxhV3ngDo90=
-5,9,AE7yIOBKKg9+OzTG9nGlhqpUjoY=,ecyVWq23Es8qEp3cKeVqLF4etmg=
-4,8,AE7yIOBKKg9+OzTG9nGlhqpUjoY=,JTh2YKntb8bTW1oJTGV/b/Owjmo=
-6,6,l2KC+TpcuwaGsN7waic/TGgJiNE=,gJnKa275Sszl4Jh/IOB5h4IvjDQ=
-3,9,l2KC+TpcuwaGsN7waic/TGgJiNE=,JTh2YKntb8bTW1oJTGV/b/Owjmo=
-4,6,l2KC+TpcuwaGsN7waic/TGgJiNE=,oGH4doOJpGnGej4LVxhV3ngDo90=
-5,8,l2KC+TpcuwaGsN7waic/TGgJiNE=,ecyVWq23Es8qEp3cKeVqLF4etmg=
-11,1,pcAzPmYVZq28SOmYmlYHb0R8ZME=,27h3BkRzr09SHh3mAnY8xFCrk24=
-10,1,g5UTB3wVz4gdIXR4x+T4uTjgi2c=,27h3BkRzr09SHh3mAnY8xFCrk24=
-11,4,9FZeByPyPUKAZqn5TYFIy0R77EI=,ElCmLehT6ak3u4ui+uVRp9gsGyQ=
-10,3,t2y7C9+2/NQA5kAYBPXr5dTkIHU=,27h3BkRzr09SHh3mAnY8xFCrk24=
-11,3,9FZeByPyPUKAZqn5TYFIy0R77EI=,27h3BkRzr09SHh3mAnY8xFCrk24=
-10,2,t2y7C9+2/NQA5kAYBPXr5dTkIHU=,27h3BkRzr09SHh3mAnY8xFCrk24=
-11,2,9FZeByPyPUKAZqn5TYFIy0R77EI=,27h3BkRzr09SHh3mAnY8xFCrk24=
-10,4,t2y7C9+2/NQA5kAYBPXr5dTkIHU=,ElCmLehT6ak3u4ui+uVRp9gsGyQ=
-7,11,t2y7C9+2/NQA5kAYBPXr5dTkIHU=,ecyVWq23Es8qEp3cKeVqLF4etmg=
-6,11,AE7yIOBKKg9+OzTG9nGlhqpUjoY=,ecyVWq23Es8qEp3cKeVqLF4etmg=
-3,8,l2KC+TpcuwaGsN7waic/TGgJiNE=,JTh2YKntb8bTW1oJTGV/b/Owjmo=
-1,10,g5UTB3wVz4gdIXR4x+T4uTjgi2c=,JTh2YKntb8bTW1oJTGV/b/Owjmo=
-1,9,qyrTg5fSduOfO+/CGWsRGS+8WQQ=,JTh2YKntb8bTW1oJTGV/b/Owjmo=
-6,7,AE7yIOBKKg9+OzTG9nGlhqpUjoY=,gJnKa275Sszl4Jh/IOB5h4IvjDQ=
-4,4,qrmViCC43Alz/+eMgR+w/1CGbWQ=,oGH4doOJpGnGej4LVxhV3ngDo90=
-3,4,qrmViCC43Alz/+eMgR+w/1CGbWQ=,oGH4doOJpGnGej4LVxhV3ngDo90=
-4,5,6+nIDukJ4UCdmx7yULCNHxYtoDY=,oGH4doOJpGnGej4LVxhV3ngDo90=
-3,5,qrmViCC43Alz/+eMgR+w/1CGbWQ=,oGH4doOJpGnGej4LVxhV3ngDo90=
-4,3,qrmViCC43Alz/+eMgR+w/1CGbWQ=,f67bwBWuoGSBJZLHhOCUSvh5ZFI=
-4,2,qrmViCC43Alz/+eMgR+w/1CGbWQ=,f67bwBWuoGSBJZLHhOCUSvh5ZFI=
-11,0,pcAzPmYVZq28SOmYmlYHb0R8ZME=,27h3BkRzr09SHh3mAnY8xFCrk24=
-3,2,qrmViCC43Alz/+eMgR+w/1CGbWQ=,f67bwBWuoGSBJZLHhOCUSvh5ZFI=
-10,0,pcAzPmYVZq28SOmYmlYHb0R8ZME=,27h3BkRzr09SHh3mAnY8xFCrk24=
-3,3,qrmViCC43Alz/+eMgR+w/1CGbWQ=,f67bwBWuoGSBJZLHhOCUSvh5ZFI=
-6,4,qrmViCC43Alz/+eMgR+w/1CGbWQ=,gJnKa275Sszl4Jh/IOB5h4IvjDQ=
-9,4,t2y7C9+2/NQA5kAYBPXr5dTkIHU=,ElCmLehT6ak3u4ui+uVRp9gsGyQ=
-7,4,t2y7C9+2/NQA5kAYBPXr5dTkIHU=,gJnKa275Sszl4Jh/IOB5h4IvjDQ=
-7,5,t2y7C9+2/NQA5kAYBPXr5dTkIHU=,gJnKa275Sszl4Jh/IOB5h4IvjDQ=
-9,5,t2y7C9+2/NQA5kAYBPXr5dTkIHU=,ElCmLehT6ak3u4ui+uVRp9gsGyQ=
-6,5,qrmViCC43Alz/+eMgR+w/1CGbWQ=,gJnKa275Sszl4Jh/IOB5h4IvjDQ=
-5,3,qrmViCC43Alz/+eMgR+w/1CGbWQ=,9tqxCostuHZuaRhJDX26KnnzPhs=
-7,3,6+nIDukJ4UCdmx7yULCNHxYtoDY=,9tqxCostuHZuaRhJDX26KnnzPhs=
-9,2,t2y7C9+2/NQA5kAYBPXr5dTkIHU=,27h3BkRzr09SHh3mAnY8xFCrk24=
-5,4,qrmViCC43Alz/+eMgR+w/1CGbWQ=,gJnKa275Sszl4Jh/IOB5h4IvjDQ=
-6,3,qrmViCC43Alz/+eMgR+w/1CGbWQ=,9tqxCostuHZuaRhJDX26KnnzPhs=
-6,2,qrmViCC43Alz/+eMgR+w/1CGbWQ=,9tqxCostuHZuaRhJDX26KnnzPhs=
-9,3,t2y7C9+2/NQA5kAYBPXr5dTkIHU=,27h3BkRzr09SHh3mAnY8xFCrk24=
-8,3,t2y7C9+2/NQA5kAYBPXr5dTkIHU=,9tqxCostuHZuaRhJDX26KnnzPhs=
-8,4,6+nIDukJ4UCdmx7yULCNHxYtoDY=,gJnKa275Sszl4Jh/IOB5h4IvjDQ=
-8,5,6+nIDukJ4UCdmx7yULCNHxYtoDY=,gJnKa275Sszl4Jh/IOB5h4IvjDQ=
-5,2,qrmViCC43Alz/+eMgR+w/1CGbWQ=,9tqxCostuHZuaRhJDX26KnnzPhs=
-8,2,6+nIDukJ4UCdmx7yULCNHxYtoDY=,9tqxCostuHZuaRhJDX26KnnzPhs=
-7,2,6+nIDukJ4UCdmx7yULCNHxYtoDY=,9tqxCostuHZuaRhJDX26KnnzPhs=
-4,13,l2KC+TpcuwaGsN7waic/TGgJiNE=,SGIwdQ2fb0qKay8PwFq1FFaZUrc=
-3,14,g5UTB3wVz4gdIXR4x+T4uTjgi2c=,SGIwdQ2fb0qKay8PwFq1FFaZUrc=
-4,14,g5UTB3wVz4gdIXR4x+T4uTjgi2c=,SGIwdQ2fb0qKay8PwFq1FFaZUrc=
-1,12,g5UTB3wVz4gdIXR4x+T4uTjgi2c=,SGIwdQ2fb0qKay8PwFq1FFaZUrc=
-3,11,l2KC+TpcuwaGsN7waic/TGgJiNE=,JTh2YKntb8bTW1oJTGV/b/Owjmo=
-6,10,AE7yIOBKKg9+OzTG9nGlhqpUjoY=,ecyVWq23Es8qEp3cKeVqLF4etmg=
-1,11,g5UTB3wVz4gdIXR4x+T4uTjgi2c=,JTh2YKntb8bTW1oJTGV/b/Owjmo=
-3,15,g5UTB3wVz4gdIXR4x+T4uTjgi2c=,SGIwdQ2fb0qKay8PwFq1FFaZUrc=
-4,11,AE7yIOBKKg9+OzTG9nGlhqpUjoY=,JTh2YKntb8bTW1oJTGV/b/Owjmo=
-2,11,g5UTB3wVz4gdIXR4x+T4uTjgi2c=,JTh2YKntb8bTW1oJTGV/b/Owjmo=
-3,13,l2KC+TpcuwaGsN7waic/TGgJiNE=,SGIwdQ2fb0qKay8PwFq1FFaZUrc=
-5,11,AE7yIOBKKg9+OzTG9nGlhqpUjoY=,ecyVWq23Es8qEp3cKeVqLF4etmg=
-5,10,l2KC+TpcuwaGsN7waic/TGgJiNE=,ecyVWq23Es8qEp3cKeVqLF4etmg=
-2,10,g5UTB3wVz4gdIXR4x+T4uTjgi2c=,JTh2YKntb8bTW1oJTGV/b/Owjmo=
-4,12,l2KC+TpcuwaGsN7waic/TGgJiNE=,SGIwdQ2fb0qKay8PwFq1FFaZUrc=
-1,13,g5UTB3wVz4gdIXR4x+T4uTjgi2c=,SGIwdQ2fb0qKay8PwFq1FFaZUrc=
-2,12,g5UTB3wVz4gdIXR4x+T4uTjgi2c=,SGIwdQ2fb0qKay8PwFq1FFaZUrc=
-3,12,l2KC+TpcuwaGsN7waic/TGgJiNE=,SGIwdQ2fb0qKay8PwFq1FFaZUrc=
-2,13,g5UTB3wVz4gdIXR4x+T4uTjgi2c=,SGIwdQ2fb0qKay8PwFq1FFaZUrc=
-9,1,pcAzPmYVZq28SOmYmlYHb0R8ZME=,27h3BkRzr09SHh3mAnY8xFCrk24=
-9,0,g5UTB3wVz4gdIXR4x+T4uTjgi2c=,27h3BkRzr09SHh3mAnY8xFCrk24=
-1,8,qyrTg5fSduOfO+/CGWsRGS+8WQQ=,JTh2YKntb8bTW1oJTGV/b/Owjmo=
-12,6,9FZeByPyPUKAZqn5TYFIy0R77EI=,ElCmLehT6ak3u4ui+uVRp9gsGyQ=
-12,5,9FZeByPyPUKAZqn5TYFIy0R77EI=,ElCmLehT6ak3u4ui+uVRp9gsGyQ=
-8,10,t2y7C9+2/NQA5kAYBPXr5dTkIHU=,ecyVWq23Es8qEp3cKeVqLF4etmg=
-11,7,l2KC+TpcuwaGsN7waic/TGgJiNE=,ElCmLehT6ak3u4ui+uVRp9gsGyQ=
-1,7,qyrTg5fSduOfO+/CGWsRGS+8WQQ=,oGH4doOJpGnGej4LVxhV3ngDo90=
-8,9,6+nIDukJ4UCdmx7yULCNHxYtoDY=,ecyVWq23Es8qEp3cKeVqLF4etmg=
-10,7,6+nIDukJ4UCdmx7yULCNHxYtoDY=,ElCmLehT6ak3u4ui+uVRp9gsGyQ=
-9,7,6+nIDukJ4UCdmx7yULCNHxYtoDY=,ElCmLehT6ak3u4ui+uVRp9gsGyQ=
-2,9,qyrTg5fSduOfO+/CGWsRGS+8WQQ=,JTh2YKntb8bTW1oJTGV/b/Owjmo=
-2,7,qyrTg5fSduOfO+/CGWsRGS+8WQQ=,oGH4doOJpGnGej4LVxhV3ngDo90=
-7,8,6+nIDukJ4UCdmx7yULCNHxYtoDY=,ecyVWq23Es8qEp3cKeVqLF4etmg=
-8,1,pcAzPmYVZq28SOmYmlYHb0R8ZME=,9tqxCostuHZuaRhJDX26KnnzPhs=
-8,7,6+nIDukJ4UCdmx7yULCNHxYtoDY=,gJnKa275Sszl4Jh/IOB5h4IvjDQ=
-8,8,6+nIDukJ4UCdmx7yULCNHxYtoDY=,ecyVWq23Es8qEp3cKeVqLF4etmg=
-8,11,t2y7C9+2/NQA5kAYBPXr5dTkIHU=,ecyVWq23Es8qEp3cKeVqLF4etmg=
-12,1,pcAzPmYVZq28SOmYmlYHb0R8ZME=,27h3BkRzr09SHh3mAnY8xFCrk24=
-12,2,9FZeByPyPUKAZqn5TYFIy0R77EI=,27h3BkRzr09SHh3mAnY8xFCrk24=
-12,3,9FZeByPyPUKAZqn5TYFIy0R77EI=,27h3BkRzr09SHh3mAnY8xFCrk24=
-12,4,9FZeByPyPUKAZqn5TYFIy0R77EI=,ElCmLehT6ak3u4ui+uVRp9gsGyQ=
-12,0,pcAzPmYVZq28SOmYmlYHb0R8ZME=,27h3BkRzr09SHh3mAnY8xFCrk24=
-7,0,pcAzPmYVZq28SOmYmlYHb0R8ZME=,9tqxCostuHZuaRhJDX26KnnzPhs=
-2,15,g5UTB3wVz4gdIXR4x+T4uTjgi2c=,SGIwdQ2fb0qKay8PwFq1FFaZUrc=
-9,6,6+nIDukJ4UCdmx7yULCNHxYtoDY=,ElCmLehT6ak3u4ui+uVRp9gsGyQ=
-12,7,l2KC+TpcuwaGsN7waic/TGgJiNE=,ElCmLehT6ak3u4ui+uVRp9gsGyQ=
-4,15,g5UTB3wVz4gdIXR4x+T4uTjgi2c=,SGIwdQ2fb0qKay8PwFq1FFaZUrc=
-1,15,g5UTB3wVz4gdIXR4x+T4uTjgi2c=,SGIwdQ2fb0qKay8PwFq1FFaZUrc=
-8,0,pcAzPmYVZq28SOmYmlYHb0R8ZME=,9tqxCostuHZuaRhJDX26KnnzPhs=
-2,6,qyrTg5fSduOfO+/CGWsRGS+8WQQ=,oGH4doOJpGnGej4LVxhV3ngDo90=
-7,6,t2y7C9+2/NQA5kAYBPXr5dTkIHU=,gJnKa275Sszl4Jh/IOB5h4IvjDQ=
-7,1,pcAzPmYVZq28SOmYmlYHb0R8ZME=,9tqxCostuHZuaRhJDX26KnnzPhs=
-8,6,6+nIDukJ4UCdmx7yULCNHxYtoDY=,gJnKa275Sszl4Jh/IOB5h4IvjDQ=
-7,7,6+nIDukJ4UCdmx7yULCNHxYtoDY=,gJnKa275Sszl4Jh/IOB5h4IvjDQ=
-1,5,qyrTg5fSduOfO+/CGWsRGS+8WQQ=,oGH4doOJpGnGej4LVxhV3ngDo90=
-1,6,qyrTg5fSduOfO+/CGWsRGS+8WQQ=,oGH4doOJpGnGej4LVxhV3ngDo90=
-1,3,qyrTg5fSduOfO+/CGWsRGS+8WQQ=,f67bwBWuoGSBJZLHhOCUSvh5ZFI=
-1,4,qyrTg5fSduOfO+/CGWsRGS+8WQQ=,oGH4doOJpGnGej4LVxhV3ngDo90=
-2,4,qyrTg5fSduOfO+/CGWsRGS+8WQQ=,oGH4doOJpGnGej4LVxhV3ngDo90=
-2,5,qyrTg5fSduOfO+/CGWsRGS+8WQQ=,oGH4doOJpGnGej4LVxhV3ngDo90=
-2,3,qyrTg5fSduOfO+/CGWsRGS+8WQQ=,f67bwBWuoGSBJZLHhOCUSvh5ZFI=
-1,2,qyrTg5fSduOfO+/CGWsRGS+8WQQ=,f67bwBWuoGSBJZLHhOCUSvh5ZFI=
-1,14,g5UTB3wVz4gdIXR4x+T4uTjgi2c=,SGIwdQ2fb0qKay8PwFq1FFaZUrc=
-2,2,qyrTg5fSduOfO+/CGWsRGS+8WQQ=,f67bwBWuoGSBJZLHhOCUSvh5ZFI=
-2,14,g5UTB3wVz4gdIXR4x+T4uTjgi2c=,SGIwdQ2fb0qKay8PwFq1FFaZUrc=
-6,1,pcAzPmYVZq28SOmYmlYHb0R8ZME=,9tqxCostuHZuaRhJDX26KnnzPhs=
-2,1,g5UTB3wVz4gdIXR4x+T4uTjgi2c=,f67bwBWuoGSBJZLHhOCUSvh5ZFI=
-6,0,g5UTB3wVz4gdIXR4x+T4uTjgi2c=,9tqxCostuHZuaRhJDX26KnnzPhs=
-5,1,pcAzPmYVZq28SOmYmlYHb0R8ZME=,9tqxCostuHZuaRhJDX26KnnzPhs=
-5,0,g5UTB3wVz4gdIXR4x+T4uTjgi2c=,9tqxCostuHZuaRhJDX26KnnzPhs=
-4,1,pcAzPmYVZq28SOmYmlYHb0R8ZME=,f67bwBWuoGSBJZLHhOCUSvh5ZFI=
-3,1,g5UTB3wVz4gdIXR4x+T4uTjgi2c=,f67bwBWuoGSBJZLHhOCUSvh5ZFI=
-4,0,g5UTB3wVz4gdIXR4x+T4uTjgi2c=,f67bwBWuoGSBJZLHhOCUSvh5ZFI=
-3,0,pcAzPmYVZq28SOmYmlYHb0R8ZME=,f67bwBWuoGSBJZLHhOCUSvh5ZFI=
-2,0,pcAzPmYVZq28SOmYmlYHb0R8ZME=,f67bwBWuoGSBJZLHhOCUSvh5ZFI=
-1,0,g5UTB3wVz4gdIXR4x+T4uTjgi2c=,f67bwBWuoGSBJZLHhOCUSvh5ZFI=
-1,1,pcAzPmYVZq28SOmYmlYHb0R8ZME=,f67bwBWuoGSBJZLHhOCUSvh5ZFI=
-15,6,qyrTg5fSduOfO+/CGWsRGS+8WQQ=,vvwhbmgPVOouL3vA49lrvuvsOe4=
-14,5,9FZeByPyPUKAZqn5TYFIy0R77EI=,vvwhbmgPVOouL3vA49lrvuvsOe4=
-15,5,pcAzPmYVZq28SOmYmlYHb0R8ZME=,vvwhbmgPVOouL3vA49lrvuvsOe4=
-14,6,9FZeByPyPUKAZqn5TYFIy0R77EI=,vvwhbmgPVOouL3vA49lrvuvsOe4=
-15,3,9FZeByPyPUKAZqn5TYFIy0R77EI=,LsNNLyqqC4mk/LkJ/LRc0SBTUeY=
-15,1,g5UTB3wVz4gdIXR4x+T4uTjgi2c=,LsNNLyqqC4mk/LkJ/LRc0SBTUeY=
-14,1,9FZeByPyPUKAZqn5TYFIy0R77EI=,LsNNLyqqC4mk/LkJ/LRc0SBTUeY=
-15,4,9FZeByPyPUKAZqn5TYFIy0R77EI=,vvwhbmgPVOouL3vA49lrvuvsOe4=
-15,2,9FZeByPyPUKAZqn5TYFIy0R77EI=,LsNNLyqqC4mk/LkJ/LRc0SBTUeY=
-14,2,9FZeByPyPUKAZqn5TYFIy0R77EI=,LsNNLyqqC4mk/LkJ/LRc0SBTUeY=
-13,5,9FZeByPyPUKAZqn5TYFIy0R77EI=,vvwhbmgPVOouL3vA49lrvuvsOe4=
-13,6,9FZeByPyPUKAZqn5TYFIy0R77EI=,vvwhbmgPVOouL3vA49lrvuvsOe4=
-13,1,9FZeByPyPUKAZqn5TYFIy0R77EI=,LsNNLyqqC4mk/LkJ/LRc0SBTUeY=
-14,4,l2KC+TpcuwaGsN7waic/TGgJiNE=,vvwhbmgPVOouL3vA49lrvuvsOe4=
-14,3,9FZeByPyPUKAZqn5TYFIy0R77EI=,LsNNLyqqC4mk/LkJ/LRc0SBTUeY=
-13,2,9FZeByPyPUKAZqn5TYFIy0R77EI=,LsNNLyqqC4mk/LkJ/LRc0SBTUeY=
-13,4,9FZeByPyPUKAZqn5TYFIy0R77EI=,vvwhbmgPVOouL3vA49lrvuvsOe4=
-13,3,9FZeByPyPUKAZqn5TYFIy0R77EI=,LsNNLyqqC4mk/LkJ/LRc0SBTUeY=
-13,0,9FZeByPyPUKAZqn5TYFIy0R77EI=,LsNNLyqqC4mk/LkJ/LRc0SBTUeY=
-14,0,pcAzPmYVZq28SOmYmlYHb0R8ZME=,LsNNLyqqC4mk/LkJ/LRc0SBTUeY=
-15,0,g5UTB3wVz4gdIXR4x+T4uTjgi2c=,LsNNLyqqC4mk/LkJ/LRc0SBTUeY=
-15,7,qyrTg5fSduOfO+/CGWsRGS+8WQQ=,vvwhbmgPVOouL3vA49lrvuvsOe4=
-14,7,9FZeByPyPUKAZqn5TYFIy0R77EI=,vvwhbmgPVOouL3vA49lrvuvsOe4=
-13,7,9FZeByPyPUKAZqn5TYFIy0R77EI=,vvwhbmgPVOouL3vA49lrvuvsOe4=
-16,1,g5UTB3wVz4gdIXR4x+T4uTjgi2c=,LsNNLyqqC4mk/LkJ/LRc0SBTUeY=
-16,2,9FZeByPyPUKAZqn5TYFIy0R77EI=,LsNNLyqqC4mk/LkJ/LRc0SBTUeY=
-16,3,9FZeByPyPUKAZqn5TYFIy0R77EI=,LsNNLyqqC4mk/LkJ/LRc0SBTUeY=
-16,6,qyrTg5fSduOfO+/CGWsRGS+8WQQ=,vvwhbmgPVOouL3vA49lrvuvsOe4=
-16,4,9FZeByPyPUKAZqn5TYFIy0R77EI=,vvwhbmgPVOouL3vA49lrvuvsOe4=
-16,5,9FZeByPyPUKAZqn5TYFIy0R77EI=,vvwhbmgPVOouL3vA49lrvuvsOe4=
-16,7,qyrTg5fSduOfO+/CGWsRGS+8WQQ=,vvwhbmgPVOouL3vA49lrvuvsOe4=
-16,0,g5UTB3wVz4gdIXR4x+T4uTjgi2c=,LsNNLyqqC4mk/LkJ/LRc0SBTUeY=
-3,17,5FOKsM1d3duIqNgugBWeSLj1bZM=,n8nkizFSeQdsLJSIqcwZQUeu+xk=
-2,18,5FOKsM1d3duIqNgugBWeSLj1bZM=,n8nkizFSeQdsLJSIqcwZQUeu+xk=
-3,18,+cX7r3kUzcPyqmTpavQn9U8gx24=,n8nkizFSeQdsLJSIqcwZQUeu+xk=
-2,17,5FOKsM1d3duIqNgugBWeSLj1bZM=,n8nkizFSeQdsLJSIqcwZQUeu+xk=
-3,19,+cX7r3kUzcPyqmTpavQn9U8gx24=,n8nkizFSeQdsLJSIqcwZQUeu+xk=
-2,19,5FOKsM1d3duIqNgugBWeSLj1bZM=,n8nkizFSeQdsLJSIqcwZQUeu+xk=
-7,17,+cX7r3kUzcPyqmTpavQn9U8gx24=,87qsTnhoJkOrzT4SFBrtKHLhsgs=
-4,18,5FOKsM1d3duIqNgugBWeSLj1bZM=,n8nkizFSeQdsLJSIqcwZQUeu+xk=
-6,17,+cX7r3kUzcPyqmTpavQn9U8gx24=,87qsTnhoJkOrzT4SFBrtKHLhsgs=
-7,18,+cX7r3kUzcPyqmTpavQn9U8gx24=,87qsTnhoJkOrzT4SFBrtKHLhsgs=
-3,16,5FOKsM1d3duIqNgugBWeSLj1bZM=,n8nkizFSeQdsLJSIqcwZQUeu+xk=
-7,26,gR44X7T1HTk7BbIpX4oXraXvkdw=,iyCpqGLnU5h6oJStG1PRAZVFICU=
-6,26,gR44X7T1HTk7BbIpX4oXraXvkdw=,iyCpqGLnU5h6oJStG1PRAZVFICU=
-7,25,gR44X7T1HTk7BbIpX4oXraXvkdw=,iyCpqGLnU5h6oJStG1PRAZVFICU=
-6,25,gR44X7T1HTk7BbIpX4oXraXvkdw=,iyCpqGLnU5h6oJStG1PRAZVFICU=
-2,16,5FOKsM1d3duIqNgugBWeSLj1bZM=,n8nkizFSeQdsLJSIqcwZQUeu+xk=
-8,22,gR44X7T1HTk7BbIpX4oXraXvkdw=,xUmLccHov7UQ7c9y26R1jQAeI2Y=
-7,22,gR44X7T1HTk7BbIpX4oXraXvkdw=,xUmLccHov7UQ7c9y26R1jQAeI2Y=
-7,20,+cX7r3kUzcPyqmTpavQn9U8gx24=,xUmLccHov7UQ7c9y26R1jQAeI2Y=
-4,19,+cX7r3kUzcPyqmTpavQn9U8gx24=,n8nkizFSeQdsLJSIqcwZQUeu+xk=
-7,19,+cX7r3kUzcPyqmTpavQn9U8gx24=,87qsTnhoJkOrzT4SFBrtKHLhsgs=
-5,19,5FOKsM1d3duIqNgugBWeSLj1bZM=,87qsTnhoJkOrzT4SFBrtKHLhsgs=
-7,21,gR44X7T1HTk7BbIpX4oXraXvkdw=,xUmLccHov7UQ7c9y26R1jQAeI2Y=
-8,21,gR44X7T1HTk7BbIpX4oXraXvkdw=,xUmLccHov7UQ7c9y26R1jQAeI2Y=
-5,20,5FOKsM1d3duIqNgugBWeSLj1bZM=,xUmLccHov7UQ7c9y26R1jQAeI2Y=
-8,17,+cX7r3kUzcPyqmTpavQn9U8gx24=,87qsTnhoJkOrzT4SFBrtKHLhsgs=
-8,20,+cX7r3kUzcPyqmTpavQn9U8gx24=,xUmLccHov7UQ7c9y26R1jQAeI2Y=
-8,19,+cX7r3kUzcPyqmTpavQn9U8gx24=,87qsTnhoJkOrzT4SFBrtKHLhsgs=
-8,18,+cX7r3kUzcPyqmTpavQn9U8gx24=,87qsTnhoJkOrzT4SFBrtKHLhsgs=
-7,27,+cX7r3kUzcPyqmTpavQn9U8gx24=,iyCpqGLnU5h6oJStG1PRAZVFICU=
-6,27,+cX7r3kUzcPyqmTpavQn9U8gx24=,iyCpqGLnU5h6oJStG1PRAZVFICU=
-6,23,+cX7r3kUzcPyqmTpavQn9U8gx24=,xUmLccHov7UQ7c9y26R1jQAeI2Y=
-5,25,+cX7r3kUzcPyqmTpavQn9U8gx24=,iyCpqGLnU5h6oJStG1PRAZVFICU=
-5,26,+cX7r3kUzcPyqmTpavQn9U8gx24=,iyCpqGLnU5h6oJStG1PRAZVFICU=
-1,17,5FOKsM1d3duIqNgugBWeSLj1bZM=,n8nkizFSeQdsLJSIqcwZQUeu+xk=
-1,18,5FOKsM1d3duIqNgugBWeSLj1bZM=,n8nkizFSeQdsLJSIqcwZQUeu+xk=
-1,16,5FOKsM1d3duIqNgugBWeSLj1bZM=,n8nkizFSeQdsLJSIqcwZQUeu+xk=
-5,24,+cX7r3kUzcPyqmTpavQn9U8gx24=,iyCpqGLnU5h6oJStG1PRAZVFICU=
-5,22,+cX7r3kUzcPyqmTpavQn9U8gx24=,xUmLccHov7UQ7c9y26R1jQAeI2Y=
-5,23,+cX7r3kUzcPyqmTpavQn9U8gx24=,xUmLccHov7UQ7c9y26R1jQAeI2Y=
-6,22,+cX7r3kUzcPyqmTpavQn9U8gx24=,xUmLccHov7UQ7c9y26R1jQAeI2Y=
-6,24,+cX7r3kUzcPyqmTpavQn9U8gx24=,iyCpqGLnU5h6oJStG1PRAZVFICU=
-6,18,5FOKsM1d3duIqNgugBWeSLj1bZM=,87qsTnhoJkOrzT4SFBrtKHLhsgs=
-6,21,5FOKsM1d3duIqNgugBWeSLj1bZM=,xUmLccHov7UQ7c9y26R1jQAeI2Y=
-5,21,5FOKsM1d3duIqNgugBWeSLj1bZM=,xUmLccHov7UQ7c9y26R1jQAeI2Y=
-6,19,5FOKsM1d3duIqNgugBWeSLj1bZM=,87qsTnhoJkOrzT4SFBrtKHLhsgs=
-6,20,5FOKsM1d3duIqNgugBWeSLj1bZM=,xUmLccHov7UQ7c9y26R1jQAeI2Y=
-5,18,5FOKsM1d3duIqNgugBWeSLj1bZM=,87qsTnhoJkOrzT4SFBrtKHLhsgs=
-7,16,+cX7r3kUzcPyqmTpavQn9U8gx24=,87qsTnhoJkOrzT4SFBrtKHLhsgs=
-6,16,+cX7r3kUzcPyqmTpavQn9U8gx24=,87qsTnhoJkOrzT4SFBrtKHLhsgs=
-8,16,+cX7r3kUzcPyqmTpavQn9U8gx24=,87qsTnhoJkOrzT4SFBrtKHLhsgs=
-1,19,5FOKsM1d3duIqNgugBWeSLj1bZM=,n8nkizFSeQdsLJSIqcwZQUeu+xk=
-5,27,5FOKsM1d3duIqNgugBWeSLj1bZM=,iyCpqGLnU5h6oJStG1PRAZVFICU=
-5,16,5FOKsM1d3duIqNgugBWeSLj1bZM=,87qsTnhoJkOrzT4SFBrtKHLhsgs=
-5,17,5FOKsM1d3duIqNgugBWeSLj1bZM=,87qsTnhoJkOrzT4SFBrtKHLhsgs=
-16,24,5FOKsM1d3duIqNgugBWeSLj1bZM=,TeTd7xseUuYWJMnZoEPvXUBtclg=
-14,25,gR44X7T1HTk7BbIpX4oXraXvkdw=,TeTd7xseUuYWJMnZoEPvXUBtclg=
-15,25,gR44X7T1HTk7BbIpX4oXraXvkdw=,TeTd7xseUuYWJMnZoEPvXUBtclg=
-16,25,5FOKsM1d3duIqNgugBWeSLj1bZM=,TeTd7xseUuYWJMnZoEPvXUBtclg=
-14,24,gR44X7T1HTk7BbIpX4oXraXvkdw=,TeTd7xseUuYWJMnZoEPvXUBtclg=
-15,24,gR44X7T1HTk7BbIpX4oXraXvkdw=,TeTd7xseUuYWJMnZoEPvXUBtclg=
-16,26,5FOKsM1d3duIqNgugBWeSLj1bZM=,TeTd7xseUuYWJMnZoEPvXUBtclg=
-13,25,gR44X7T1HTk7BbIpX4oXraXvkdw=,TeTd7xseUuYWJMnZoEPvXUBtclg=
-8,26,gR44X7T1HTk7BbIpX4oXraXvkdw=,iyCpqGLnU5h6oJStG1PRAZVFICU=
-12,24,gR44X7T1HTk7BbIpX4oXraXvkdw=,hXsDUlakUyEq97ingfBtbFdV2RE=
-10,25,gR44X7T1HTk7BbIpX4oXraXvkdw=,hXsDUlakUyEq97ingfBtbFdV2RE=
-8,27,+cX7r3kUzcPyqmTpavQn9U8gx24=,iyCpqGLnU5h6oJStG1PRAZVFICU=
-11,24,gR44X7T1HTk7BbIpX4oXraXvkdw=,hXsDUlakUyEq97ingfBtbFdV2RE=
-15,26,5FOKsM1d3duIqNgugBWeSLj1bZM=,TeTd7xseUuYWJMnZoEPvXUBtclg=
-8,25,gR44X7T1HTk7BbIpX4oXraXvkdw=,iyCpqGLnU5h6oJStG1PRAZVFICU=
-15,27,5FOKsM1d3duIqNgugBWeSLj1bZM=,TeTd7xseUuYWJMnZoEPvXUBtclg=
-16,27,5FOKsM1d3duIqNgugBWeSLj1bZM=,TeTd7xseUuYWJMnZoEPvXUBtclg=
-4,16,5FOKsM1d3duIqNgugBWeSLj1bZM=,n8nkizFSeQdsLJSIqcwZQUeu+xk=
-8,23,gR44X7T1HTk7BbIpX4oXraXvkdw=,xUmLccHov7UQ7c9y26R1jQAeI2Y=
-13,26,5FOKsM1d3duIqNgugBWeSLj1bZM=,TeTd7xseUuYWJMnZoEPvXUBtclg=
-13,27,5FOKsM1d3duIqNgugBWeSLj1bZM=,TeTd7xseUuYWJMnZoEPvXUBtclg=
-9,27,+cX7r3kUzcPyqmTpavQn9U8gx24=,hXsDUlakUyEq97ingfBtbFdV2RE=
-7,23,gR44X7T1HTk7BbIpX4oXraXvkdw=,xUmLccHov7UQ7c9y26R1jQAeI2Y=
-4,17,5FOKsM1d3duIqNgugBWeSLj1bZM=,n8nkizFSeQdsLJSIqcwZQUeu+xk=
-11,25,gR44X7T1HTk7BbIpX4oXraXvkdw=,hXsDUlakUyEq97ingfBtbFdV2RE=
-14,27,5FOKsM1d3duIqNgugBWeSLj1bZM=,TeTd7xseUuYWJMnZoEPvXUBtclg=
-7,24,gR44X7T1HTk7BbIpX4oXraXvkdw=,iyCpqGLnU5h6oJStG1PRAZVFICU=
-12,25,gR44X7T1HTk7BbIpX4oXraXvkdw=,hXsDUlakUyEq97ingfBtbFdV2RE=
-11,27,5FOKsM1d3duIqNgugBWeSLj1bZM=,hXsDUlakUyEq97ingfBtbFdV2RE=
-10,24,gR44X7T1HTk7BbIpX4oXraXvkdw=,hXsDUlakUyEq97ingfBtbFdV2RE=
-13,24,gR44X7T1HTk7BbIpX4oXraXvkdw=,TeTd7xseUuYWJMnZoEPvXUBtclg=
-10,26,5FOKsM1d3duIqNgugBWeSLj1bZM=,hXsDUlakUyEq97ingfBtbFdV2RE=
-9,26,5FOKsM1d3duIqNgugBWeSLj1bZM=,hXsDUlakUyEq97ingfBtbFdV2RE=
-8,24,gR44X7T1HTk7BbIpX4oXraXvkdw=,iyCpqGLnU5h6oJStG1PRAZVFICU=
-11,26,5FOKsM1d3duIqNgugBWeSLj1bZM=,hXsDUlakUyEq97ingfBtbFdV2RE=
-14,26,5FOKsM1d3duIqNgugBWeSLj1bZM=,TeTd7xseUuYWJMnZoEPvXUBtclg=
-12,27,5FOKsM1d3duIqNgugBWeSLj1bZM=,hXsDUlakUyEq97ingfBtbFdV2RE=
-10,27,5FOKsM1d3duIqNgugBWeSLj1bZM=,hXsDUlakUyEq97ingfBtbFdV2RE=
-12,26,5FOKsM1d3duIqNgugBWeSLj1bZM=,hXsDUlakUyEq97ingfBtbFdV2RE=
-9,24,+cX7r3kUzcPyqmTpavQn9U8gx24=,hXsDUlakUyEq97ingfBtbFdV2RE=
-9,25,gR44X7T1HTk7BbIpX4oXraXvkdw=,hXsDUlakUyEq97ingfBtbFdV2RE=
-7,12,t2y7C9+2/NQA5kAYBPXr5dTkIHU=,m0DkZr2JlrrkhYAPWPIm+8RFZhM=
-6,14,t2y7C9+2/NQA5kAYBPXr5dTkIHU=,m0DkZr2JlrrkhYAPWPIm+8RFZhM=
-7,14,t2y7C9+2/NQA5kAYBPXr5dTkIHU=,m0DkZr2JlrrkhYAPWPIm+8RFZhM=
-6,13,t2y7C9+2/NQA5kAYBPXr5dTkIHU=,m0DkZr2JlrrkhYAPWPIm+8RFZhM=
-7,13,t2y7C9+2/NQA5kAYBPXr5dTkIHU=,m0DkZr2JlrrkhYAPWPIm+8RFZhM=
-6,12,t2y7C9+2/NQA5kAYBPXr5dTkIHU=,m0DkZr2JlrrkhYAPWPIm+8RFZhM=
-8,13,t2y7C9+2/NQA5kAYBPXr5dTkIHU=,m0DkZr2JlrrkhYAPWPIm+8RFZhM=
-8,14,pcAzPmYVZq28SOmYmlYHb0R8ZME=,m0DkZr2JlrrkhYAPWPIm+8RFZhM=
-8,12,t2y7C9+2/NQA5kAYBPXr5dTkIHU=,m0DkZr2JlrrkhYAPWPIm+8RFZhM=
-7,15,pcAzPmYVZq28SOmYmlYHb0R8ZME=,m0DkZr2JlrrkhYAPWPIm+8RFZhM=
-6,15,pcAzPmYVZq28SOmYmlYHb0R8ZME=,m0DkZr2JlrrkhYAPWPIm+8RFZhM=
-8,15,pcAzPmYVZq28SOmYmlYHb0R8ZME=,m0DkZr2JlrrkhYAPWPIm+8RFZhM=
-5,12,AE7yIOBKKg9+OzTG9nGlhqpUjoY=,m0DkZr2JlrrkhYAPWPIm+8RFZhM=
-5,13,AE7yIOBKKg9+OzTG9nGlhqpUjoY=,m0DkZr2JlrrkhYAPWPIm+8RFZhM=
-5,14,g5UTB3wVz4gdIXR4x+T4uTjgi2c=,m0DkZr2JlrrkhYAPWPIm+8RFZhM=
-5,15,g5UTB3wVz4gdIXR4x+T4uTjgi2c=,m0DkZr2JlrrkhYAPWPIm+8RFZhM=
-31,6,WYBNMfiQpjQcSm1TqN9zj3L4GLA=,ZHEV0kJIG1BsodF4QPYdQREsZX4=
-30,6,WYBNMfiQpjQcSm1TqN9zj3L4GLA=,ZHEV0kJIG1BsodF4QPYdQREsZX4=
-30,5,WYBNMfiQpjQcSm1TqN9zj3L4GLA=,ZHEV0kJIG1BsodF4QPYdQREsZX4=
-31,5,WYBNMfiQpjQcSm1TqN9zj3L4GLA=,ZHEV0kJIG1BsodF4QPYdQREsZX4=
-30,7,WYBNMfiQpjQcSm1TqN9zj3L4GLA=,ZHEV0kJIG1BsodF4QPYdQREsZX4=
-30,8,WYBNMfiQpjQcSm1TqN9zj3L4GLA=,cLfiU5EqWBxiNihwLk2EY1Fv6DA=
-30,10,WYBNMfiQpjQcSm1TqN9zj3L4GLA=,cLfiU5EqWBxiNihwLk2EY1Fv6DA=
-29,10,WYBNMfiQpjQcSm1TqN9zj3L4GLA=,cLfiU5EqWBxiNihwLk2EY1Fv6DA=
-31,9,WYBNMfiQpjQcSm1TqN9zj3L4GLA=,cLfiU5EqWBxiNihwLk2EY1Fv6DA=
-31,8,WYBNMfiQpjQcSm1TqN9zj3L4GLA=,cLfiU5EqWBxiNihwLk2EY1Fv6DA=
-30,9,WYBNMfiQpjQcSm1TqN9zj3L4GLA=,cLfiU5EqWBxiNihwLk2EY1Fv6DA=
-29,9,WYBNMfiQpjQcSm1TqN9zj3L4GLA=,cLfiU5EqWBxiNihwLk2EY1Fv6DA=
-31,7,WYBNMfiQpjQcSm1TqN9zj3L4GLA=,ZHEV0kJIG1BsodF4QPYdQREsZX4=
-30,12,WYBNMfiQpjQcSm1TqN9zj3L4GLA=,smpZetmxXS0t+P6qU+3CynXgudg=
-30,11,WYBNMfiQpjQcSm1TqN9zj3L4GLA=,cLfiU5EqWBxiNihwLk2EY1Fv6DA=
-29,13,WYBNMfiQpjQcSm1TqN9zj3L4GLA=,smpZetmxXS0t+P6qU+3CynXgudg=
-31,11,WYBNMfiQpjQcSm1TqN9zj3L4GLA=,cLfiU5EqWBxiNihwLk2EY1Fv6DA=
-30,13,WYBNMfiQpjQcSm1TqN9zj3L4GLA=,smpZetmxXS0t+P6qU+3CynXgudg=
-29,14,WYBNMfiQpjQcSm1TqN9zj3L4GLA=,smpZetmxXS0t+P6qU+3CynXgudg=
-31,12,WYBNMfiQpjQcSm1TqN9zj3L4GLA=,smpZetmxXS0t+P6qU+3CynXgudg=
-31,13,WYBNMfiQpjQcSm1TqN9zj3L4GLA=,smpZetmxXS0t+P6qU+3CynXgudg=
-30,14,WYBNMfiQpjQcSm1TqN9zj3L4GLA=,smpZetmxXS0t+P6qU+3CynXgudg=
-31,14,WYBNMfiQpjQcSm1TqN9zj3L4GLA=,smpZetmxXS0t+P6qU+3CynXgudg=
-29,12,WYBNMfiQpjQcSm1TqN9zj3L4GLA=,smpZetmxXS0t+P6qU+3CynXgudg=
-29,11,WYBNMfiQpjQcSm1TqN9zj3L4GLA=,cLfiU5EqWBxiNihwLk2EY1Fv6DA=
-29,7,WYBNMfiQpjQcSm1TqN9zj3L4GLA=,ZHEV0kJIG1BsodF4QPYdQREsZX4=
-29,8,WYBNMfiQpjQcSm1TqN9zj3L4GLA=,cLfiU5EqWBxiNihwLk2EY1Fv6DA=
-29,6,WYBNMfiQpjQcSm1TqN9zj3L4GLA=,ZHEV0kJIG1BsodF4QPYdQREsZX4=
-29,5,WYBNMfiQpjQcSm1TqN9zj3L4GLA=,ZHEV0kJIG1BsodF4QPYdQREsZX4=
-30,2,WYBNMfiQpjQcSm1TqN9zj3L4GLA=,c9KQhZgwWfqlM8bHGNq0ayDa7sU=
-29,2,WYBNMfiQpjQcSm1TqN9zj3L4GLA=,c9KQhZgwWfqlM8bHGNq0ayDa7sU=
-31,4,WYBNMfiQpjQcSm1TqN9zj3L4GLA=,ZHEV0kJIG1BsodF4QPYdQREsZX4=
-30,4,WYBNMfiQpjQcSm1TqN9zj3L4GLA=,ZHEV0kJIG1BsodF4QPYdQREsZX4=
-31,3,WYBNMfiQpjQcSm1TqN9zj3L4GLA=,c9KQhZgwWfqlM8bHGNq0ayDa7sU=
-30,1,WYBNMfiQpjQcSm1TqN9zj3L4GLA=,c9KQhZgwWfqlM8bHGNq0ayDa7sU=
-30,3,WYBNMfiQpjQcSm1TqN9zj3L4GLA=,c9KQhZgwWfqlM8bHGNq0ayDa7sU=
-29,1,WYBNMfiQpjQcSm1TqN9zj3L4GLA=,c9KQhZgwWfqlM8bHGNq0ayDa7sU=
-29,4,WYBNMfiQpjQcSm1TqN9zj3L4GLA=,ZHEV0kJIG1BsodF4QPYdQREsZX4=
-29,3,WYBNMfiQpjQcSm1TqN9zj3L4GLA=,c9KQhZgwWfqlM8bHGNq0ayDa7sU=
-31,10,WYBNMfiQpjQcSm1TqN9zj3L4GLA=,cLfiU5EqWBxiNihwLk2EY1Fv6DA=
-31,2,WYBNMfiQpjQcSm1TqN9zj3L4GLA=,c9KQhZgwWfqlM8bHGNq0ayDa7sU=
-32,2,WYBNMfiQpjQcSm1TqN9zj3L4GLA=,c9KQhZgwWfqlM8bHGNq0ayDa7sU=
-32,3,WYBNMfiQpjQcSm1TqN9zj3L4GLA=,c9KQhZgwWfqlM8bHGNq0ayDa7sU=
-32,12,WYBNMfiQpjQcSm1TqN9zj3L4GLA=,smpZetmxXS0t+P6qU+3CynXgudg=
-32,5,WYBNMfiQpjQcSm1TqN9zj3L4GLA=,ZHEV0kJIG1BsodF4QPYdQREsZX4=
-32,11,WYBNMfiQpjQcSm1TqN9zj3L4GLA=,cLfiU5EqWBxiNihwLk2EY1Fv6DA=
-32,13,WYBNMfiQpjQcSm1TqN9zj3L4GLA=,smpZetmxXS0t+P6qU+3CynXgudg=
-32,4,WYBNMfiQpjQcSm1TqN9zj3L4GLA=,ZHEV0kJIG1BsodF4QPYdQREsZX4=
-32,8,WYBNMfiQpjQcSm1TqN9zj3L4GLA=,cLfiU5EqWBxiNihwLk2EY1Fv6DA=
-30,0,WYBNMfiQpjQcSm1TqN9zj3L4GLA=,c9KQhZgwWfqlM8bHGNq0ayDa7sU=
-29,0,WYBNMfiQpjQcSm1TqN9zj3L4GLA=,c9KQhZgwWfqlM8bHGNq0ayDa7sU=
-32,7,WYBNMfiQpjQcSm1TqN9zj3L4GLA=,ZHEV0kJIG1BsodF4QPYdQREsZX4=
-31,1,WYBNMfiQpjQcSm1TqN9zj3L4GLA=,c9KQhZgwWfqlM8bHGNq0ayDa7sU=
-31,0,WYBNMfiQpjQcSm1TqN9zj3L4GLA=,c9KQhZgwWfqlM8bHGNq0ayDa7sU=
-32,6,WYBNMfiQpjQcSm1TqN9zj3L4GLA=,ZHEV0kJIG1BsodF4QPYdQREsZX4=
-32,0,WYBNMfiQpjQcSm1TqN9zj3L4GLA=,c9KQhZgwWfqlM8bHGNq0ayDa7sU=
-32,9,WYBNMfiQpjQcSm1TqN9zj3L4GLA=,cLfiU5EqWBxiNihwLk2EY1Fv6DA=
-32,1,WYBNMfiQpjQcSm1TqN9zj3L4GLA=,c9KQhZgwWfqlM8bHGNq0ayDa7sU=
-29,15,WYBNMfiQpjQcSm1TqN9zj3L4GLA=,smpZetmxXS0t+P6qU+3CynXgudg=
-30,15,WYBNMfiQpjQcSm1TqN9zj3L4GLA=,smpZetmxXS0t+P6qU+3CynXgudg=
-31,15,WYBNMfiQpjQcSm1TqN9zj3L4GLA=,smpZetmxXS0t+P6qU+3CynXgudg=
-32,10,WYBNMfiQpjQcSm1TqN9zj3L4GLA=,cLfiU5EqWBxiNihwLk2EY1Fv6DA=
-32,14,WYBNMfiQpjQcSm1TqN9zj3L4GLA=,smpZetmxXS0t+P6qU+3CynXgudg=
-32,15,WYBNMfiQpjQcSm1TqN9zj3L4GLA=,smpZetmxXS0t+P6qU+3CynXgudg=
-23,30,zsJ0iTE76/2PEqyiuwNn8BnS4BQ=,Mtt9pnNNjwuuFm21sZ5Twd8/pyE=
-22,30,zsJ0iTE76/2PEqyiuwNn8BnS4BQ=,Mtt9pnNNjwuuFm21sZ5Twd8/pyE=
-23,29,zsJ0iTE76/2PEqyiuwNn8BnS4BQ=,Mtt9pnNNjwuuFm21sZ5Twd8/pyE=
-22,29,zsJ0iTE76/2PEqyiuwNn8BnS4BQ=,Mtt9pnNNjwuuFm21sZ5Twd8/pyE=
-24,30,zsJ0iTE76/2PEqyiuwNn8BnS4BQ=,Mtt9pnNNjwuuFm21sZ5Twd8/pyE=
-27,30,Bl56Qn8FSO0WXdPjOLvhw/SvjfI=,DE1s/MA+nD83SH5fkqMri+ngqsg=
-26,30,zsJ0iTE76/2PEqyiuwNn8BnS4BQ=,DE1s/MA+nD83SH5fkqMri+ngqsg=
-25,30,zsJ0iTE76/2PEqyiuwNn8BnS4BQ=,DE1s/MA+nD83SH5fkqMri+ngqsg=
-27,29,Bl56Qn8FSO0WXdPjOLvhw/SvjfI=,DE1s/MA+nD83SH5fkqMri+ngqsg=
-24,29,zsJ0iTE76/2PEqyiuwNn8BnS4BQ=,Mtt9pnNNjwuuFm21sZ5Twd8/pyE=
-25,29,zsJ0iTE76/2PEqyiuwNn8BnS4BQ=,DE1s/MA+nD83SH5fkqMri+ngqsg=
-26,29,zsJ0iTE76/2PEqyiuwNn8BnS4BQ=,DE1s/MA+nD83SH5fkqMri+ngqsg=
-31,29,Bl56Qn8FSO0WXdPjOLvhw/SvjfI=,A+7liQMflhcNK3yOj7CN2TQ87hQ=
-28,30,bstRUn7nlE3S52WKrPorMYMLOmU=,DE1s/MA+nD83SH5fkqMri+ngqsg=
-28,29,Bl56Qn8FSO0WXdPjOLvhw/SvjfI=,DE1s/MA+nD83SH5fkqMri+ngqsg=
-31,30,bstRUn7nlE3S52WKrPorMYMLOmU=,A+7liQMflhcNK3yOj7CN2TQ87hQ=
-30,29,Bl56Qn8FSO0WXdPjOLvhw/SvjfI=,A+7liQMflhcNK3yOj7CN2TQ87hQ=
-29,29,Bl56Qn8FSO0WXdPjOLvhw/SvjfI=,A+7liQMflhcNK3yOj7CN2TQ87hQ=
-29,30,bstRUn7nlE3S52WKrPorMYMLOmU=,A+7liQMflhcNK3yOj7CN2TQ87hQ=
-30,30,bstRUn7nlE3S52WKrPorMYMLOmU=,A+7liQMflhcNK3yOj7CN2TQ87hQ=
-27,25,bstRUn7nlE3S52WKrPorMYMLOmU=,droOFPmBRFCHkunUYKzAh1mjYRA=
-26,25,zsJ0iTE76/2PEqyiuwNn8BnS4BQ=,droOFPmBRFCHkunUYKzAh1mjYRA=
-27,26,Bl56Qn8FSO0WXdPjOLvhw/SvjfI=,droOFPmBRFCHkunUYKzAh1mjYRA=
-22,25,zsJ0iTE76/2PEqyiuwNn8BnS4BQ=,HGXpeXuYhCp+AP8dBzNsvjYRc6w=
-23,25,zsJ0iTE76/2PEqyiuwNn8BnS4BQ=,HGXpeXuYhCp+AP8dBzNsvjYRc6w=
-24,26,zsJ0iTE76/2PEqyiuwNn8BnS4BQ=,HGXpeXuYhCp+AP8dBzNsvjYRc6w=
-26,28,zsJ0iTE76/2PEqyiuwNn8BnS4BQ=,DE1s/MA+nD83SH5fkqMri+ngqsg=
-23,28,zsJ0iTE76/2PEqyiuwNn8BnS4BQ=,Mtt9pnNNjwuuFm21sZ5Twd8/pyE=
-24,25,zsJ0iTE76/2PEqyiuwNn8BnS4BQ=,HGXpeXuYhCp+AP8dBzNsvjYRc6w=
-26,26,zsJ0iTE76/2PEqyiuwNn8BnS4BQ=,droOFPmBRFCHkunUYKzAh1mjYRA=
-22,28,zsJ0iTE76/2PEqyiuwNn8BnS4BQ=,Mtt9pnNNjwuuFm21sZ5Twd8/pyE=
-25,25,zsJ0iTE76/2PEqyiuwNn8BnS4BQ=,droOFPmBRFCHkunUYKzAh1mjYRA=
-25,28,zsJ0iTE76/2PEqyiuwNn8BnS4BQ=,DE1s/MA+nD83SH5fkqMri+ngqsg=
-27,24,zsJ0iTE76/2PEqyiuwNn8BnS4BQ=,droOFPmBRFCHkunUYKzAh1mjYRA=
-26,24,zsJ0iTE76/2PEqyiuwNn8BnS4BQ=,droOFPmBRFCHkunUYKzAh1mjYRA=
-24,28,zsJ0iTE76/2PEqyiuwNn8BnS4BQ=,Mtt9pnNNjwuuFm21sZ5Twd8/pyE=
-25,26,zsJ0iTE76/2PEqyiuwNn8BnS4BQ=,droOFPmBRFCHkunUYKzAh1mjYRA=
-23,26,zsJ0iTE76/2PEqyiuwNn8BnS4BQ=,HGXpeXuYhCp+AP8dBzNsvjYRc6w=
-24,27,zsJ0iTE76/2PEqyiuwNn8BnS4BQ=,HGXpeXuYhCp+AP8dBzNsvjYRc6w=
-25,27,zsJ0iTE76/2PEqyiuwNn8BnS4BQ=,droOFPmBRFCHkunUYKzAh1mjYRA=
-23,27,zsJ0iTE76/2PEqyiuwNn8BnS4BQ=,HGXpeXuYhCp+AP8dBzNsvjYRc6w=
-26,27,zsJ0iTE76/2PEqyiuwNn8BnS4BQ=,droOFPmBRFCHkunUYKzAh1mjYRA=
-28,25,Bl56Qn8FSO0WXdPjOLvhw/SvjfI=,droOFPmBRFCHkunUYKzAh1mjYRA=
-30,25,Bl56Qn8FSO0WXdPjOLvhw/SvjfI=,55w2wMJ86GwOXGLBbGX75CAdAnc=
-29,28,Bl56Qn8FSO0WXdPjOLvhw/SvjfI=,A+7liQMflhcNK3yOj7CN2TQ87hQ=
-29,26,Bl56Qn8FSO0WXdPjOLvhw/SvjfI=,55w2wMJ86GwOXGLBbGX75CAdAnc=
-29,25,Bl56Qn8FSO0WXdPjOLvhw/SvjfI=,55w2wMJ86GwOXGLBbGX75CAdAnc=
-28,26,Bl56Qn8FSO0WXdPjOLvhw/SvjfI=,droOFPmBRFCHkunUYKzAh1mjYRA=
-21,30,zsJ0iTE76/2PEqyiuwNn8BnS4BQ=,Mtt9pnNNjwuuFm21sZ5Twd8/pyE=
-21,29,zsJ0iTE76/2PEqyiuwNn8BnS4BQ=,Mtt9pnNNjwuuFm21sZ5Twd8/pyE=
-30,26,Bl56Qn8FSO0WXdPjOLvhw/SvjfI=,55w2wMJ86GwOXGLBbGX75CAdAnc=
-30,28,Bl56Qn8FSO0WXdPjOLvhw/SvjfI=,A+7liQMflhcNK3yOj7CN2TQ87hQ=
-29,27,Bl56Qn8FSO0WXdPjOLvhw/SvjfI=,55w2wMJ86GwOXGLBbGX75CAdAnc=
-28,28,Bl56Qn8FSO0WXdPjOLvhw/SvjfI=,DE1s/MA+nD83SH5fkqMri+ngqsg=
-20,25,zsJ0iTE76/2PEqyiuwNn8BnS4BQ=,Du9Co0H5yQV/7PXpY42fosxyvpg=
-28,27,Bl56Qn8FSO0WXdPjOLvhw/SvjfI=,droOFPmBRFCHkunUYKzAh1mjYRA=
-18,24,zsJ0iTE76/2PEqyiuwNn8BnS4BQ=,Du9Co0H5yQV/7PXpY42fosxyvpg=
-21,25,zsJ0iTE76/2PEqyiuwNn8BnS4BQ=,HGXpeXuYhCp+AP8dBzNsvjYRc6w=
-19,24,zsJ0iTE76/2PEqyiuwNn8BnS4BQ=,Du9Co0H5yQV/7PXpY42fosxyvpg=
-21,28,zsJ0iTE76/2PEqyiuwNn8BnS4BQ=,Mtt9pnNNjwuuFm21sZ5Twd8/pyE=
-27,28,Bl56Qn8FSO0WXdPjOLvhw/SvjfI=,DE1s/MA+nD83SH5fkqMri+ngqsg=
-19,25,zsJ0iTE76/2PEqyiuwNn8BnS4BQ=,Du9Co0H5yQV/7PXpY42fosxyvpg=
-18,25,zsJ0iTE76/2PEqyiuwNn8BnS4BQ=,Du9Co0H5yQV/7PXpY42fosxyvpg=
-20,27,zsJ0iTE76/2PEqyiuwNn8BnS4BQ=,Du9Co0H5yQV/7PXpY42fosxyvpg=
-21,27,zsJ0iTE76/2PEqyiuwNn8BnS4BQ=,HGXpeXuYhCp+AP8dBzNsvjYRc6w=
-19,26,zsJ0iTE76/2PEqyiuwNn8BnS4BQ=,Du9Co0H5yQV/7PXpY42fosxyvpg=
-27,27,Bl56Qn8FSO0WXdPjOLvhw/SvjfI=,droOFPmBRFCHkunUYKzAh1mjYRA=
-30,27,Bl56Qn8FSO0WXdPjOLvhw/SvjfI=,55w2wMJ86GwOXGLBbGX75CAdAnc=
-22,27,zsJ0iTE76/2PEqyiuwNn8BnS4BQ=,HGXpeXuYhCp+AP8dBzNsvjYRc6w=
-19,27,zsJ0iTE76/2PEqyiuwNn8BnS4BQ=,Du9Co0H5yQV/7PXpY42fosxyvpg=
-21,26,zsJ0iTE76/2PEqyiuwNn8BnS4BQ=,HGXpeXuYhCp+AP8dBzNsvjYRc6w=
-20,26,zsJ0iTE76/2PEqyiuwNn8BnS4BQ=,Du9Co0H5yQV/7PXpY42fosxyvpg=
-17,25,zsJ0iTE76/2PEqyiuwNn8BnS4BQ=,Du9Co0H5yQV/7PXpY42fosxyvpg=
-22,26,zsJ0iTE76/2PEqyiuwNn8BnS4BQ=,HGXpeXuYhCp+AP8dBzNsvjYRc6w=
-32,26,Bl56Qn8FSO0WXdPjOLvhw/SvjfI=,55w2wMJ86GwOXGLBbGX75CAdAnc=
-32,25,Bl56Qn8FSO0WXdPjOLvhw/SvjfI=,55w2wMJ86GwOXGLBbGX75CAdAnc=
-17,24,zsJ0iTE76/2PEqyiuwNn8BnS4BQ=,Du9Co0H5yQV/7PXpY42fosxyvpg=
-23,31,Bl56Qn8FSO0WXdPjOLvhw/SvjfI=,Mtt9pnNNjwuuFm21sZ5Twd8/pyE=
-22,31,Bl56Qn8FSO0WXdPjOLvhw/SvjfI=,Mtt9pnNNjwuuFm21sZ5Twd8/pyE=
-21,31,Bl56Qn8FSO0WXdPjOLvhw/SvjfI=,Mtt9pnNNjwuuFm21sZ5Twd8/pyE=
-27,31,Bl56Qn8FSO0WXdPjOLvhw/SvjfI=,DE1s/MA+nD83SH5fkqMri+ngqsg=
-26,31,Bl56Qn8FSO0WXdPjOLvhw/SvjfI=,DE1s/MA+nD83SH5fkqMri+ngqsg=
-25,31,Bl56Qn8FSO0WXdPjOLvhw/SvjfI=,DE1s/MA+nD83SH5fkqMri+ngqsg=
-24,31,Bl56Qn8FSO0WXdPjOLvhw/SvjfI=,Mtt9pnNNjwuuFm21sZ5Twd8/pyE=
-24,24,zsJ0iTE76/2PEqyiuwNn8BnS4BQ=,HGXpeXuYhCp+AP8dBzNsvjYRc6w=
-23,24,zsJ0iTE76/2PEqyiuwNn8BnS4BQ=,HGXpeXuYhCp+AP8dBzNsvjYRc6w=
-22,24,zsJ0iTE76/2PEqyiuwNn8BnS4BQ=,HGXpeXuYhCp+AP8dBzNsvjYRc6w=
-21,24,zsJ0iTE76/2PEqyiuwNn8BnS4BQ=,HGXpeXuYhCp+AP8dBzNsvjYRc6w=
-20,24,zsJ0iTE76/2PEqyiuwNn8BnS4BQ=,Du9Co0H5yQV/7PXpY42fosxyvpg=
-25,24,zsJ0iTE76/2PEqyiuwNn8BnS4BQ=,droOFPmBRFCHkunUYKzAh1mjYRA=
-32,29,Bl56Qn8FSO0WXdPjOLvhw/SvjfI=,A+7liQMflhcNK3yOj7CN2TQ87hQ=
-32,28,Bl56Qn8FSO0WXdPjOLvhw/SvjfI=,A+7liQMflhcNK3yOj7CN2TQ87hQ=
-32,30,Bl56Qn8FSO0WXdPjOLvhw/SvjfI=,A+7liQMflhcNK3yOj7CN2TQ87hQ=
-32,27,Bl56Qn8FSO0WXdPjOLvhw/SvjfI=,55w2wMJ86GwOXGLBbGX75CAdAnc=
-31,31,bstRUn7nlE3S52WKrPorMYMLOmU=,A+7liQMflhcNK3yOj7CN2TQ87hQ=
-30,31,bstRUn7nlE3S52WKrPorMYMLOmU=,A+7liQMflhcNK3yOj7CN2TQ87hQ=
-29,31,Bl56Qn8FSO0WXdPjOLvhw/SvjfI=,A+7liQMflhcNK3yOj7CN2TQ87hQ=
-28,31,Bl56Qn8FSO0WXdPjOLvhw/SvjfI=,DE1s/MA+nD83SH5fkqMri+ngqsg=
-32,31,bstRUn7nlE3S52WKrPorMYMLOmU=,A+7liQMflhcNK3yOj7CN2TQ87hQ=
-31,28,Bl56Qn8FSO0WXdPjOLvhw/SvjfI=,A+7liQMflhcNK3yOj7CN2TQ87hQ=
-18,26,Bl56Qn8FSO0WXdPjOLvhw/SvjfI=,Du9Co0H5yQV/7PXpY42fosxyvpg=
-17,26,Bl56Qn8FSO0WXdPjOLvhw/SvjfI=,Du9Co0H5yQV/7PXpY42fosxyvpg=
-17,27,Bl56Qn8FSO0WXdPjOLvhw/SvjfI=,Du9Co0H5yQV/7PXpY42fosxyvpg=
-18,27,Bl56Qn8FSO0WXdPjOLvhw/SvjfI=,Du9Co0H5yQV/7PXpY42fosxyvpg=
-32,23,bstRUn7nlE3S52WKrPorMYMLOmU=,F3yMfaYpUTWtHZ4hoD/Kdq57xY0=
-29,24,bstRUn7nlE3S52WKrPorMYMLOmU=,55w2wMJ86GwOXGLBbGX75CAdAnc=
-30,21,bstRUn7nlE3S52WKrPorMYMLOmU=,F3yMfaYpUTWtHZ4hoD/Kdq57xY0=
-29,21,bstRUn7nlE3S52WKrPorMYMLOmU=,F3yMfaYpUTWtHZ4hoD/Kdq57xY0=
-29,23,bstRUn7nlE3S52WKrPorMYMLOmU=,F3yMfaYpUTWtHZ4hoD/Kdq57xY0=
-29,22,bstRUn7nlE3S52WKrPorMYMLOmU=,F3yMfaYpUTWtHZ4hoD/Kdq57xY0=
-30,22,bstRUn7nlE3S52WKrPorMYMLOmU=,F3yMfaYpUTWtHZ4hoD/Kdq57xY0=
-30,23,bstRUn7nlE3S52WKrPorMYMLOmU=,F3yMfaYpUTWtHZ4hoD/Kdq57xY0=
-28,24,bstRUn7nlE3S52WKrPorMYMLOmU=,droOFPmBRFCHkunUYKzAh1mjYRA=
-32,22,bstRUn7nlE3S52WKrPorMYMLOmU=,F3yMfaYpUTWtHZ4hoD/Kdq57xY0=
-30,24,bstRUn7nlE3S52WKrPorMYMLOmU=,55w2wMJ86GwOXGLBbGX75CAdAnc=
-32,24,bstRUn7nlE3S52WKrPorMYMLOmU=,55w2wMJ86GwOXGLBbGX75CAdAnc=
-31,26,Bl56Qn8FSO0WXdPjOLvhw/SvjfI=,55w2wMJ86GwOXGLBbGX75CAdAnc=
-30,19,bstRUn7nlE3S52WKrPorMYMLOmU=,MduCWufF+CWKRQgktGdih9Vw8HA=
-29,17,bstRUn7nlE3S52WKrPorMYMLOmU=,MduCWufF+CWKRQgktGdih9Vw8HA=
-32,21,bstRUn7nlE3S52WKrPorMYMLOmU=,F3yMfaYpUTWtHZ4hoD/Kdq57xY0=
-31,27,Bl56Qn8FSO0WXdPjOLvhw/SvjfI=,55w2wMJ86GwOXGLBbGX75CAdAnc=
-29,18,bstRUn7nlE3S52WKrPorMYMLOmU=,MduCWufF+CWKRQgktGdih9Vw8HA=
-31,22,bstRUn7nlE3S52WKrPorMYMLOmU=,F3yMfaYpUTWtHZ4hoD/Kdq57xY0=
-29,20,bstRUn7nlE3S52WKrPorMYMLOmU=,F3yMfaYpUTWtHZ4hoD/Kdq57xY0=
-30,18,bstRUn7nlE3S52WKrPorMYMLOmU=,MduCWufF+CWKRQgktGdih9Vw8HA=
-31,23,bstRUn7nlE3S52WKrPorMYMLOmU=,F3yMfaYpUTWtHZ4hoD/Kdq57xY0=
-31,17,bstRUn7nlE3S52WKrPorMYMLOmU=,MduCWufF+CWKRQgktGdih9Vw8HA=
-30,20,bstRUn7nlE3S52WKrPorMYMLOmU=,F3yMfaYpUTWtHZ4hoD/Kdq57xY0=
-31,25,bstRUn7nlE3S52WKrPorMYMLOmU=,55w2wMJ86GwOXGLBbGX75CAdAnc=
-29,19,bstRUn7nlE3S52WKrPorMYMLOmU=,MduCWufF+CWKRQgktGdih9Vw8HA=
-29,16,bstRUn7nlE3S52WKrPorMYMLOmU=,MduCWufF+CWKRQgktGdih9Vw8HA=
-30,17,bstRUn7nlE3S52WKrPorMYMLOmU=,MduCWufF+CWKRQgktGdih9Vw8HA=
-32,20,bstRUn7nlE3S52WKrPorMYMLOmU=,F3yMfaYpUTWtHZ4hoD/Kdq57xY0=
-31,21,bstRUn7nlE3S52WKrPorMYMLOmU=,F3yMfaYpUTWtHZ4hoD/Kdq57xY0=
-32,17,bstRUn7nlE3S52WKrPorMYMLOmU=,MduCWufF+CWKRQgktGdih9Vw8HA=
-30,16,bstRUn7nlE3S52WKrPorMYMLOmU=,MduCWufF+CWKRQgktGdih9Vw8HA=
-32,16,bstRUn7nlE3S52WKrPorMYMLOmU=,MduCWufF+CWKRQgktGdih9Vw8HA=
-31,16,bstRUn7nlE3S52WKrPorMYMLOmU=,MduCWufF+CWKRQgktGdih9Vw8HA=
-31,24,bstRUn7nlE3S52WKrPorMYMLOmU=,55w2wMJ86GwOXGLBbGX75CAdAnc=
-31,19,bstRUn7nlE3S52WKrPorMYMLOmU=,MduCWufF+CWKRQgktGdih9Vw8HA=
-32,18,bstRUn7nlE3S52WKrPorMYMLOmU=,MduCWufF+CWKRQgktGdih9Vw8HA=
-32,19,bstRUn7nlE3S52WKrPorMYMLOmU=,MduCWufF+CWKRQgktGdih9Vw8HA=
-31,20,bstRUn7nlE3S52WKrPorMYMLOmU=,F3yMfaYpUTWtHZ4hoD/Kdq57xY0=
-31,18,bstRUn7nlE3S52WKrPorMYMLOmU=,MduCWufF+CWKRQgktGdih9Vw8HA=
-14,9,t2y7C9+2/NQA5kAYBPXr5dTkIHU=,L3f+mfJTotpS+CuQ7KVFWWNhcFg=
-14,10,AE7yIOBKKg9+OzTG9nGlhqpUjoY=,L3f+mfJTotpS+CuQ7KVFWWNhcFg=
-15,10,g5UTB3wVz4gdIXR4x+T4uTjgi2c=,L3f+mfJTotpS+CuQ7KVFWWNhcFg=
-16,10,qyrTg5fSduOfO+/CGWsRGS+8WQQ=,L3f+mfJTotpS+CuQ7KVFWWNhcFg=
-13,10,t2y7C9+2/NQA5kAYBPXr5dTkIHU=,L3f+mfJTotpS+CuQ7KVFWWNhcFg=
-13,9,t2y7C9+2/NQA5kAYBPXr5dTkIHU=,L3f+mfJTotpS+CuQ7KVFWWNhcFg=
-12,10,AE7yIOBKKg9+OzTG9nGlhqpUjoY=,A8SX5L7d1Znr8RL7ja2DOfm97BA=
-12,9,t2y7C9+2/NQA5kAYBPXr5dTkIHU=,A8SX5L7d1Znr8RL7ja2DOfm97BA=
-9,8,6+nIDukJ4UCdmx7yULCNHxYtoDY=,A8SX5L7d1Znr8RL7ja2DOfm97BA=
-12,8,l2KC+TpcuwaGsN7waic/TGgJiNE=,A8SX5L7d1Znr8RL7ja2DOfm97BA=
-10,11,t2y7C9+2/NQA5kAYBPXr5dTkIHU=,A8SX5L7d1Znr8RL7ja2DOfm97BA=
-14,8,9FZeByPyPUKAZqn5TYFIy0R77EI=,L3f+mfJTotpS+CuQ7KVFWWNhcFg=
-10,9,6+nIDukJ4UCdmx7yULCNHxYtoDY=,A8SX5L7d1Znr8RL7ja2DOfm97BA=
-9,9,6+nIDukJ4UCdmx7yULCNHxYtoDY=,A8SX5L7d1Znr8RL7ja2DOfm97BA=
-11,8,l2KC+TpcuwaGsN7waic/TGgJiNE=,A8SX5L7d1Znr8RL7ja2DOfm97BA=
-10,8,6+nIDukJ4UCdmx7yULCNHxYtoDY=,A8SX5L7d1Znr8RL7ja2DOfm97BA=
-13,8,9FZeByPyPUKAZqn5TYFIy0R77EI=,L3f+mfJTotpS+CuQ7KVFWWNhcFg=
-9,10,t2y7C9+2/NQA5kAYBPXr5dTkIHU=,A8SX5L7d1Znr8RL7ja2DOfm97BA=
-9,11,t2y7C9+2/NQA5kAYBPXr5dTkIHU=,A8SX5L7d1Znr8RL7ja2DOfm97BA=
-10,10,t2y7C9+2/NQA5kAYBPXr5dTkIHU=,A8SX5L7d1Znr8RL7ja2DOfm97BA=
-11,9,l2KC+TpcuwaGsN7waic/TGgJiNE=,A8SX5L7d1Znr8RL7ja2DOfm97BA=
-11,10,AE7yIOBKKg9+OzTG9nGlhqpUjoY=,A8SX5L7d1Znr8RL7ja2DOfm97BA=
-11,11,AE7yIOBKKg9+OzTG9nGlhqpUjoY=,A8SX5L7d1Znr8RL7ja2DOfm97BA=
-12,11,AE7yIOBKKg9+OzTG9nGlhqpUjoY=,A8SX5L7d1Znr8RL7ja2DOfm97BA=
-15,11,qyrTg5fSduOfO+/CGWsRGS+8WQQ=,L3f+mfJTotpS+CuQ7KVFWWNhcFg=
-14,11,AE7yIOBKKg9+OzTG9nGlhqpUjoY=,L3f+mfJTotpS+CuQ7KVFWWNhcFg=
-13,11,AE7yIOBKKg9+OzTG9nGlhqpUjoY=,L3f+mfJTotpS+CuQ7KVFWWNhcFg=
-16,11,qyrTg5fSduOfO+/CGWsRGS+8WQQ=,L3f+mfJTotpS+CuQ7KVFWWNhcFg=
-15,9,g5UTB3wVz4gdIXR4x+T4uTjgi2c=,L3f+mfJTotpS+CuQ7KVFWWNhcFg=
-16,9,qyrTg5fSduOfO+/CGWsRGS+8WQQ=,L3f+mfJTotpS+CuQ7KVFWWNhcFg=
-16,8,g5UTB3wVz4gdIXR4x+T4uTjgi2c=,L3f+mfJTotpS+CuQ7KVFWWNhcFg=
-15,8,qyrTg5fSduOfO+/CGWsRGS+8WQQ=,L3f+mfJTotpS+CuQ7KVFWWNhcFg=
-24,6,ynxFeM3K5GCrNQr40HVKFX9VvLQ=,rM+ni8h0ihhswedfiqA/aTZ5YIs=
-23,5,4XJgYmurt6o14+TjJ1vRfP2yScA=,rM+ni8h0ihhswedfiqA/aTZ5YIs=
-24,5,ynxFeM3K5GCrNQr40HVKFX9VvLQ=,rM+ni8h0ihhswedfiqA/aTZ5YIs=
-22,6,4XJgYmurt6o14+TjJ1vRfP2yScA=,rM+ni8h0ihhswedfiqA/aTZ5YIs=
-23,6,4XJgYmurt6o14+TjJ1vRfP2yScA=,rM+ni8h0ihhswedfiqA/aTZ5YIs=
-24,7,ynxFeM3K5GCrNQr40HVKFX9VvLQ=,rM+ni8h0ihhswedfiqA/aTZ5YIs=
-23,7,UVBBlw5feUKxpIDQ0DulmJZVAd8=,rM+ni8h0ihhswedfiqA/aTZ5YIs=
-22,7,UVBBlw5feUKxpIDQ0DulmJZVAd8=,rM+ni8h0ihhswedfiqA/aTZ5YIs=
-24,4,ynxFeM3K5GCrNQr40HVKFX9VvLQ=,rM+ni8h0ihhswedfiqA/aTZ5YIs=
-23,4,UVBBlw5feUKxpIDQ0DulmJZVAd8=,rM+ni8h0ihhswedfiqA/aTZ5YIs=
-22,4,UVBBlw5feUKxpIDQ0DulmJZVAd8=,rM+ni8h0ihhswedfiqA/aTZ5YIs=
-20,10,ynxFeM3K5GCrNQr40HVKFX9VvLQ=,QxmWngeggqUWUol6ZhiGxY0DALE=
-19,10,UVBBlw5feUKxpIDQ0DulmJZVAd8=,QxmWngeggqUWUol6ZhiGxY0DALE=
-17,10,ynxFeM3K5GCrNQr40HVKFX9VvLQ=,QxmWngeggqUWUol6ZhiGxY0DALE=
-18,10,UVBBlw5feUKxpIDQ0DulmJZVAd8=,QxmWngeggqUWUol6ZhiGxY0DALE=
-19,11,ynxFeM3K5GCrNQr40HVKFX9VvLQ=,QxmWngeggqUWUol6ZhiGxY0DALE=
-18,11,ynxFeM3K5GCrNQr40HVKFX9VvLQ=,QxmWngeggqUWUol6ZhiGxY0DALE=
-18,1,WYBNMfiQpjQcSm1TqN9zj3L4GLA=,drmTSCPmy3wUiVtjfIdwY5bHvOQ=
-17,2,ynxFeM3K5GCrNQr40HVKFX9VvLQ=,drmTSCPmy3wUiVtjfIdwY5bHvOQ=
-18,2,ynxFeM3K5GCrNQr40HVKFX9VvLQ=,drmTSCPmy3wUiVtjfIdwY5bHvOQ=
-17,11,ynxFeM3K5GCrNQr40HVKFX9VvLQ=,QxmWngeggqUWUol6ZhiGxY0DALE=
-20,11,UVBBlw5feUKxpIDQ0DulmJZVAd8=,QxmWngeggqUWUol6ZhiGxY0DALE=
-17,4,ynxFeM3K5GCrNQr40HVKFX9VvLQ=,9rQ6F0LbaEN7Bq9R6M4sKNYQGjs=
-18,3,ynxFeM3K5GCrNQr40HVKFX9VvLQ=,drmTSCPmy3wUiVtjfIdwY5bHvOQ=
-20,7,UVBBlw5feUKxpIDQ0DulmJZVAd8=,9rQ6F0LbaEN7Bq9R6M4sKNYQGjs=
-17,3,ynxFeM3K5GCrNQr40HVKFX9VvLQ=,drmTSCPmy3wUiVtjfIdwY5bHvOQ=
-17,7,ynxFeM3K5GCrNQr40HVKFX9VvLQ=,9rQ6F0LbaEN7Bq9R6M4sKNYQGjs=
-21,7,UVBBlw5feUKxpIDQ0DulmJZVAd8=,rM+ni8h0ihhswedfiqA/aTZ5YIs=
-17,5,ynxFeM3K5GCrNQr40HVKFX9VvLQ=,9rQ6F0LbaEN7Bq9R6M4sKNYQGjs=
-17,1,WYBNMfiQpjQcSm1TqN9zj3L4GLA=,drmTSCPmy3wUiVtjfIdwY5bHvOQ=
-22,5,UVBBlw5feUKxpIDQ0DulmJZVAd8=,rM+ni8h0ihhswedfiqA/aTZ5YIs=
-20,9,ynxFeM3K5GCrNQr40HVKFX9VvLQ=,QxmWngeggqUWUol6ZhiGxY0DALE=
-20,0,ynxFeM3K5GCrNQr40HVKFX9VvLQ=,drmTSCPmy3wUiVtjfIdwY5bHvOQ=
-19,3,UVBBlw5feUKxpIDQ0DulmJZVAd8=,drmTSCPmy3wUiVtjfIdwY5bHvOQ=
-19,1,ynxFeM3K5GCrNQr40HVKFX9VvLQ=,drmTSCPmy3wUiVtjfIdwY5bHvOQ=
-20,1,ynxFeM3K5GCrNQr40HVKFX9VvLQ=,drmTSCPmy3wUiVtjfIdwY5bHvOQ=
-20,2,UVBBlw5feUKxpIDQ0DulmJZVAd8=,drmTSCPmy3wUiVtjfIdwY5bHvOQ=
-17,8,ynxFeM3K5GCrNQr40HVKFX9VvLQ=,QxmWngeggqUWUol6ZhiGxY0DALE=
-19,2,UVBBlw5feUKxpIDQ0DulmJZVAd8=,drmTSCPmy3wUiVtjfIdwY5bHvOQ=
-20,3,UVBBlw5feUKxpIDQ0DulmJZVAd8=,drmTSCPmy3wUiVtjfIdwY5bHvOQ=
-18,8,ynxFeM3K5GCrNQr40HVKFX9VvLQ=,QxmWngeggqUWUol6ZhiGxY0DALE=
-19,0,ynxFeM3K5GCrNQr40HVKFX9VvLQ=,drmTSCPmy3wUiVtjfIdwY5bHvOQ=
-18,0,WYBNMfiQpjQcSm1TqN9zj3L4GLA=,drmTSCPmy3wUiVtjfIdwY5bHvOQ=
-19,6,UVBBlw5feUKxpIDQ0DulmJZVAd8=,9rQ6F0LbaEN7Bq9R6M4sKNYQGjs=
-20,4,UVBBlw5feUKxpIDQ0DulmJZVAd8=,9rQ6F0LbaEN7Bq9R6M4sKNYQGjs=
-17,6,ynxFeM3K5GCrNQr40HVKFX9VvLQ=,9rQ6F0LbaEN7Bq9R6M4sKNYQGjs=
-18,4,ynxFeM3K5GCrNQr40HVKFX9VvLQ=,9rQ6F0LbaEN7Bq9R6M4sKNYQGjs=
-21,4,UVBBlw5feUKxpIDQ0DulmJZVAd8=,rM+ni8h0ihhswedfiqA/aTZ5YIs=
-18,9,ynxFeM3K5GCrNQr40HVKFX9VvLQ=,QxmWngeggqUWUol6ZhiGxY0DALE=
-21,6,UVBBlw5feUKxpIDQ0DulmJZVAd8=,rM+ni8h0ihhswedfiqA/aTZ5YIs=
-20,6,UVBBlw5feUKxpIDQ0DulmJZVAd8=,9rQ6F0LbaEN7Bq9R6M4sKNYQGjs=
-17,0,WYBNMfiQpjQcSm1TqN9zj3L4GLA=,drmTSCPmy3wUiVtjfIdwY5bHvOQ=
-20,8,UVBBlw5feUKxpIDQ0DulmJZVAd8=,QxmWngeggqUWUol6ZhiGxY0DALE=
-19,9,ynxFeM3K5GCrNQr40HVKFX9VvLQ=,QxmWngeggqUWUol6ZhiGxY0DALE=
-17,9,ynxFeM3K5GCrNQr40HVKFX9VvLQ=,QxmWngeggqUWUol6ZhiGxY0DALE=
-19,4,UVBBlw5feUKxpIDQ0DulmJZVAd8=,9rQ6F0LbaEN7Bq9R6M4sKNYQGjs=
-19,8,ynxFeM3K5GCrNQr40HVKFX9VvLQ=,QxmWngeggqUWUol6ZhiGxY0DALE=
-18,7,ynxFeM3K5GCrNQr40HVKFX9VvLQ=,9rQ6F0LbaEN7Bq9R6M4sKNYQGjs=
-18,5,ynxFeM3K5GCrNQr40HVKFX9VvLQ=,9rQ6F0LbaEN7Bq9R6M4sKNYQGjs=
-19,7,UVBBlw5feUKxpIDQ0DulmJZVAd8=,9rQ6F0LbaEN7Bq9R6M4sKNYQGjs=
-19,5,UVBBlw5feUKxpIDQ0DulmJZVAd8=,9rQ6F0LbaEN7Bq9R6M4sKNYQGjs=
-18,6,ynxFeM3K5GCrNQr40HVKFX9VvLQ=,9rQ6F0LbaEN7Bq9R6M4sKNYQGjs=
-20,5,UVBBlw5feUKxpIDQ0DulmJZVAd8=,9rQ6F0LbaEN7Bq9R6M4sKNYQGjs=
-21,5,UVBBlw5feUKxpIDQ0DulmJZVAd8=,rM+ni8h0ihhswedfiqA/aTZ5YIs=
-19,13,UVBBlw5feUKxpIDQ0DulmJZVAd8=,i1g0qZmb7Az+CQrwPjOl31z+xX4=
-18,13,UVBBlw5feUKxpIDQ0DulmJZVAd8=,i1g0qZmb7Az+CQrwPjOl31z+xX4=
-19,14,UVBBlw5feUKxpIDQ0DulmJZVAd8=,i1g0qZmb7Az+CQrwPjOl31z+xX4=
-18,14,UVBBlw5feUKxpIDQ0DulmJZVAd8=,i1g0qZmb7Az+CQrwPjOl31z+xX4=
-18,12,ynxFeM3K5GCrNQr40HVKFX9VvLQ=,i1g0qZmb7Az+CQrwPjOl31z+xX4=
-19,12,UVBBlw5feUKxpIDQ0DulmJZVAd8=,i1g0qZmb7Az+CQrwPjOl31z+xX4=
-20,13,UVBBlw5feUKxpIDQ0DulmJZVAd8=,i1g0qZmb7Az+CQrwPjOl31z+xX4=
-20,14,UVBBlw5feUKxpIDQ0DulmJZVAd8=,i1g0qZmb7Az+CQrwPjOl31z+xX4=
-20,12,UVBBlw5feUKxpIDQ0DulmJZVAd8=,i1g0qZmb7Az+CQrwPjOl31z+xX4=
-17,13,ynxFeM3K5GCrNQr40HVKFX9VvLQ=,i1g0qZmb7Az+CQrwPjOl31z+xX4=
-17,14,WYBNMfiQpjQcSm1TqN9zj3L4GLA=,i1g0qZmb7Az+CQrwPjOl31z+xX4=
-17,12,ynxFeM3K5GCrNQr40HVKFX9VvLQ=,i1g0qZmb7Az+CQrwPjOl31z+xX4=
-20,15,ynxFeM3K5GCrNQr40HVKFX9VvLQ=,i1g0qZmb7Az+CQrwPjOl31z+xX4=
-19,15,ynxFeM3K5GCrNQr40HVKFX9VvLQ=,i1g0qZmb7Az+CQrwPjOl31z+xX4=
-18,15,ynxFeM3K5GCrNQr40HVKFX9VvLQ=,i1g0qZmb7Az+CQrwPjOl31z+xX4=
-17,15,WYBNMfiQpjQcSm1TqN9zj3L4GLA=,i1g0qZmb7Az+CQrwPjOl31z+xX4=
-18,28,zsJ0iTE76/2PEqyiuwNn8BnS4BQ=,tVz4Y2s+ZrsMYMswG3g2r3zZlfQ=
-20,30,zsJ0iTE76/2PEqyiuwNn8BnS4BQ=,tVz4Y2s+ZrsMYMswG3g2r3zZlfQ=
-20,29,zsJ0iTE76/2PEqyiuwNn8BnS4BQ=,tVz4Y2s+ZrsMYMswG3g2r3zZlfQ=
-19,28,zsJ0iTE76/2PEqyiuwNn8BnS4BQ=,tVz4Y2s+ZrsMYMswG3g2r3zZlfQ=
-18,29,zsJ0iTE76/2PEqyiuwNn8BnS4BQ=,tVz4Y2s+ZrsMYMswG3g2r3zZlfQ=
-18,30,zsJ0iTE76/2PEqyiuwNn8BnS4BQ=,tVz4Y2s+ZrsMYMswG3g2r3zZlfQ=
-19,29,zsJ0iTE76/2PEqyiuwNn8BnS4BQ=,tVz4Y2s+ZrsMYMswG3g2r3zZlfQ=
-19,30,zsJ0iTE76/2PEqyiuwNn8BnS4BQ=,tVz4Y2s+ZrsMYMswG3g2r3zZlfQ=
-20,28,zsJ0iTE76/2PEqyiuwNn8BnS4BQ=,tVz4Y2s+ZrsMYMswG3g2r3zZlfQ=
-18,23,zsJ0iTE76/2PEqyiuwNn8BnS4BQ=,6X/lfv31UWlxQ7JeE6zSVw1PMQc=
-19,23,zsJ0iTE76/2PEqyiuwNn8BnS4BQ=,6X/lfv31UWlxQ7JeE6zSVw1PMQc=
-18,22,zsJ0iTE76/2PEqyiuwNn8BnS4BQ=,6X/lfv31UWlxQ7JeE6zSVw1PMQc=
-19,22,zsJ0iTE76/2PEqyiuwNn8BnS4BQ=,6X/lfv31UWlxQ7JeE6zSVw1PMQc=
-18,21,zsJ0iTE76/2PEqyiuwNn8BnS4BQ=,6X/lfv31UWlxQ7JeE6zSVw1PMQc=
-22,20,Bl56Qn8FSO0WXdPjOLvhw/SvjfI=,daeEqJAt/qZeJy+7BTtYmhPiVBk=
-18,20,Bl56Qn8FSO0WXdPjOLvhw/SvjfI=,6X/lfv31UWlxQ7JeE6zSVw1PMQc=
-20,17,Bl56Qn8FSO0WXdPjOLvhw/SvjfI=,0nAPfHXP7/Tact8ujJdZ6XuNpLI=
-20,18,Bl56Qn8FSO0WXdPjOLvhw/SvjfI=,0nAPfHXP7/Tact8ujJdZ6XuNpLI=
-24,21,zsJ0iTE76/2PEqyiuwNn8BnS4BQ=,daeEqJAt/qZeJy+7BTtYmhPiVBk=
-20,19,Bl56Qn8FSO0WXdPjOLvhw/SvjfI=,0nAPfHXP7/Tact8ujJdZ6XuNpLI=
-24,22,zsJ0iTE76/2PEqyiuwNn8BnS4BQ=,daeEqJAt/qZeJy+7BTtYmhPiVBk=
-19,21,Bl56Qn8FSO0WXdPjOLvhw/SvjfI=,6X/lfv31UWlxQ7JeE6zSVw1PMQc=
-21,20,Bl56Qn8FSO0WXdPjOLvhw/SvjfI=,daeEqJAt/qZeJy+7BTtYmhPiVBk=
-19,20,Bl56Qn8FSO0WXdPjOLvhw/SvjfI=,6X/lfv31UWlxQ7JeE6zSVw1PMQc=
-20,23,Bl56Qn8FSO0WXdPjOLvhw/SvjfI=,6X/lfv31UWlxQ7JeE6zSVw1PMQc=
-19,19,Bl56Qn8FSO0WXdPjOLvhw/SvjfI=,0nAPfHXP7/Tact8ujJdZ6XuNpLI=
-24,23,zsJ0iTE76/2PEqyiuwNn8BnS4BQ=,daeEqJAt/qZeJy+7BTtYmhPiVBk=
-21,21,Bl56Qn8FSO0WXdPjOLvhw/SvjfI=,daeEqJAt/qZeJy+7BTtYmhPiVBk=
-19,18,Bl56Qn8FSO0WXdPjOLvhw/SvjfI=,0nAPfHXP7/Tact8ujJdZ6XuNpLI=
-17,21,zsJ0iTE76/2PEqyiuwNn8BnS4BQ=,6X/lfv31UWlxQ7JeE6zSVw1PMQc=
-17,22,zsJ0iTE76/2PEqyiuwNn8BnS4BQ=,6X/lfv31UWlxQ7JeE6zSVw1PMQc=
-22,21,Bl56Qn8FSO0WXdPjOLvhw/SvjfI=,daeEqJAt/qZeJy+7BTtYmhPiVBk=
-21,22,zsJ0iTE76/2PEqyiuwNn8BnS4BQ=,daeEqJAt/qZeJy+7BTtYmhPiVBk=
-20,20,Bl56Qn8FSO0WXdPjOLvhw/SvjfI=,6X/lfv31UWlxQ7JeE6zSVw1PMQc=
-17,29,Bl56Qn8FSO0WXdPjOLvhw/SvjfI=,tVz4Y2s+ZrsMYMswG3g2r3zZlfQ=
-20,22,zsJ0iTE76/2PEqyiuwNn8BnS4BQ=,6X/lfv31UWlxQ7JeE6zSVw1PMQc=
-23,22,zsJ0iTE76/2PEqyiuwNn8BnS4BQ=,daeEqJAt/qZeJy+7BTtYmhPiVBk=
-20,21,Bl56Qn8FSO0WXdPjOLvhw/SvjfI=,6X/lfv31UWlxQ7JeE6zSVw1PMQc=
-24,20,Bl56Qn8FSO0WXdPjOLvhw/SvjfI=,daeEqJAt/qZeJy+7BTtYmhPiVBk=
-21,23,zsJ0iTE76/2PEqyiuwNn8BnS4BQ=,daeEqJAt/qZeJy+7BTtYmhPiVBk=
-23,20,Bl56Qn8FSO0WXdPjOLvhw/SvjfI=,daeEqJAt/qZeJy+7BTtYmhPiVBk=
-22,23,zsJ0iTE76/2PEqyiuwNn8BnS4BQ=,daeEqJAt/qZeJy+7BTtYmhPiVBk=
-20,31,Bl56Qn8FSO0WXdPjOLvhw/SvjfI=,tVz4Y2s+ZrsMYMswG3g2r3zZlfQ=
-19,31,Bl56Qn8FSO0WXdPjOLvhw/SvjfI=,tVz4Y2s+ZrsMYMswG3g2r3zZlfQ=
-23,21,Bl56Qn8FSO0WXdPjOLvhw/SvjfI=,daeEqJAt/qZeJy+7BTtYmhPiVBk=
-17,31,Bl56Qn8FSO0WXdPjOLvhw/SvjfI=,tVz4Y2s+ZrsMYMswG3g2r3zZlfQ=
-18,31,Bl56Qn8FSO0WXdPjOLvhw/SvjfI=,tVz4Y2s+ZrsMYMswG3g2r3zZlfQ=
-17,30,Bl56Qn8FSO0WXdPjOLvhw/SvjfI=,tVz4Y2s+ZrsMYMswG3g2r3zZlfQ=
-17,23,zsJ0iTE76/2PEqyiuwNn8BnS4BQ=,6X/lfv31UWlxQ7JeE6zSVw1PMQc=
-17,28,Bl56Qn8FSO0WXdPjOLvhw/SvjfI=,tVz4Y2s+ZrsMYMswG3g2r3zZlfQ=
-22,22,Bl56Qn8FSO0WXdPjOLvhw/SvjfI=,daeEqJAt/qZeJy+7BTtYmhPiVBk=
-23,23,zsJ0iTE76/2PEqyiuwNn8BnS4BQ=,daeEqJAt/qZeJy+7BTtYmhPiVBk=
-17,19,Bl56Qn8FSO0WXdPjOLvhw/SvjfI=,0nAPfHXP7/Tact8ujJdZ6XuNpLI=
-17,20,Bl56Qn8FSO0WXdPjOLvhw/SvjfI=,6X/lfv31UWlxQ7JeE6zSVw1PMQc=
-17,18,Bl56Qn8FSO0WXdPjOLvhw/SvjfI=,0nAPfHXP7/Tact8ujJdZ6XuNpLI=
-19,16,Bl56Qn8FSO0WXdPjOLvhw/SvjfI=,0nAPfHXP7/Tact8ujJdZ6XuNpLI=
-18,16,Bl56Qn8FSO0WXdPjOLvhw/SvjfI=,0nAPfHXP7/Tact8ujJdZ6XuNpLI=
-20,16,Bl56Qn8FSO0WXdPjOLvhw/SvjfI=,0nAPfHXP7/Tact8ujJdZ6XuNpLI=
-19,17,Bl56Qn8FSO0WXdPjOLvhw/SvjfI=,0nAPfHXP7/Tact8ujJdZ6XuNpLI=
-18,19,Bl56Qn8FSO0WXdPjOLvhw/SvjfI=,0nAPfHXP7/Tact8ujJdZ6XuNpLI=
-18,18,Bl56Qn8FSO0WXdPjOLvhw/SvjfI=,0nAPfHXP7/Tact8ujJdZ6XuNpLI=
-17,17,Bl56Qn8FSO0WXdPjOLvhw/SvjfI=,0nAPfHXP7/Tact8ujJdZ6XuNpLI=
-18,17,Bl56Qn8FSO0WXdPjOLvhw/SvjfI=,0nAPfHXP7/Tact8ujJdZ6XuNpLI=
-17,16,Bl56Qn8FSO0WXdPjOLvhw/SvjfI=,0nAPfHXP7/Tact8ujJdZ6XuNpLI=
-10,21,gR44X7T1HTk7BbIpX4oXraXvkdw=,ofFBnzoYYrzWClgvu1piXtPy1lM=
-10,22,gR44X7T1HTk7BbIpX4oXraXvkdw=,ofFBnzoYYrzWClgvu1piXtPy1lM=
-11,22,gR44X7T1HTk7BbIpX4oXraXvkdw=,ofFBnzoYYrzWClgvu1piXtPy1lM=
-14,22,gR44X7T1HTk7BbIpX4oXraXvkdw=,UG8jr3Maa5APiL8bO+qwe9tarh0=
-14,21,gR44X7T1HTk7BbIpX4oXraXvkdw=,UG8jr3Maa5APiL8bO+qwe9tarh0=
-13,21,gR44X7T1HTk7BbIpX4oXraXvkdw=,UG8jr3Maa5APiL8bO+qwe9tarh0=
-15,22,gR44X7T1HTk7BbIpX4oXraXvkdw=,UG8jr3Maa5APiL8bO+qwe9tarh0=
-15,21,gR44X7T1HTk7BbIpX4oXraXvkdw=,UG8jr3Maa5APiL8bO+qwe9tarh0=
-9,21,gR44X7T1HTk7BbIpX4oXraXvkdw=,ofFBnzoYYrzWClgvu1piXtPy1lM=
-11,23,gR44X7T1HTk7BbIpX4oXraXvkdw=,ofFBnzoYYrzWClgvu1piXtPy1lM=
-10,23,gR44X7T1HTk7BbIpX4oXraXvkdw=,ofFBnzoYYrzWClgvu1piXtPy1lM=
-9,22,gR44X7T1HTk7BbIpX4oXraXvkdw=,ofFBnzoYYrzWClgvu1piXtPy1lM=
-9,23,gR44X7T1HTk7BbIpX4oXraXvkdw=,ofFBnzoYYrzWClgvu1piXtPy1lM=
-15,23,gR44X7T1HTk7BbIpX4oXraXvkdw=,UG8jr3Maa5APiL8bO+qwe9tarh0=
-12,23,gR44X7T1HTk7BbIpX4oXraXvkdw=,ofFBnzoYYrzWClgvu1piXtPy1lM=
-14,23,gR44X7T1HTk7BbIpX4oXraXvkdw=,UG8jr3Maa5APiL8bO+qwe9tarh0=
-14,20,gR44X7T1HTk7BbIpX4oXraXvkdw=,UG8jr3Maa5APiL8bO+qwe9tarh0=
-14,18,gR44X7T1HTk7BbIpX4oXraXvkdw=,CXLzjgE7l/tEv5eRQcc8JqxNBzA=
-15,19,gR44X7T1HTk7BbIpX4oXraXvkdw=,CXLzjgE7l/tEv5eRQcc8JqxNBzA=
-14,19,+cX7r3kUzcPyqmTpavQn9U8gx24=,CXLzjgE7l/tEv5eRQcc8JqxNBzA=
-15,17,gR44X7T1HTk7BbIpX4oXraXvkdw=,CXLzjgE7l/tEv5eRQcc8JqxNBzA=
-14,17,gR44X7T1HTk7BbIpX4oXraXvkdw=,CXLzjgE7l/tEv5eRQcc8JqxNBzA=
-15,18,+cX7r3kUzcPyqmTpavQn9U8gx24=,CXLzjgE7l/tEv5eRQcc8JqxNBzA=
-15,20,+cX7r3kUzcPyqmTpavQn9U8gx24=,UG8jr3Maa5APiL8bO+qwe9tarh0=
-12,22,gR44X7T1HTk7BbIpX4oXraXvkdw=,ofFBnzoYYrzWClgvu1piXtPy1lM=
-13,22,gR44X7T1HTk7BbIpX4oXraXvkdw=,UG8jr3Maa5APiL8bO+qwe9tarh0=
-13,23,gR44X7T1HTk7BbIpX4oXraXvkdw=,UG8jr3Maa5APiL8bO+qwe9tarh0=
-14,30,5FOKsM1d3duIqNgugBWeSLj1bZM=,t0ijr9of7tzWA+ak77jA4iiP8Ac=
-14,28,5FOKsM1d3duIqNgugBWeSLj1bZM=,t0ijr9of7tzWA+ak77jA4iiP8Ac=
-15,29,5FOKsM1d3duIqNgugBWeSLj1bZM=,t0ijr9of7tzWA+ak77jA4iiP8Ac=
-14,29,5FOKsM1d3duIqNgugBWeSLj1bZM=,t0ijr9of7tzWA+ak77jA4iiP8Ac=
-15,30,5FOKsM1d3duIqNgugBWeSLj1bZM=,t0ijr9of7tzWA+ak77jA4iiP8Ac=
-12,18,+cX7r3kUzcPyqmTpavQn9U8gx24=,/2e1U7dc5iRdgv9/npi9ZlIn96g=
-10,19,+cX7r3kUzcPyqmTpavQn9U8gx24=,/2e1U7dc5iRdgv9/npi9ZlIn96g=
-10,20,+cX7r3kUzcPyqmTpavQn9U8gx24=,ofFBnzoYYrzWClgvu1piXtPy1lM=
-13,18,+cX7r3kUzcPyqmTpavQn9U8gx24=,CXLzjgE7l/tEv5eRQcc8JqxNBzA=
-13,20,+cX7r3kUzcPyqmTpavQn9U8gx24=,UG8jr3Maa5APiL8bO+qwe9tarh0=
-13,17,+cX7r3kUzcPyqmTpavQn9U8gx24=,CXLzjgE7l/tEv5eRQcc8JqxNBzA=
-13,19,+cX7r3kUzcPyqmTpavQn9U8gx24=,CXLzjgE7l/tEv5eRQcc8JqxNBzA=
-12,17,+cX7r3kUzcPyqmTpavQn9U8gx24=,/2e1U7dc5iRdgv9/npi9ZlIn96g=
-11,21,+cX7r3kUzcPyqmTpavQn9U8gx24=,ofFBnzoYYrzWClgvu1piXtPy1lM=
-12,19,+cX7r3kUzcPyqmTpavQn9U8gx24=,/2e1U7dc5iRdgv9/npi9ZlIn96g=
-12,20,+cX7r3kUzcPyqmTpavQn9U8gx24=,ofFBnzoYYrzWClgvu1piXtPy1lM=
-11,20,+cX7r3kUzcPyqmTpavQn9U8gx24=,ofFBnzoYYrzWClgvu1piXtPy1lM=
-12,21,+cX7r3kUzcPyqmTpavQn9U8gx24=,ofFBnzoYYrzWClgvu1piXtPy1lM=
-11,18,+cX7r3kUzcPyqmTpavQn9U8gx24=,/2e1U7dc5iRdgv9/npi9ZlIn96g=
-11,19,+cX7r3kUzcPyqmTpavQn9U8gx24=,/2e1U7dc5iRdgv9/npi9ZlIn96g=
-11,16,+cX7r3kUzcPyqmTpavQn9U8gx24=,/2e1U7dc5iRdgv9/npi9ZlIn96g=
-9,18,+cX7r3kUzcPyqmTpavQn9U8gx24=,/2e1U7dc5iRdgv9/npi9ZlIn96g=
-9,20,+cX7r3kUzcPyqmTpavQn9U8gx24=,ofFBnzoYYrzWClgvu1piXtPy1lM=
-9,19,+cX7r3kUzcPyqmTpavQn9U8gx24=,/2e1U7dc5iRdgv9/npi9ZlIn96g=
-10,18,+cX7r3kUzcPyqmTpavQn9U8gx24=,/2e1U7dc5iRdgv9/npi9ZlIn96g=
-9,16,+cX7r3kUzcPyqmTpavQn9U8gx24=,/2e1U7dc5iRdgv9/npi9ZlIn96g=
-9,17,+cX7r3kUzcPyqmTpavQn9U8gx24=,/2e1U7dc5iRdgv9/npi9ZlIn96g=
-10,16,+cX7r3kUzcPyqmTpavQn9U8gx24=,/2e1U7dc5iRdgv9/npi9ZlIn96g=
-10,17,+cX7r3kUzcPyqmTpavQn9U8gx24=,/2e1U7dc5iRdgv9/npi9ZlIn96g=
-14,16,+cX7r3kUzcPyqmTpavQn9U8gx24=,CXLzjgE7l/tEv5eRQcc8JqxNBzA=
-13,16,+cX7r3kUzcPyqmTpavQn9U8gx24=,CXLzjgE7l/tEv5eRQcc8JqxNBzA=
-12,16,+cX7r3kUzcPyqmTpavQn9U8gx24=,/2e1U7dc5iRdgv9/npi9ZlIn96g=
-16,22,+cX7r3kUzcPyqmTpavQn9U8gx24=,UG8jr3Maa5APiL8bO+qwe9tarh0=
-16,21,+cX7r3kUzcPyqmTpavQn9U8gx24=,UG8jr3Maa5APiL8bO+qwe9tarh0=
-11,17,+cX7r3kUzcPyqmTpavQn9U8gx24=,/2e1U7dc5iRdgv9/npi9ZlIn96g=
-13,29,5FOKsM1d3duIqNgugBWeSLj1bZM=,t0ijr9of7tzWA+ak77jA4iiP8Ac=
-13,28,5FOKsM1d3duIqNgugBWeSLj1bZM=,t0ijr9of7tzWA+ak77jA4iiP8Ac=
-13,30,5FOKsM1d3duIqNgugBWeSLj1bZM=,t0ijr9of7tzWA+ak77jA4iiP8Ac=
-16,19,+cX7r3kUzcPyqmTpavQn9U8gx24=,CXLzjgE7l/tEv5eRQcc8JqxNBzA=
-16,18,+cX7r3kUzcPyqmTpavQn9U8gx24=,CXLzjgE7l/tEv5eRQcc8JqxNBzA=
-16,17,5FOKsM1d3duIqNgugBWeSLj1bZM=,CXLzjgE7l/tEv5eRQcc8JqxNBzA=
-16,20,+cX7r3kUzcPyqmTpavQn9U8gx24=,UG8jr3Maa5APiL8bO+qwe9tarh0=
-16,16,5FOKsM1d3duIqNgugBWeSLj1bZM=,CXLzjgE7l/tEv5eRQcc8JqxNBzA=
-15,16,5FOKsM1d3duIqNgugBWeSLj1bZM=,CXLzjgE7l/tEv5eRQcc8JqxNBzA=
-16,23,5FOKsM1d3duIqNgugBWeSLj1bZM=,UG8jr3Maa5APiL8bO+qwe9tarh0=
-15,31,5FOKsM1d3duIqNgugBWeSLj1bZM=,t0ijr9of7tzWA+ak77jA4iiP8Ac=
-14,31,5FOKsM1d3duIqNgugBWeSLj1bZM=,t0ijr9of7tzWA+ak77jA4iiP8Ac=
-13,31,5FOKsM1d3duIqNgugBWeSLj1bZM=,t0ijr9of7tzWA+ak77jA4iiP8Ac=
-16,30,5FOKsM1d3duIqNgugBWeSLj1bZM=,t0ijr9of7tzWA+ak77jA4iiP8Ac=
-15,28,5FOKsM1d3duIqNgugBWeSLj1bZM=,t0ijr9of7tzWA+ak77jA4iiP8Ac=
-16,29,5FOKsM1d3duIqNgugBWeSLj1bZM=,t0ijr9of7tzWA+ak77jA4iiP8Ac=
-16,28,5FOKsM1d3duIqNgugBWeSLj1bZM=,t0ijr9of7tzWA+ak77jA4iiP8Ac=
-16,31,5FOKsM1d3duIqNgugBWeSLj1bZM=,t0ijr9of7tzWA+ak77jA4iiP8Ac=
-9,13,t2y7C9+2/NQA5kAYBPXr5dTkIHU=,dzHks4dEEJwXCFKvddXEL5DZHiM=
-10,13,6+nIDukJ4UCdmx7yULCNHxYtoDY=,dzHks4dEEJwXCFKvddXEL5DZHiM=
-11,13,6+nIDukJ4UCdmx7yULCNHxYtoDY=,dzHks4dEEJwXCFKvddXEL5DZHiM=
-9,12,t2y7C9+2/NQA5kAYBPXr5dTkIHU=,dzHks4dEEJwXCFKvddXEL5DZHiM=
-10,12,6+nIDukJ4UCdmx7yULCNHxYtoDY=,dzHks4dEEJwXCFKvddXEL5DZHiM=
-11,14,6+nIDukJ4UCdmx7yULCNHxYtoDY=,dzHks4dEEJwXCFKvddXEL5DZHiM=
-10,14,6+nIDukJ4UCdmx7yULCNHxYtoDY=,dzHks4dEEJwXCFKvddXEL5DZHiM=
-11,15,pcAzPmYVZq28SOmYmlYHb0R8ZME=,dzHks4dEEJwXCFKvddXEL5DZHiM=
-10,15,pcAzPmYVZq28SOmYmlYHb0R8ZME=,dzHks4dEEJwXCFKvddXEL5DZHiM=
-15,12,AE7yIOBKKg9+OzTG9nGlhqpUjoY=,H9HUaXVWRY/jt0inL5IdYGWRt4U=
-12,14,AE7yIOBKKg9+OzTG9nGlhqpUjoY=,dzHks4dEEJwXCFKvddXEL5DZHiM=
-11,12,AE7yIOBKKg9+OzTG9nGlhqpUjoY=,dzHks4dEEJwXCFKvddXEL5DZHiM=
-12,13,AE7yIOBKKg9+OzTG9nGlhqpUjoY=,dzHks4dEEJwXCFKvddXEL5DZHiM=
-12,12,AE7yIOBKKg9+OzTG9nGlhqpUjoY=,dzHks4dEEJwXCFKvddXEL5DZHiM=
-13,12,AE7yIOBKKg9+OzTG9nGlhqpUjoY=,H9HUaXVWRY/jt0inL5IdYGWRt4U=
-14,13,AE7yIOBKKg9+OzTG9nGlhqpUjoY=,H9HUaXVWRY/jt0inL5IdYGWRt4U=
-13,13,AE7yIOBKKg9+OzTG9nGlhqpUjoY=,H9HUaXVWRY/jt0inL5IdYGWRt4U=
-14,12,AE7yIOBKKg9+OzTG9nGlhqpUjoY=,H9HUaXVWRY/jt0inL5IdYGWRt4U=
-12,15,pcAzPmYVZq28SOmYmlYHb0R8ZME=,dzHks4dEEJwXCFKvddXEL5DZHiM=
-13,15,pcAzPmYVZq28SOmYmlYHb0R8ZME=,H9HUaXVWRY/jt0inL5IdYGWRt4U=
-16,13,g5UTB3wVz4gdIXR4x+T4uTjgi2c=,H9HUaXVWRY/jt0inL5IdYGWRt4U=
-14,15,pcAzPmYVZq28SOmYmlYHb0R8ZME=,H9HUaXVWRY/jt0inL5IdYGWRt4U=
-13,14,pcAzPmYVZq28SOmYmlYHb0R8ZME=,H9HUaXVWRY/jt0inL5IdYGWRt4U=
-14,14,pcAzPmYVZq28SOmYmlYHb0R8ZME=,H9HUaXVWRY/jt0inL5IdYGWRt4U=
-9,15,pcAzPmYVZq28SOmYmlYHb0R8ZME=,dzHks4dEEJwXCFKvddXEL5DZHiM=
-16,15,g5UTB3wVz4gdIXR4x+T4uTjgi2c=,H9HUaXVWRY/jt0inL5IdYGWRt4U=
-9,14,pcAzPmYVZq28SOmYmlYHb0R8ZME=,dzHks4dEEJwXCFKvddXEL5DZHiM=
-16,14,qyrTg5fSduOfO+/CGWsRGS+8WQQ=,H9HUaXVWRY/jt0inL5IdYGWRt4U=
-16,12,g5UTB3wVz4gdIXR4x+T4uTjgi2c=,H9HUaXVWRY/jt0inL5IdYGWRt4U=
-15,15,g5UTB3wVz4gdIXR4x+T4uTjgi2c=,H9HUaXVWRY/jt0inL5IdYGWRt4U=
-15,13,qyrTg5fSduOfO+/CGWsRGS+8WQQ=,H9HUaXVWRY/jt0inL5IdYGWRt4U=
-15,14,g5UTB3wVz4gdIXR4x+T4uTjgi2c=,H9HUaXVWRY/jt0inL5IdYGWRt4U=
-23,18,zsJ0iTE76/2PEqyiuwNn8BnS4BQ=,QMDa8iTchRqyCCM9oDQHxtWdtB8=
-22,18,zsJ0iTE76/2PEqyiuwNn8BnS4BQ=,QMDa8iTchRqyCCM9oDQHxtWdtB8=
-22,17,zsJ0iTE76/2PEqyiuwNn8BnS4BQ=,QMDa8iTchRqyCCM9oDQHxtWdtB8=
-23,17,zsJ0iTE76/2PEqyiuwNn8BnS4BQ=,QMDa8iTchRqyCCM9oDQHxtWdtB8=
-27,21,WYBNMfiQpjQcSm1TqN9zj3L4GLA=,U5YC5N7ZUbVTjzoEjmCN5y5ZelY=
-26,22,WYBNMfiQpjQcSm1TqN9zj3L4GLA=,U5YC5N7ZUbVTjzoEjmCN5y5ZelY=
-27,22,WYBNMfiQpjQcSm1TqN9zj3L4GLA=,U5YC5N7ZUbVTjzoEjmCN5y5ZelY=
-26,21,WYBNMfiQpjQcSm1TqN9zj3L4GLA=,U5YC5N7ZUbVTjzoEjmCN5y5ZelY=
-21,17,Bl56Qn8FSO0WXdPjOLvhw/SvjfI=,QMDa8iTchRqyCCM9oDQHxtWdtB8=
-21,18,Bl56Qn8FSO0WXdPjOLvhw/SvjfI=,QMDa8iTchRqyCCM9oDQHxtWdtB8=
-26,23,zsJ0iTE76/2PEqyiuwNn8BnS4BQ=,U5YC5N7ZUbVTjzoEjmCN5y5ZelY=
-27,23,zsJ0iTE76/2PEqyiuwNn8BnS4BQ=,U5YC5N7ZUbVTjzoEjmCN5y5ZelY=
-25,21,zsJ0iTE76/2PEqyiuwNn8BnS4BQ=,U5YC5N7ZUbVTjzoEjmCN5y5ZelY=
-21,19,Bl56Qn8FSO0WXdPjOLvhw/SvjfI=,QMDa8iTchRqyCCM9oDQHxtWdtB8=
-22,19,zsJ0iTE76/2PEqyiuwNn8BnS4BQ=,QMDa8iTchRqyCCM9oDQHxtWdtB8=
-23,19,zsJ0iTE76/2PEqyiuwNn8BnS4BQ=,QMDa8iTchRqyCCM9oDQHxtWdtB8=
-25,22,zsJ0iTE76/2PEqyiuwNn8BnS4BQ=,U5YC5N7ZUbVTjzoEjmCN5y5ZelY=
-24,19,Bl56Qn8FSO0WXdPjOLvhw/SvjfI=,QMDa8iTchRqyCCM9oDQHxtWdtB8=
-24,18,Bl56Qn8FSO0WXdPjOLvhw/SvjfI=,QMDa8iTchRqyCCM9oDQHxtWdtB8=
-25,23,zsJ0iTE76/2PEqyiuwNn8BnS4BQ=,U5YC5N7ZUbVTjzoEjmCN5y5ZelY=
-27,20,Bl56Qn8FSO0WXdPjOLvhw/SvjfI=,U5YC5N7ZUbVTjzoEjmCN5y5ZelY=
-26,20,Bl56Qn8FSO0WXdPjOLvhw/SvjfI=,U5YC5N7ZUbVTjzoEjmCN5y5ZelY=
-25,20,Bl56Qn8FSO0WXdPjOLvhw/SvjfI=,U5YC5N7ZUbVTjzoEjmCN5y5ZelY=
-24,17,Bl56Qn8FSO0WXdPjOLvhw/SvjfI=,QMDa8iTchRqyCCM9oDQHxtWdtB8=
-28,23,bstRUn7nlE3S52WKrPorMYMLOmU=,U5YC5N7ZUbVTjzoEjmCN5y5ZelY=
-28,21,bstRUn7nlE3S52WKrPorMYMLOmU=,U5YC5N7ZUbVTjzoEjmCN5y5ZelY=
-28,22,bstRUn7nlE3S52WKrPorMYMLOmU=,U5YC5N7ZUbVTjzoEjmCN5y5ZelY=
-22,16,zsJ0iTE76/2PEqyiuwNn8BnS4BQ=,QMDa8iTchRqyCCM9oDQHxtWdtB8=
-24,16,Bl56Qn8FSO0WXdPjOLvhw/SvjfI=,QMDa8iTchRqyCCM9oDQHxtWdtB8=
-23,16,zsJ0iTE76/2PEqyiuwNn8BnS4BQ=,QMDa8iTchRqyCCM9oDQHxtWdtB8=
-28,20,bstRUn7nlE3S52WKrPorMYMLOmU=,U5YC5N7ZUbVTjzoEjmCN5y5ZelY=
-21,16,Bl56Qn8FSO0WXdPjOLvhw/SvjfI=,QMDa8iTchRqyCCM9oDQHxtWdtB8=
-22,13,UVBBlw5feUKxpIDQ0DulmJZVAd8=,DKRxhSeYTgCXhGQ5S84v/bmxtMs=
-24,14,WYBNMfiQpjQcSm1TqN9zj3L4GLA=,DKRxhSeYTgCXhGQ5S84v/bmxtMs=
-23,14,UVBBlw5feUKxpIDQ0DulmJZVAd8=,DKRxhSeYTgCXhGQ5S84v/bmxtMs=
-23,13,UVBBlw5feUKxpIDQ0DulmJZVAd8=,DKRxhSeYTgCXhGQ5S84v/bmxtMs=
-24,13,WYBNMfiQpjQcSm1TqN9zj3L4GLA=,DKRxhSeYTgCXhGQ5S84v/bmxtMs=
-22,14,UVBBlw5feUKxpIDQ0DulmJZVAd8=,DKRxhSeYTgCXhGQ5S84v/bmxtMs=
-22,10,UVBBlw5feUKxpIDQ0DulmJZVAd8=,jngJbzvlBl+4ABNSyIFpVuIeUQs=
-24,11,WYBNMfiQpjQcSm1TqN9zj3L4GLA=,jngJbzvlBl+4ABNSyIFpVuIeUQs=
-23,11,UVBBlw5feUKxpIDQ0DulmJZVAd8=,jngJbzvlBl+4ABNSyIFpVuIeUQs=
-22,11,UVBBlw5feUKxpIDQ0DulmJZVAd8=,jngJbzvlBl+4ABNSyIFpVuIeUQs=
-24,9,UVBBlw5feUKxpIDQ0DulmJZVAd8=,jngJbzvlBl+4ABNSyIFpVuIeUQs=
-24,12,WYBNMfiQpjQcSm1TqN9zj3L4GLA=,DKRxhSeYTgCXhGQ5S84v/bmxtMs=
-23,10,UVBBlw5feUKxpIDQ0DulmJZVAd8=,jngJbzvlBl+4ABNSyIFpVuIeUQs=
-22,12,UVBBlw5feUKxpIDQ0DulmJZVAd8=,DKRxhSeYTgCXhGQ5S84v/bmxtMs=
-24,10,UVBBlw5feUKxpIDQ0DulmJZVAd8=,jngJbzvlBl+4ABNSyIFpVuIeUQs=
-23,12,UVBBlw5feUKxpIDQ0DulmJZVAd8=,DKRxhSeYTgCXhGQ5S84v/bmxtMs=
-22,9,UVBBlw5feUKxpIDQ0DulmJZVAd8=,jngJbzvlBl+4ABNSyIFpVuIeUQs=
-23,9,UVBBlw5feUKxpIDQ0DulmJZVAd8=,jngJbzvlBl+4ABNSyIFpVuIeUQs=
-21,13,UVBBlw5feUKxpIDQ0DulmJZVAd8=,DKRxhSeYTgCXhGQ5S84v/bmxtMs=
-21,14,UVBBlw5feUKxpIDQ0DulmJZVAd8=,DKRxhSeYTgCXhGQ5S84v/bmxtMs=
-24,8,ynxFeM3K5GCrNQr40HVKFX9VvLQ=,jngJbzvlBl+4ABNSyIFpVuIeUQs=
-23,8,UVBBlw5feUKxpIDQ0DulmJZVAd8=,jngJbzvlBl+4ABNSyIFpVuIeUQs=
-22,8,UVBBlw5feUKxpIDQ0DulmJZVAd8=,jngJbzvlBl+4ABNSyIFpVuIeUQs=
-21,8,UVBBlw5feUKxpIDQ0DulmJZVAd8=,jngJbzvlBl+4ABNSyIFpVuIeUQs=
-24,15,WYBNMfiQpjQcSm1TqN9zj3L4GLA=,DKRxhSeYTgCXhGQ5S84v/bmxtMs=
-23,15,ynxFeM3K5GCrNQr40HVKFX9VvLQ=,DKRxhSeYTgCXhGQ5S84v/bmxtMs=
-22,15,ynxFeM3K5GCrNQr40HVKFX9VvLQ=,DKRxhSeYTgCXhGQ5S84v/bmxtMs=
-21,9,UVBBlw5feUKxpIDQ0DulmJZVAd8=,jngJbzvlBl+4ABNSyIFpVuIeUQs=
-21,10,UVBBlw5feUKxpIDQ0DulmJZVAd8=,jngJbzvlBl+4ABNSyIFpVuIeUQs=
-21,11,UVBBlw5feUKxpIDQ0DulmJZVAd8=,jngJbzvlBl+4ABNSyIFpVuIeUQs=
-21,12,UVBBlw5feUKxpIDQ0DulmJZVAd8=,DKRxhSeYTgCXhGQ5S84v/bmxtMs=
-21,15,ynxFeM3K5GCrNQr40HVKFX9VvLQ=,DKRxhSeYTgCXhGQ5S84v/bmxtMs=
-22,3,UVBBlw5feUKxpIDQ0DulmJZVAd8=,bF8KU4Tc09Cm9kwaiE0EcPrE8h8=
-23,2,ynxFeM3K5GCrNQr40HVKFX9VvLQ=,bF8KU4Tc09Cm9kwaiE0EcPrE8h8=
-23,3,ynxFeM3K5GCrNQr40HVKFX9VvLQ=,bF8KU4Tc09Cm9kwaiE0EcPrE8h8=
-22,2,UVBBlw5feUKxpIDQ0DulmJZVAd8=,bF8KU4Tc09Cm9kwaiE0EcPrE8h8=
-21,2,UVBBlw5feUKxpIDQ0DulmJZVAd8=,bF8KU4Tc09Cm9kwaiE0EcPrE8h8=
-21,3,UVBBlw5feUKxpIDQ0DulmJZVAd8=,bF8KU4Tc09Cm9kwaiE0EcPrE8h8=
-27,2,ynxFeM3K5GCrNQr40HVKFX9VvLQ=,52FialYGvII1IxFmoNXmrTU45Vs=
-27,3,ynxFeM3K5GCrNQr40HVKFX9VvLQ=,52FialYGvII1IxFmoNXmrTU45Vs=
-25,3,ynxFeM3K5GCrNQr40HVKFX9VvLQ=,52FialYGvII1IxFmoNXmrTU45Vs=
-26,3,ynxFeM3K5GCrNQr40HVKFX9VvLQ=,52FialYGvII1IxFmoNXmrTU45Vs=
-24,3,ynxFeM3K5GCrNQr40HVKFX9VvLQ=,bF8KU4Tc09Cm9kwaiE0EcPrE8h8=
-25,2,ynxFeM3K5GCrNQr40HVKFX9VvLQ=,52FialYGvII1IxFmoNXmrTU45Vs=
-26,2,ynxFeM3K5GCrNQr40HVKFX9VvLQ=,52FialYGvII1IxFmoNXmrTU45Vs=
-24,2,WYBNMfiQpjQcSm1TqN9zj3L4GLA=,bF8KU4Tc09Cm9kwaiE0EcPrE8h8=
-28,2,WYBNMfiQpjQcSm1TqN9zj3L4GLA=,52FialYGvII1IxFmoNXmrTU45Vs=
-28,3,WYBNMfiQpjQcSm1TqN9zj3L4GLA=,52FialYGvII1IxFmoNXmrTU45Vs=
-27,1,WYBNMfiQpjQcSm1TqN9zj3L4GLA=,52FialYGvII1IxFmoNXmrTU45Vs=
-27,0,WYBNMfiQpjQcSm1TqN9zj3L4GLA=,52FialYGvII1IxFmoNXmrTU45Vs=
-28,1,WYBNMfiQpjQcSm1TqN9zj3L4GLA=,52FialYGvII1IxFmoNXmrTU45Vs=
-24,0,WYBNMfiQpjQcSm1TqN9zj3L4GLA=,bF8KU4Tc09Cm9kwaiE0EcPrE8h8=
-25,0,WYBNMfiQpjQcSm1TqN9zj3L4GLA=,52FialYGvII1IxFmoNXmrTU45Vs=
-26,1,WYBNMfiQpjQcSm1TqN9zj3L4GLA=,52FialYGvII1IxFmoNXmrTU45Vs=
-28,0,WYBNMfiQpjQcSm1TqN9zj3L4GLA=,52FialYGvII1IxFmoNXmrTU45Vs=
-23,1,WYBNMfiQpjQcSm1TqN9zj3L4GLA=,bF8KU4Tc09Cm9kwaiE0EcPrE8h8=
-24,1,WYBNMfiQpjQcSm1TqN9zj3L4GLA=,bF8KU4Tc09Cm9kwaiE0EcPrE8h8=
-23,0,WYBNMfiQpjQcSm1TqN9zj3L4GLA=,bF8KU4Tc09Cm9kwaiE0EcPrE8h8=
-26,0,WYBNMfiQpjQcSm1TqN9zj3L4GLA=,52FialYGvII1IxFmoNXmrTU45Vs=
-22,1,ynxFeM3K5GCrNQr40HVKFX9VvLQ=,bF8KU4Tc09Cm9kwaiE0EcPrE8h8=
-25,1,WYBNMfiQpjQcSm1TqN9zj3L4GLA=,52FialYGvII1IxFmoNXmrTU45Vs=
-22,0,ynxFeM3K5GCrNQr40HVKFX9VvLQ=,bF8KU4Tc09Cm9kwaiE0EcPrE8h8=
-21,0,ynxFeM3K5GCrNQr40HVKFX9VvLQ=,bF8KU4Tc09Cm9kwaiE0EcPrE8h8=
-21,1,ynxFeM3K5GCrNQr40HVKFX9VvLQ=,bF8KU4Tc09Cm9kwaiE0EcPrE8h8=
