-126,-191,Vii8dPNhZJXtYJSp7wvmgija9sc=,sRhmYI6iJ8z0YpL2X65ELXlTmD0=
-125,-191,AyfM45SE2FwPwjwgOGZ5okfpUJA=,sRhmYI6iJ8z0YpL2X65ELXlTmD0=
-124,-191,AyfM45SE2FwPwjwgOGZ5okfpUJA=,sRhmYI6iJ8z0YpL2X65ELXlTmD0=
-127,-191,AyfM45SE2FwPwjwgOGZ5okfpUJA=,sRhmYI6iJ8z0YpL2X65ELXlTmD0=
-113,-177,AyfM45SE2FwPwjwgOGZ5okfpUJA=,sRhmYI6iJ8z0YpL2X65ELXlTmD0=
-114,-177,AyfM45SE2FwPwjwgOGZ5okfpUJA=,sRhmYI6iJ8z0YpL2X65ELXlTmD0=
-115,-177,AyfM45SE2FwPwjwgOGZ5okfpUJA=,sRhmYI6iJ8z0YpL2X65ELXlTmD0=
-116,-177,AyfM45SE2FwPwjwgOGZ5okfpUJA=,sRhmYI6iJ8z0YpL2X65ELXlTmD0=
-117,-177,AyfM45SE2FwPwjwgOGZ5okfpUJA=,sRhmYI6iJ8z0YpL2X65ELXlTmD0=
-127,-192,AyfM45SE2FwPwjwgOGZ5okfpUJA=,sRhmYI6iJ8z0YpL2X65ELXlTmD0=
-126,-192,AyfM45SE2FwPwjwgOGZ5okfpUJA=,sRhmYI6iJ8z0YpL2X65ELXlTmD0=
-124,-192,AyfM45SE2FwPwjwgOGZ5okfpUJA=,sRhmYI6iJ8z0YpL2X65ELXlTmD0=
-125,-192,AyfM45SE2FwPwjwgOGZ5okfpUJA=,sRhmYI6iJ8z0YpL2X65ELXlTmD0=
-123,-192,AyfM45SE2FwPwjwgOGZ5okfpUJA=,sRhmYI6iJ8z0YpL2X65ELXlTmD0=
-119,-192,AyfM45SE2FwPwjwgOGZ5okfpUJA=,sRhmYI6iJ8z0YpL2X65ELXlTmD0=
-118,-192,AyfM45SE2FwPwjwgOGZ5okfpUJA=,sRhmYI6iJ8z0YpL2X65ELXlTmD0=
-117,-192,AyfM45SE2FwPwjwgOGZ5okfpUJA=,sRhmYI6iJ8z0YpL2X65ELXlTmD0=
-116,-192,AyfM45SE2FwPwjwgOGZ5okfpUJA=,sRhmYI6iJ8z0YpL2X65ELXlTmD0=
-115,-192,AyfM45SE2FwPwjwgOGZ5okfpUJA=,sRhmYI6iJ8z0YpL2X65ELXlTmD0=
-114,-192,AyfM45SE2FwPwjwgOGZ5okfpUJA=,sRhmYI6iJ8z0YpL2X65ELXlTmD0=
-113,-192,AyfM45SE2FwPwjwgOGZ5okfpUJA=,sRhmYI6iJ8z0YpL2X65ELXlTmD0=
-118,-177,AyfM45SE2FwPwjwgOGZ5okfpUJA=,sRhmYI6iJ8z0YpL2X65ELXlTmD0=
-119,-177,AyfM45SE2FwPwjwgOGZ5okfpUJA=,sRhmYI6iJ8z0YpL2X65ELXlTmD0=
-121,-177,AyfM45SE2FwPwjwgOGZ5okfpUJA=,sRhmYI6iJ8z0YpL2X65ELXlTmD0=
-120,-177,AyfM45SE2FwPwjwgOGZ5okfpUJA=,sRhmYI6iJ8z0YpL2X65ELXlTmD0=
-123,-177,AyfM45SE2FwPwjwgOGZ5okfpUJA=,sRhmYI6iJ8z0YpL2X65ELXlTmD0=
-122,-177,AyfM45SE2FwPwjwgOGZ5okfpUJA=,sRhmYI6iJ8z0YpL2X65ELXlTmD0=
-124,-177,AyfM45SE2FwPwjwgOGZ5okfpUJA=,sRhmYI6iJ8z0YpL2X65ELXlTmD0=
-125,-177,AyfM45SE2FwPwjwgOGZ5okfpUJA=,sRhmYI6iJ8z0YpL2X65ELXlTmD0=
-126,-177,AyfM45SE2FwPwjwgOGZ5okfpUJA=,sRhmYI6iJ8z0YpL2X65ELXlTmD0=
-127,-177,AyfM45SE2FwPwjwgOGZ5okfpUJA=,sRhmYI6iJ8z0YpL2X65ELXlTmD0=
-113,-178,AyfM45SE2FwPwjwgOGZ5okfpUJA=,sRhmYI6iJ8z0YpL2X65ELXlTmD0=
-114,-178,AyfM45SE2FwPwjwgOGZ5okfpUJA=,sRhmYI6iJ8z0YpL2X65ELXlTmD0=
-115,-178,AyfM45SE2FwPwjwgOGZ5okfpUJA=,sRhmYI6iJ8z0YpL2X65ELXlTmD0=
-116,-178,AyfM45SE2FwPwjwgOGZ5okfpUJA=,sRhmYI6iJ8z0YpL2X65ELXlTmD0=
-117,-178,AyfM45SE2FwPwjwgOGZ5okfpUJA=,sRhmYI6iJ8z0YpL2X65ELXlTmD0=
-118,-178,AyfM45SE2FwPwjwgOGZ5okfpUJA=,sRhmYI6iJ8z0YpL2X65ELXlTmD0=
-119,-178,AyfM45SE2FwPwjwgOGZ5okfpUJA=,sRhmYI6iJ8z0YpL2X65ELXlTmD0=
-120,-178,AyfM45SE2FwPwjwgOGZ5okfpUJA=,sRhmYI6iJ8z0YpL2X65ELXlTmD0=
-121,-178,AyfM45SE2FwPwjwgOGZ5okfpUJA=,sRhmYI6iJ8z0YpL2X65ELXlTmD0=
-122,-178,AyfM45SE2FwPwjwgOGZ5okfpUJA=,sRhmYI6iJ8z0YpL2X65ELXlTmD0=
-123,-178,AyfM45SE2FwPwjwgOGZ5okfpUJA=,sRhmYI6iJ8z0YpL2X65ELXlTmD0=
-124,-178,AyfM45SE2FwPwjwgOGZ5okfpUJA=,sRhmYI6iJ8z0YpL2X65ELXlTmD0=
-125,-178,AyfM45SE2FwPwjwgOGZ5okfpUJA=,sRhmYI6iJ8z0YpL2X65ELXlTmD0=
-127,-178,AyfM45SE2FwPwjwgOGZ5okfpUJA=,sRhmYI6iJ8z0YpL2X65ELXlTmD0=
-113,-179,AyfM45SE2FwPwjwgOGZ5okfpUJA=,sRhmYI6iJ8z0YpL2X65ELXlTmD0=
-126,-178,AyfM45SE2FwPwjwgOGZ5okfpUJA=,sRhmYI6iJ8z0YpL2X65ELXlTmD0=
-114,-179,AyfM45SE2FwPwjwgOGZ5okfpUJA=,sRhmYI6iJ8z0YpL2X65ELXlTmD0=
-115,-179,AyfM45SE2FwPwjwgOGZ5okfpUJA=,sRhmYI6iJ8z0YpL2X65ELXlTmD0=
-116,-179,AyfM45SE2FwPwjwgOGZ5okfpUJA=,sRhmYI6iJ8z0YpL2X65ELXlTmD0=
-117,-179,AyfM45SE2FwPwjwgOGZ5okfpUJA=,sRhmYI6iJ8z0YpL2X65ELXlTmD0=
-119,-179,AyfM45SE2FwPwjwgOGZ5okfpUJA=,sRhmYI6iJ8z0YpL2X65ELXlTmD0=
-120,-179,AyfM45SE2FwPwjwgOGZ5okfpUJA=,sRhmYI6iJ8z0YpL2X65ELXlTmD0=
-122,-179,AyfM45SE2FwPwjwgOGZ5okfpUJA=,sRhmYI6iJ8z0YpL2X65ELXlTmD0=
-118,-179,AyfM45SE2FwPwjwgOGZ5okfpUJA=,sRhmYI6iJ8z0YpL2X65ELXlTmD0=
-123,-179,AyfM45SE2FwPwjwgOGZ5okfpUJA=,sRhmYI6iJ8z0YpL2X65ELXlTmD0=
-124,-179,AyfM45SE2FwPwjwgOGZ5okfpUJA=,sRhmYI6iJ8z0YpL2X65ELXlTmD0=
-121,-179,AyfM45SE2FwPwjwgOGZ5okfpUJA=,sRhmYI6iJ8z0YpL2X65ELXlTmD0=
-125,-179,AyfM45SE2FwPwjwgOGZ5okfpUJA=,sRhmYI6iJ8z0YpL2X65ELXlTmD0=
-126,-179,AyfM45SE2FwPwjwgOGZ5okfpUJA=,sRhmYI6iJ8z0YpL2X65ELXlTmD0=
-127,-179,AyfM45SE2FwPwjwgOGZ5okfpUJA=,sRhmYI6iJ8z0YpL2X65ELXlTmD0=
-113,-180,AyfM45SE2FwPwjwgOGZ5okfpUJA=,sRhmYI6iJ8z0YpL2X65ELXlTmD0=
-114,-180,AyfM45SE2FwPwjwgOGZ5okfpUJA=,sRhmYI6iJ8z0YpL2X65ELXlTmD0=
-115,-180,AyfM45SE2FwPwjwgOGZ5okfpUJA=,sRhmYI6iJ8z0YpL2X65ELXlTmD0=
-116,-180,AyfM45SE2FwPwjwgOGZ5okfpUJA=,sRhmYI6iJ8z0YpL2X65ELXlTmD0=
-117,-180,AyfM45SE2FwPwjwgOGZ5okfpUJA=,sRhmYI6iJ8z0YpL2X65ELXlTmD0=
-118,-180,AyfM45SE2FwPwjwgOGZ5okfpUJA=,sRhmYI6iJ8z0YpL2X65ELXlTmD0=
-119,-180,AyfM45SE2FwPwjwgOGZ5okfpUJA=,sRhmYI6iJ8z0YpL2X65ELXlTmD0=
-120,-180,AyfM45SE2FwPwjwgOGZ5okfpUJA=,sRhmYI6iJ8z0YpL2X65ELXlTmD0=
-121,-180,AyfM45SE2FwPwjwgOGZ5okfpUJA=,sRhmYI6iJ8z0YpL2X65ELXlTmD0=
-122,-180,AyfM45SE2FwPwjwgOGZ5okfpUJA=,sRhmYI6iJ8z0YpL2X65ELXlTmD0=
-123,-180,AyfM45SE2FwPwjwgOGZ5okfpUJA=,sRhmYI6iJ8z0YpL2X65ELXlTmD0=
-124,-180,AyfM45SE2FwPwjwgOGZ5okfpUJA=,sRhmYI6iJ8z0YpL2X65ELXlTmD0=
-125,-180,AyfM45SE2FwPwjwgOGZ5okfpUJA=,sRhmYI6iJ8z0YpL2X65ELXlTmD0=
-127,-180,AyfM45SE2FwPwjwgOGZ5okfpUJA=,sRhmYI6iJ8z0YpL2X65ELXlTmD0=
-126,-180,AyfM45SE2FwPwjwgOGZ5okfpUJA=,sRhmYI6iJ8z0YpL2X65ELXlTmD0=
-113,-181,AyfM45SE2FwPwjwgOGZ5okfpUJA=,sRhmYI6iJ8z0YpL2X65ELXlTmD0=
-114,-181,AyfM45SE2FwPwjwgOGZ5okfpUJA=,sRhmYI6iJ8z0YpL2X65ELXlTmD0=
-115,-181,AyfM45SE2FwPwjwgOGZ5okfpUJA=,sRhmYI6iJ8z0YpL2X65ELXlTmD0=
-116,-181,AyfM45SE2FwPwjwgOGZ5okfpUJA=,sRhmYI6iJ8z0YpL2X65ELXlTmD0=
-117,-181,AyfM45SE2FwPwjwgOGZ5okfpUJA=,sRhmYI6iJ8z0YpL2X65ELXlTmD0=
-118,-181,AyfM45SE2FwPwjwgOGZ5okfpUJA=,sRhmYI6iJ8z0YpL2X65ELXlTmD0=
-119,-181,AyfM45SE2FwPwjwgOGZ5okfpUJA=,sRhmYI6iJ8z0YpL2X65ELXlTmD0=
-120,-181,AyfM45SE2FwPwjwgOGZ5okfpUJA=,sRhmYI6iJ8z0YpL2X65ELXlTmD0=
-121,-181,AyfM45SE2FwPwjwgOGZ5okfpUJA=,sRhmYI6iJ8z0YpL2X65ELXlTmD0=
-122,-181,AyfM45SE2FwPwjwgOGZ5okfpUJA=,sRhmYI6iJ8z0YpL2X65ELXlTmD0=
-123,-181,AyfM45SE2FwPwjwgOGZ5okfpUJA=,sRhmYI6iJ8z0YpL2X65ELXlTmD0=
-124,-181,AyfM45SE2FwPwjwgOGZ5okfpUJA=,sRhmYI6iJ8z0YpL2X65ELXlTmD0=
-125,-181,AyfM45SE2FwPwjwgOGZ5okfpUJA=,sRhmYI6iJ8z0YpL2X65ELXlTmD0=
-126,-181,AyfM45SE2FwPwjwgOGZ5okfpUJA=,sRhmYI6iJ8z0YpL2X65ELXlTmD0=
-127,-181,AyfM45SE2FwPwjwgOGZ5okfpUJA=,sRhmYI6iJ8z0YpL2X65ELXlTmD0=
-113,-182,AyfM45SE2FwPwjwgOGZ5okfpUJA=,sRhmYI6iJ8z0YpL2X65ELXlTmD0=
-115,-182,AyfM45SE2FwPwjwgOGZ5okfpUJA=,sRhmYI6iJ8z0YpL2X65ELXlTmD0=
-114,-182,AyfM45SE2FwPwjwgOGZ5okfpUJA=,sRhmYI6iJ8z0YpL2X65ELXlTmD0=
-116,-182,AyfM45SE2FwPwjwgOGZ5okfpUJA=,sRhmYI6iJ8z0YpL2X65ELXlTmD0=
-117,-182,AyfM45SE2FwPwjwgOGZ5okfpUJA=,sRhmYI6iJ8z0YpL2X65ELXlTmD0=
-118,-182,AyfM45SE2FwPwjwgOGZ5okfpUJA=,sRhmYI6iJ8z0YpL2X65ELXlTmD0=
-119,-182,AyfM45SE2FwPwjwgOGZ5okfpUJA=,sRhmYI6iJ8z0YpL2X65ELXlTmD0=
-120,-182,AyfM45SE2FwPwjwgOGZ5okfpUJA=,sRhmYI6iJ8z0YpL2X65ELXlTmD0=
-121,-182,AyfM45SE2FwPwjwgOGZ5okfpUJA=,sRhmYI6iJ8z0YpL2X65ELXlTmD0=
-123,-182,AyfM45SE2FwPwjwgOGZ5okfpUJA=,sRhmYI6iJ8z0YpL2X65ELXlTmD0=
-122,-182,AyfM45SE2FwPwjwgOGZ5okfpUJA=,sRhmYI6iJ8z0YpL2X65ELXlTmD0=
-124,-182,AyfM45SE2FwPwjwgOGZ5okfpUJA=,sRhmYI6iJ8z0YpL2X65ELXlTmD0=
-125,-182,AyfM45SE2FwPwjwgOGZ5okfpUJA=,sRhmYI6iJ8z0YpL2X65ELXlTmD0=
-113,-183,AyfM45SE2FwPwjwgOGZ5okfpUJA=,sRhmYI6iJ8z0YpL2X65ELXlTmD0=
-114,-183,AyfM45SE2FwPwjwgOGZ5okfpUJA=,sRhmYI6iJ8z0YpL2X65ELXlTmD0=
-126,-182,AyfM45SE2FwPwjwgOGZ5okfpUJA=,sRhmYI6iJ8z0YpL2X65ELXlTmD0=
-115,-183,AyfM45SE2FwPwjwgOGZ5okfpUJA=,sRhmYI6iJ8z0YpL2X65ELXlTmD0=
-116,-183,AyfM45SE2FwPwjwgOGZ5okfpUJA=,sRhmYI6iJ8z0YpL2X65ELXlTmD0=
-117,-183,AyfM45SE2FwPwjwgOGZ5okfpUJA=,sRhmYI6iJ8z0YpL2X65ELXlTmD0=
-118,-183,AyfM45SE2FwPwjwgOGZ5okfpUJA=,sRhmYI6iJ8z0YpL2X65ELXlTmD0=
-119,-183,AyfM45SE2FwPwjwgOGZ5okfpUJA=,sRhmYI6iJ8z0YpL2X65ELXlTmD0=
-120,-183,AyfM45SE2FwPwjwgOGZ5okfpUJA=,sRhmYI6iJ8z0YpL2X65ELXlTmD0=
-121,-183,AyfM45SE2FwPwjwgOGZ5okfpUJA=,sRhmYI6iJ8z0YpL2X65ELXlTmD0=
-122,-183,AyfM45SE2FwPwjwgOGZ5okfpUJA=,sRhmYI6iJ8z0YpL2X65ELXlTmD0=
-124,-183,AyfM45SE2FwPwjwgOGZ5okfpUJA=,sRhmYI6iJ8z0YpL2X65ELXlTmD0=
-123,-183,AyfM45SE2FwPwjwgOGZ5okfpUJA=,sRhmYI6iJ8z0YpL2X65ELXlTmD0=
-127,-183,AyfM45SE2FwPwjwgOGZ5okfpUJA=,sRhmYI6iJ8z0YpL2X65ELXlTmD0=
-113,-184,AyfM45SE2FwPwjwgOGZ5okfpUJA=,sRhmYI6iJ8z0YpL2X65ELXlTmD0=
-114,-184,AyfM45SE2FwPwjwgOGZ5okfpUJA=,sRhmYI6iJ8z0YpL2X65ELXlTmD0=
-115,-184,AyfM45SE2FwPwjwgOGZ5okfpUJA=,sRhmYI6iJ8z0YpL2X65ELXlTmD0=
-116,-184,AyfM45SE2FwPwjwgOGZ5okfpUJA=,sRhmYI6iJ8z0YpL2X65ELXlTmD0=
-117,-184,AyfM45SE2FwPwjwgOGZ5okfpUJA=,sRhmYI6iJ8z0YpL2X65ELXlTmD0=
-118,-184,AyfM45SE2FwPwjwgOGZ5okfpUJA=,sRhmYI6iJ8z0YpL2X65ELXlTmD0=
-119,-184,AyfM45SE2FwPwjwgOGZ5okfpUJA=,sRhmYI6iJ8z0YpL2X65ELXlTmD0=
-120,-184,AyfM45SE2FwPwjwgOGZ5okfpUJA=,sRhmYI6iJ8z0YpL2X65ELXlTmD0=
-121,-184,AyfM45SE2FwPwjwgOGZ5okfpUJA=,sRhmYI6iJ8z0YpL2X65ELXlTmD0=
-122,-184,AyfM45SE2FwPwjwgOGZ5okfpUJA=,sRhmYI6iJ8z0YpL2X65ELXlTmD0=
-123,-184,AyfM45SE2FwPwjwgOGZ5okfpUJA=,sRhmYI6iJ8z0YpL2X65ELXlTmD0=
-113,-185,AyfM45SE2FwPwjwgOGZ5okfpUJA=,sRhmYI6iJ8z0YpL2X65ELXlTmD0=
-114,-185,AyfM45SE2FwPwjwgOGZ5okfpUJA=,sRhmYI6iJ8z0YpL2X65ELXlTmD0=
-115,-185,AyfM45SE2FwPwjwgOGZ5okfpUJA=,sRhmYI6iJ8z0YpL2X65ELXlTmD0=
-116,-185,AyfM45SE2FwPwjwgOGZ5okfpUJA=,sRhmYI6iJ8z0YpL2X65ELXlTmD0=
-117,-185,AyfM45SE2FwPwjwgOGZ5okfpUJA=,sRhmYI6iJ8z0YpL2X65ELXlTmD0=
-118,-185,AyfM45SE2FwPwjwgOGZ5okfpUJA=,sRhmYI6iJ8z0YpL2X65ELXlTmD0=
-119,-185,AyfM45SE2FwPwjwgOGZ5okfpUJA=,sRhmYI6iJ8z0YpL2X65ELXlTmD0=
-120,-185,AyfM45SE2FwPwjwgOGZ5okfpUJA=,sRhmYI6iJ8z0YpL2X65ELXlTmD0=
-121,-185,AyfM45SE2FwPwjwgOGZ5okfpUJA=,sRhmYI6iJ8z0YpL2X65ELXlTmD0=
-123,-185,AyfM45SE2FwPwjwgOGZ5okfpUJA=,sRhmYI6iJ8z0YpL2X65ELXlTmD0=
-113,-186,AyfM45SE2FwPwjwgOGZ5okfpUJA=,sRhmYI6iJ8z0YpL2X65ELXlTmD0=
-114,-186,AyfM45SE2FwPwjwgOGZ5okfpUJA=,sRhmYI6iJ8z0YpL2X65ELXlTmD0=
-115,-186,AyfM45SE2FwPwjwgOGZ5okfpUJA=,sRhmYI6iJ8z0YpL2X65ELXlTmD0=
-116,-186,AyfM45SE2FwPwjwgOGZ5okfpUJA=,sRhmYI6iJ8z0YpL2X65ELXlTmD0=
-117,-186,AyfM45SE2FwPwjwgOGZ5okfpUJA=,sRhmYI6iJ8z0YpL2X65ELXlTmD0=
-118,-186,AyfM45SE2FwPwjwgOGZ5okfpUJA=,sRhmYI6iJ8z0YpL2X65ELXlTmD0=
-119,-186,AyfM45SE2FwPwjwgOGZ5okfpUJA=,sRhmYI6iJ8z0YpL2X65ELXlTmD0=
-120,-186,AyfM45SE2FwPwjwgOGZ5okfpUJA=,sRhmYI6iJ8z0YpL2X65ELXlTmD0=
-121,-186,AyfM45SE2FwPwjwgOGZ5okfpUJA=,sRhmYI6iJ8z0YpL2X65ELXlTmD0=
-122,-186,AyfM45SE2FwPwjwgOGZ5okfpUJA=,sRhmYI6iJ8z0YpL2X65ELXlTmD0=
-123,-186,AyfM45SE2FwPwjwgOGZ5okfpUJA=,sRhmYI6iJ8z0YpL2X65ELXlTmD0=
-113,-187,AyfM45SE2FwPwjwgOGZ5okfpUJA=,sRhmYI6iJ8z0YpL2X65ELXlTmD0=
-114,-187,AyfM45SE2FwPwjwgOGZ5okfpUJA=,sRhmYI6iJ8z0YpL2X65ELXlTmD0=
-115,-187,AyfM45SE2FwPwjwgOGZ5okfpUJA=,sRhmYI6iJ8z0YpL2X65ELXlTmD0=
-116,-187,AyfM45SE2FwPwjwgOGZ5okfpUJA=,sRhmYI6iJ8z0YpL2X65ELXlTmD0=
-117,-187,AyfM45SE2FwPwjwgOGZ5okfpUJA=,sRhmYI6iJ8z0YpL2X65ELXlTmD0=
-118,-187,AyfM45SE2FwPwjwgOGZ5okfpUJA=,sRhmYI6iJ8z0YpL2X65ELXlTmD0=
-119,-187,AyfM45SE2FwPwjwgOGZ5okfpUJA=,sRhmYI6iJ8z0YpL2X65ELXlTmD0=
-120,-187,AyfM45SE2FwPwjwgOGZ5okfpUJA=,sRhmYI6iJ8z0YpL2X65ELXlTmD0=
-121,-187,AyfM45SE2FwPwjwgOGZ5okfpUJA=,sRhmYI6iJ8z0YpL2X65ELXlTmD0=
-122,-187,AyfM45SE2FwPwjwgOGZ5okfpUJA=,sRhmYI6iJ8z0YpL2X65ELXlTmD0=
-113,-188,AyfM45SE2FwPwjwgOGZ5okfpUJA=,sRhmYI6iJ8z0YpL2X65ELXlTmD0=
-114,-188,AyfM45SE2FwPwjwgOGZ5okfpUJA=,sRhmYI6iJ8z0YpL2X65ELXlTmD0=
-115,-188,AyfM45SE2FwPwjwgOGZ5okfpUJA=,sRhmYI6iJ8z0YpL2X65ELXlTmD0=
-116,-188,AyfM45SE2FwPwjwgOGZ5okfpUJA=,sRhmYI6iJ8z0YpL2X65ELXlTmD0=
-117,-188,AyfM45SE2FwPwjwgOGZ5okfpUJA=,sRhmYI6iJ8z0YpL2X65ELXlTmD0=
-118,-188,AyfM45SE2FwPwjwgOGZ5okfpUJA=,sRhmYI6iJ8z0YpL2X65ELXlTmD0=
-119,-188,AyfM45SE2FwPwjwgOGZ5okfpUJA=,sRhmYI6iJ8z0YpL2X65ELXlTmD0=
-120,-188,AyfM45SE2FwPwjwgOGZ5okfpUJA=,sRhmYI6iJ8z0YpL2X65ELXlTmD0=
-121,-188,AyfM45SE2FwPwjwgOGZ5okfpUJA=,sRhmYI6iJ8z0YpL2X65ELXlTmD0=
-122,-188,AyfM45SE2FwPwjwgOGZ5okfpUJA=,sRhmYI6iJ8z0YpL2X65ELXlTmD0=
-123,-188,AyfM45SE2FwPwjwgOGZ5okfpUJA=,sRhmYI6iJ8z0YpL2X65ELXlTmD0=
-113,-189,AyfM45SE2FwPwjwgOGZ5okfpUJA=,sRhmYI6iJ8z0YpL2X65ELXlTmD0=
-114,-189,AyfM45SE2FwPwjwgOGZ5okfpUJA=,sRhmYI6iJ8z0YpL2X65ELXlTmD0=
-115,-189,AyfM45SE2FwPwjwgOGZ5okfpUJA=,sRhmYI6iJ8z0YpL2X65ELXlTmD0=
-116,-189,AyfM45SE2FwPwjwgOGZ5okfpUJA=,sRhmYI6iJ8z0YpL2X65ELXlTmD0=
-117,-189,AyfM45SE2FwPwjwgOGZ5okfpUJA=,sRhmYI6iJ8z0YpL2X65ELXlTmD0=
-118,-189,AyfM45SE2FwPwjwgOGZ5okfpUJA=,sRhmYI6iJ8z0YpL2X65ELXlTmD0=
-119,-189,AyfM45SE2FwPwjwgOGZ5okfpUJA=,sRhmYI6iJ8z0YpL2X65ELXlTmD0=
-120,-189,AyfM45SE2FwPwjwgOGZ5okfpUJA=,sRhmYI6iJ8z0YpL2X65ELXlTmD0=
-121,-189,AyfM45SE2FwPwjwgOGZ5okfpUJA=,sRhmYI6iJ8z0YpL2X65ELXlTmD0=
-122,-189,AyfM45SE2FwPwjwgOGZ5okfpUJA=,sRhmYI6iJ8z0YpL2X65ELXlTmD0=
-127,-189,AyfM45SE2FwPwjwgOGZ5okfpUJA=,sRhmYI6iJ8z0YpL2X65ELXlTmD0=
-113,-190,AyfM45SE2FwPwjwgOGZ5okfpUJA=,sRhmYI6iJ8z0YpL2X65ELXlTmD0=
-114,-190,AyfM45SE2FwPwjwgOGZ5okfpUJA=,sRhmYI6iJ8z0YpL2X65ELXlTmD0=
-115,-190,AyfM45SE2FwPwjwgOGZ5okfpUJA=,sRhmYI6iJ8z0YpL2X65ELXlTmD0=
-116,-190,AyfM45SE2FwPwjwgOGZ5okfpUJA=,sRhmYI6iJ8z0YpL2X65ELXlTmD0=
-117,-190,AyfM45SE2FwPwjwgOGZ5okfpUJA=,sRhmYI6iJ8z0YpL2X65ELXlTmD0=
-118,-190,AyfM45SE2FwPwjwgOGZ5okfpUJA=,sRhmYI6iJ8z0YpL2X65ELXlTmD0=
-119,-190,AyfM45SE2FwPwjwgOGZ5okfpUJA=,sRhmYI6iJ8z0YpL2X65ELXlTmD0=
-120,-190,AyfM45SE2FwPwjwgOGZ5okfpUJA=,sRhmYI6iJ8z0YpL2X65ELXlTmD0=
-127,-190,AyfM45SE2FwPwjwgOGZ5okfpUJA=,sRhmYI6iJ8z0YpL2X65ELXlTmD0=
-113,-191,AyfM45SE2FwPwjwgOGZ5okfpUJA=,sRhmYI6iJ8z0YpL2X65ELXlTmD0=
-114,-191,AyfM45SE2FwPwjwgOGZ5okfpUJA=,sRhmYI6iJ8z0YpL2X65ELXlTmD0=
-115,-191,AyfM45SE2FwPwjwgOGZ5okfpUJA=,sRhmYI6iJ8z0YpL2X65ELXlTmD0=
-116,-191,AyfM45SE2FwPwjwgOGZ5okfpUJA=,sRhmYI6iJ8z0YpL2X65ELXlTmD0=
-117,-191,AyfM45SE2FwPwjwgOGZ5okfpUJA=,sRhmYI6iJ8z0YpL2X65ELXlTmD0=
-118,-191,AyfM45SE2FwPwjwgOGZ5okfpUJA=,sRhmYI6iJ8z0YpL2X65ELXlTmD0=
-119,-191,AyfM45SE2FwPwjwgOGZ5okfpUJA=,sRhmYI6iJ8z0YpL2X65ELXlTmD0=
-120,-191,AyfM45SE2FwPwjwgOGZ5okfpUJA=,sRhmYI6iJ8z0YpL2X65ELXlTmD0=
-128,-190,AyfM45SE2FwPwjwgOGZ5okfpUJA=,sRhmYI6iJ8z0YpL2X65ELXlTmD0=
-128,-189,AyfM45SE2FwPwjwgOGZ5okfpUJA=,sRhmYI6iJ8z0YpL2X65ELXlTmD0=
-128,-192,AyfM45SE2FwPwjwgOGZ5okfpUJA=,sRhmYI6iJ8z0YpL2X65ELXlTmD0=
-128,-178,AyfM45SE2FwPwjwgOGZ5okfpUJA=,sRhmYI6iJ8z0YpL2X65ELXlTmD0=
-128,-179,AyfM45SE2FwPwjwgOGZ5okfpUJA=,sRhmYI6iJ8z0YpL2X65ELXlTmD0=
-128,-191,AyfM45SE2FwPwjwgOGZ5okfpUJA=,sRhmYI6iJ8z0YpL2X65ELXlTmD0=
-128,-180,AyfM45SE2FwPwjwgOGZ5okfpUJA=,sRhmYI6iJ8z0YpL2X65ELXlTmD0=
-128,-177,AyfM45SE2FwPwjwgOGZ5okfpUJA=,sRhmYI6iJ8z0YpL2X65ELXlTmD0=
-128,-181,AyfM45SE2FwPwjwgOGZ5okfpUJA=,sRhmYI6iJ8z0YpL2X65ELXlTmD0=
-128,-183,AyfM45SE2FwPwjwgOGZ5okfpUJA=,sRhmYI6iJ8z0YpL2X65ELXlTmD0=
-128,-187,AyfM45SE2FwPwjwgOGZ5okfpUJA=,sRhmYI6iJ8z0YpL2X65ELXlTmD0=
-122,-192,AyfM45SE2FwPwjwgOGZ5okfpUJA=,sRhmYI6iJ8z0YpL2X65ELXlTmD0=
-123,-191,AyfM45SE2FwPwjwgOGZ5okfpUJA=,sRhmYI6iJ8z0YpL2X65ELXlTmD0=
-128,-188,AyfM45SE2FwPwjwgOGZ5okfpUJA=,sRhmYI6iJ8z0YpL2X65ELXlTmD0=
-121,-192,AyfM45SE2FwPwjwgOGZ5okfpUJA=,sRhmYI6iJ8z0YpL2X65ELXlTmD0=
-125,-183,AyfM45SE2FwPwjwgOGZ5okfpUJA=,sRhmYI6iJ8z0YpL2X65ELXlTmD0=
-122,-191,AyfM45SE2FwPwjwgOGZ5okfpUJA=,sRhmYI6iJ8z0YpL2X65ELXlTmD0=
-126,-183,AyfM45SE2FwPwjwgOGZ5okfpUJA=,sRhmYI6iJ8z0YpL2X65ELXlTmD0=
-124,-184,AyfM45SE2FwPwjwgOGZ5okfpUJA=,sRhmYI6iJ8z0YpL2X65ELXlTmD0=
-125,-184,AyfM45SE2FwPwjwgOGZ5okfpUJA=,sRhmYI6iJ8z0YpL2X65ELXlTmD0=
-126,-184,AyfM45SE2FwPwjwgOGZ5okfpUJA=,sRhmYI6iJ8z0YpL2X65ELXlTmD0=
-120,-192,AyfM45SE2FwPwjwgOGZ5okfpUJA=,sRhmYI6iJ8z0YpL2X65ELXlTmD0=
-128,-184,AyfM45SE2FwPwjwgOGZ5okfpUJA=,sRhmYI6iJ8z0YpL2X65ELXlTmD0=
-127,-182,AyfM45SE2FwPwjwgOGZ5okfpUJA=,sRhmYI6iJ8z0YpL2X65ELXlTmD0=
-121,-191,AyfM45SE2FwPwjwgOGZ5okfpUJA=,sRhmYI6iJ8z0YpL2X65ELXlTmD0=
-128,-186,AyfM45SE2FwPwjwgOGZ5okfpUJA=,sRhmYI6iJ8z0YpL2X65ELXlTmD0=
-127,-184,AyfM45SE2FwPwjwgOGZ5okfpUJA=,sRhmYI6iJ8z0YpL2X65ELXlTmD0=
-124,-185,AyfM45SE2FwPwjwgOGZ5okfpUJA=,sRhmYI6iJ8z0YpL2X65ELXlTmD0=
-125,-185,AyfM45SE2FwPwjwgOGZ5okfpUJA=,sRhmYI6iJ8z0YpL2X65ELXlTmD0=
-128,-185,AyfM45SE2FwPwjwgOGZ5okfpUJA=,sRhmYI6iJ8z0YpL2X65ELXlTmD0=
-126,-185,AyfM45SE2FwPwjwgOGZ5okfpUJA=,sRhmYI6iJ8z0YpL2X65ELXlTmD0=
-122,-185,AyfM45SE2FwPwjwgOGZ5okfpUJA=,sRhmYI6iJ8z0YpL2X65ELXlTmD0=
-126,-190,AyfM45SE2FwPwjwgOGZ5okfpUJA=,sRhmYI6iJ8z0YpL2X65ELXlTmD0=
-124,-186,AyfM45SE2FwPwjwgOGZ5okfpUJA=,sRhmYI6iJ8z0YpL2X65ELXlTmD0=
-125,-190,AyfM45SE2FwPwjwgOGZ5okfpUJA=,sRhmYI6iJ8z0YpL2X65ELXlTmD0=
-123,-187,AyfM45SE2FwPwjwgOGZ5okfpUJA=,sRhmYI6iJ8z0YpL2X65ELXlTmD0=
-124,-187,AyfM45SE2FwPwjwgOGZ5okfpUJA=,sRhmYI6iJ8z0YpL2X65ELXlTmD0=
-124,-190,AyfM45SE2FwPwjwgOGZ5okfpUJA=,sRhmYI6iJ8z0YpL2X65ELXlTmD0=
-123,-190,AyfM45SE2FwPwjwgOGZ5okfpUJA=,sRhmYI6iJ8z0YpL2X65ELXlTmD0=
-128,-182,AyfM45SE2FwPwjwgOGZ5okfpUJA=,sRhmYI6iJ8z0YpL2X65ELXlTmD0=
-122,-190,AyfM45SE2FwPwjwgOGZ5okfpUJA=,sRhmYI6iJ8z0YpL2X65ELXlTmD0=
-126,-186,AyfM45SE2FwPwjwgOGZ5okfpUJA=,sRhmYI6iJ8z0YpL2X65ELXlTmD0=
-125,-187,AyfM45SE2FwPwjwgOGZ5okfpUJA=,sRhmYI6iJ8z0YpL2X65ELXlTmD0=
-127,-186,AyfM45SE2FwPwjwgOGZ5okfpUJA=,sRhmYI6iJ8z0YpL2X65ELXlTmD0=
-124,-188,AyfM45SE2FwPwjwgOGZ5okfpUJA=,sRhmYI6iJ8z0YpL2X65ELXlTmD0=
-127,-185,AyfM45SE2FwPwjwgOGZ5okfpUJA=,sRhmYI6iJ8z0YpL2X65ELXlTmD0=
-121,-190,AyfM45SE2FwPwjwgOGZ5okfpUJA=,sRhmYI6iJ8z0YpL2X65ELXlTmD0=
-123,-189,AyfM45SE2FwPwjwgOGZ5okfpUJA=,sRhmYI6iJ8z0YpL2X65ELXlTmD0=
-124,-189,AyfM45SE2FwPwjwgOGZ5okfpUJA=,sRhmYI6iJ8z0YpL2X65ELXlTmD0=
-127,-187,AyfM45SE2FwPwjwgOGZ5okfpUJA=,sRhmYI6iJ8z0YpL2X65ELXlTmD0=
-126,-187,AyfM45SE2FwPwjwgOGZ5okfpUJA=,sRhmYI6iJ8z0YpL2X65ELXlTmD0=
-127,-188,AyfM45SE2FwPwjwgOGZ5okfpUJA=,sRhmYI6iJ8z0YpL2X65ELXlTmD0=
-125,-188,AyfM45SE2FwPwjwgOGZ5okfpUJA=,sRhmYI6iJ8z0YpL2X65ELXlTmD0=
-126,-189,AyfM45SE2FwPwjwgOGZ5okfpUJA=,sRhmYI6iJ8z0YpL2X65ELXlTmD0=
-125,-189,AyfM45SE2FwPwjwgOGZ5okfpUJA=,sRhmYI6iJ8z0YpL2X65ELXlTmD0=
-125,-186,AyfM45SE2FwPwjwgOGZ5okfpUJA=,sRhmYI6iJ8z0YpL2X65ELXlTmD0=
-126,-188,AyfM45SE2FwPwjwgOGZ5okfpUJA=,sRhmYI6iJ8z0YpL2X65ELXlTmD0=
-108,-190,AyfM45SE2FwPwjwgOGZ5okfpUJA=,sRhmYI6iJ8z0YpL2X65ELXlTmD0=
-107,-190,AyfM45SE2FwPwjwgOGZ5okfpUJA=,sRhmYI6iJ8z0YpL2X65ELXlTmD0=
-109,-190,AyfM45SE2FwPwjwgOGZ5okfpUJA=,sRhmYI6iJ8z0YpL2X65ELXlTmD0=
-110,-191,AyfM45SE2FwPwjwgOGZ5okfpUJA=,sRhmYI6iJ8z0YpL2X65ELXlTmD0=
-110,-190,AyfM45SE2FwPwjwgOGZ5okfpUJA=,sRhmYI6iJ8z0YpL2X65ELXlTmD0=
-112,-191,AyfM45SE2FwPwjwgOGZ5okfpUJA=,sRhmYI6iJ8z0YpL2X65ELXlTmD0=
-111,-191,AyfM45SE2FwPwjwgOGZ5okfpUJA=,sRhmYI6iJ8z0YpL2X65ELXlTmD0=
-112,-190,AyfM45SE2FwPwjwgOGZ5okfpUJA=,sRhmYI6iJ8z0YpL2X65ELXlTmD0=
-97,-191,AyfM45SE2FwPwjwgOGZ5okfpUJA=,sRhmYI6iJ8z0YpL2X65ELXlTmD0=
-111,-190,AyfM45SE2FwPwjwgOGZ5okfpUJA=,sRhmYI6iJ8z0YpL2X65ELXlTmD0=
-100,-191,AyfM45SE2FwPwjwgOGZ5okfpUJA=,sRhmYI6iJ8z0YpL2X65ELXlTmD0=
-98,-191,AyfM45SE2FwPwjwgOGZ5okfpUJA=,sRhmYI6iJ8z0YpL2X65ELXlTmD0=
-101,-191,AyfM45SE2FwPwjwgOGZ5okfpUJA=,sRhmYI6iJ8z0YpL2X65ELXlTmD0=
-99,-191,AyfM45SE2FwPwjwgOGZ5okfpUJA=,sRhmYI6iJ8z0YpL2X65ELXlTmD0=
-102,-191,AyfM45SE2FwPwjwgOGZ5okfpUJA=,sRhmYI6iJ8z0YpL2X65ELXlTmD0=
-103,-191,AyfM45SE2FwPwjwgOGZ5okfpUJA=,sRhmYI6iJ8z0YpL2X65ELXlTmD0=
-104,-191,AyfM45SE2FwPwjwgOGZ5okfpUJA=,sRhmYI6iJ8z0YpL2X65ELXlTmD0=
-105,-191,AyfM45SE2FwPwjwgOGZ5okfpUJA=,sRhmYI6iJ8z0YpL2X65ELXlTmD0=
-107,-191,AyfM45SE2FwPwjwgOGZ5okfpUJA=,sRhmYI6iJ8z0YpL2X65ELXlTmD0=
-106,-191,AyfM45SE2FwPwjwgOGZ5okfpUJA=,sRhmYI6iJ8z0YpL2X65ELXlTmD0=
-109,-191,AyfM45SE2FwPwjwgOGZ5okfpUJA=,sRhmYI6iJ8z0YpL2X65ELXlTmD0=
-108,-191,AyfM45SE2FwPwjwgOGZ5okfpUJA=,sRhmYI6iJ8z0YpL2X65ELXlTmD0=
-98,-177,AyfM45SE2FwPwjwgOGZ5okfpUJA=,sRhmYI6iJ8z0YpL2X65ELXlTmD0=
-97,-177,AyfM45SE2FwPwjwgOGZ5okfpUJA=,sRhmYI6iJ8z0YpL2X65ELXlTmD0=
-100,-177,AyfM45SE2FwPwjwgOGZ5okfpUJA=,sRhmYI6iJ8z0YpL2X65ELXlTmD0=
-99,-177,AyfM45SE2FwPwjwgOGZ5okfpUJA=,sRhmYI6iJ8z0YpL2X65ELXlTmD0=
-101,-177,AyfM45SE2FwPwjwgOGZ5okfpUJA=,sRhmYI6iJ8z0YpL2X65ELXlTmD0=
-102,-177,AyfM45SE2FwPwjwgOGZ5okfpUJA=,sRhmYI6iJ8z0YpL2X65ELXlTmD0=
-103,-177,AyfM45SE2FwPwjwgOGZ5okfpUJA=,sRhmYI6iJ8z0YpL2X65ELXlTmD0=
-105,-177,AyfM45SE2FwPwjwgOGZ5okfpUJA=,sRhmYI6iJ8z0YpL2X65ELXlTmD0=
-106,-177,AyfM45SE2FwPwjwgOGZ5okfpUJA=,sRhmYI6iJ8z0YpL2X65ELXlTmD0=
-107,-177,AyfM45SE2FwPwjwgOGZ5okfpUJA=,sRhmYI6iJ8z0YpL2X65ELXlTmD0=
-104,-177,AyfM45SE2FwPwjwgOGZ5okfpUJA=,sRhmYI6iJ8z0YpL2X65ELXlTmD0=
-109,-177,AyfM45SE2FwPwjwgOGZ5okfpUJA=,sRhmYI6iJ8z0YpL2X65ELXlTmD0=
-108,-177,AyfM45SE2FwPwjwgOGZ5okfpUJA=,sRhmYI6iJ8z0YpL2X65ELXlTmD0=
-110,-177,AyfM45SE2FwPwjwgOGZ5okfpUJA=,sRhmYI6iJ8z0YpL2X65ELXlTmD0=
-111,-177,AyfM45SE2FwPwjwgOGZ5okfpUJA=,sRhmYI6iJ8z0YpL2X65ELXlTmD0=
-97,-178,AyfM45SE2FwPwjwgOGZ5okfpUJA=,sRhmYI6iJ8z0YpL2X65ELXlTmD0=
-98,-178,AyfM45SE2FwPwjwgOGZ5okfpUJA=,sRhmYI6iJ8z0YpL2X65ELXlTmD0=
-99,-178,AyfM45SE2FwPwjwgOGZ5okfpUJA=,sRhmYI6iJ8z0YpL2X65ELXlTmD0=
-100,-178,AyfM45SE2FwPwjwgOGZ5okfpUJA=,sRhmYI6iJ8z0YpL2X65ELXlTmD0=
-101,-178,AyfM45SE2FwPwjwgOGZ5okfpUJA=,sRhmYI6iJ8z0YpL2X65ELXlTmD0=
-112,-177,AyfM45SE2FwPwjwgOGZ5okfpUJA=,sRhmYI6iJ8z0YpL2X65ELXlTmD0=
-105,-178,AyfM45SE2FwPwjwgOGZ5okfpUJA=,sRhmYI6iJ8z0YpL2X65ELXlTmD0=
-102,-178,AyfM45SE2FwPwjwgOGZ5okfpUJA=,sRhmYI6iJ8z0YpL2X65ELXlTmD0=
-103,-178,AyfM45SE2FwPwjwgOGZ5okfpUJA=,sRhmYI6iJ8z0YpL2X65ELXlTmD0=
-104,-178,AyfM45SE2FwPwjwgOGZ5okfpUJA=,sRhmYI6iJ8z0YpL2X65ELXlTmD0=
-107,-178,AyfM45SE2FwPwjwgOGZ5okfpUJA=,sRhmYI6iJ8z0YpL2X65ELXlTmD0=
-108,-178,AyfM45SE2FwPwjwgOGZ5okfpUJA=,sRhmYI6iJ8z0YpL2X65ELXlTmD0=
-106,-178,AyfM45SE2FwPwjwgOGZ5okfpUJA=,sRhmYI6iJ8z0YpL2X65ELXlTmD0=
-109,-178,AyfM45SE2FwPwjwgOGZ5okfpUJA=,sRhmYI6iJ8z0YpL2X65ELXlTmD0=
-110,-178,AyfM45SE2FwPwjwgOGZ5okfpUJA=,sRhmYI6iJ8z0YpL2X65ELXlTmD0=
-111,-178,AyfM45SE2FwPwjwgOGZ5okfpUJA=,sRhmYI6iJ8z0YpL2X65ELXlTmD0=
-112,-178,AyfM45SE2FwPwjwgOGZ5okfpUJA=,sRhmYI6iJ8z0YpL2X65ELXlTmD0=
-97,-179,AyfM45SE2FwPwjwgOGZ5okfpUJA=,sRhmYI6iJ8z0YpL2X65ELXlTmD0=
-98,-179,AyfM45SE2FwPwjwgOGZ5okfpUJA=,sRhmYI6iJ8z0YpL2X65ELXlTmD0=
-99,-179,AyfM45SE2FwPwjwgOGZ5okfpUJA=,sRhmYI6iJ8z0YpL2X65ELXlTmD0=
-100,-179,AyfM45SE2FwPwjwgOGZ5okfpUJA=,sRhmYI6iJ8z0YpL2X65ELXlTmD0=
-102,-179,AyfM45SE2FwPwjwgOGZ5okfpUJA=,sRhmYI6iJ8z0YpL2X65ELXlTmD0=
-103,-179,AyfM45SE2FwPwjwgOGZ5okfpUJA=,sRhmYI6iJ8z0YpL2X65ELXlTmD0=
-104,-179,AyfM45SE2FwPwjwgOGZ5okfpUJA=,sRhmYI6iJ8z0YpL2X65ELXlTmD0=
-105,-179,AyfM45SE2FwPwjwgOGZ5okfpUJA=,sRhmYI6iJ8z0YpL2X65ELXlTmD0=
-101,-179,AyfM45SE2FwPwjwgOGZ5okfpUJA=,sRhmYI6iJ8z0YpL2X65ELXlTmD0=
-106,-179,AyfM45SE2FwPwjwgOGZ5okfpUJA=,sRhmYI6iJ8z0YpL2X65ELXlTmD0=
-107,-179,AyfM45SE2FwPwjwgOGZ5okfpUJA=,sRhmYI6iJ8z0YpL2X65ELXlTmD0=
-109,-179,AyfM45SE2FwPwjwgOGZ5okfpUJA=,sRhmYI6iJ8z0YpL2X65ELXlTmD0=
-108,-179,AyfM45SE2FwPwjwgOGZ5okfpUJA=,sRhmYI6iJ8z0YpL2X65ELXlTmD0=
-112,-179,AyfM45SE2FwPwjwgOGZ5okfpUJA=,sRhmYI6iJ8z0YpL2X65ELXlTmD0=
-97,-180,AyfM45SE2FwPwjwgOGZ5okfpUJA=,sRhmYI6iJ8z0YpL2X65ELXlTmD0=
-111,-179,AyfM45SE2FwPwjwgOGZ5okfpUJA=,sRhmYI6iJ8z0YpL2X65ELXlTmD0=
-110,-179,AyfM45SE2FwPwjwgOGZ5okfpUJA=,sRhmYI6iJ8z0YpL2X65ELXlTmD0=
-99,-180,AyfM45SE2FwPwjwgOGZ5okfpUJA=,sRhmYI6iJ8z0YpL2X65ELXlTmD0=
-100,-180,AyfM45SE2FwPwjwgOGZ5okfpUJA=,sRhmYI6iJ8z0YpL2X65ELXlTmD0=
-101,-180,AyfM45SE2FwPwjwgOGZ5okfpUJA=,sRhmYI6iJ8z0YpL2X65ELXlTmD0=
-98,-180,AyfM45SE2FwPwjwgOGZ5okfpUJA=,sRhmYI6iJ8z0YpL2X65ELXlTmD0=
-103,-180,AyfM45SE2FwPwjwgOGZ5okfpUJA=,sRhmYI6iJ8z0YpL2X65ELXlTmD0=
-102,-180,AyfM45SE2FwPwjwgOGZ5okfpUJA=,sRhmYI6iJ8z0YpL2X65ELXlTmD0=
-105,-180,AyfM45SE2FwPwjwgOGZ5okfpUJA=,sRhmYI6iJ8z0YpL2X65ELXlTmD0=
-104,-180,AyfM45SE2FwPwjwgOGZ5okfpUJA=,sRhmYI6iJ8z0YpL2X65ELXlTmD0=
-106,-180,AyfM45SE2FwPwjwgOGZ5okfpUJA=,sRhmYI6iJ8z0YpL2X65ELXlTmD0=
-109,-180,AyfM45SE2FwPwjwgOGZ5okfpUJA=,sRhmYI6iJ8z0YpL2X65ELXlTmD0=
-107,-180,AyfM45SE2FwPwjwgOGZ5okfpUJA=,sRhmYI6iJ8z0YpL2X65ELXlTmD0=
-110,-180,AyfM45SE2FwPwjwgOGZ5okfpUJA=,sRhmYI6iJ8z0YpL2X65ELXlTmD0=
-111,-180,AyfM45SE2FwPwjwgOGZ5okfpUJA=,sRhmYI6iJ8z0YpL2X65ELXlTmD0=
-97,-181,AyfM45SE2FwPwjwgOGZ5okfpUJA=,sRhmYI6iJ8z0YpL2X65ELXlTmD0=
-112,-180,AyfM45SE2FwPwjwgOGZ5okfpUJA=,sRhmYI6iJ8z0YpL2X65ELXlTmD0=
-108,-180,AyfM45SE2FwPwjwgOGZ5okfpUJA=,sRhmYI6iJ8z0YpL2X65ELXlTmD0=
-99,-181,AyfM45SE2FwPwjwgOGZ5okfpUJA=,sRhmYI6iJ8z0YpL2X65ELXlTmD0=
-100,-181,AyfM45SE2FwPwjwgOGZ5okfpUJA=,sRhmYI6iJ8z0YpL2X65ELXlTmD0=
-98,-181,AyfM45SE2FwPwjwgOGZ5okfpUJA=,sRhmYI6iJ8z0YpL2X65ELXlTmD0=
-101,-181,AyfM45SE2FwPwjwgOGZ5okfpUJA=,sRhmYI6iJ8z0YpL2X65ELXlTmD0=
-102,-181,AyfM45SE2FwPwjwgOGZ5okfpUJA=,sRhmYI6iJ8z0YpL2X65ELXlTmD0=
-103,-181,AyfM45SE2FwPwjwgOGZ5okfpUJA=,sRhmYI6iJ8z0YpL2X65ELXlTmD0=
-104,-181,AyfM45SE2FwPwjwgOGZ5okfpUJA=,sRhmYI6iJ8z0YpL2X65ELXlTmD0=
-107,-181,AyfM45SE2FwPwjwgOGZ5okfpUJA=,sRhmYI6iJ8z0YpL2X65ELXlTmD0=
-108,-181,AyfM45SE2FwPwjwgOGZ5okfpUJA=,sRhmYI6iJ8z0YpL2X65ELXlTmD0=
-105,-181,AyfM45SE2FwPwjwgOGZ5okfpUJA=,sRhmYI6iJ8z0YpL2X65ELXlTmD0=
-110,-181,AyfM45SE2FwPwjwgOGZ5okfpUJA=,sRhmYI6iJ8z0YpL2X65ELXlTmD0=
-109,-181,AyfM45SE2FwPwjwgOGZ5okfpUJA=,sRhmYI6iJ8z0YpL2X65ELXlTmD0=
-106,-181,AyfM45SE2FwPwjwgOGZ5okfpUJA=,sRhmYI6iJ8z0YpL2X65ELXlTmD0=
-112,-181,AyfM45SE2FwPwjwgOGZ5okfpUJA=,sRhmYI6iJ8z0YpL2X65ELXlTmD0=
-111,-181,AyfM45SE2FwPwjwgOGZ5okfpUJA=,sRhmYI6iJ8z0YpL2X65ELXlTmD0=
-97,-182,AyfM45SE2FwPwjwgOGZ5okfpUJA=,sRhmYI6iJ8z0YpL2X65ELXlTmD0=
-98,-182,AyfM45SE2FwPwjwgOGZ5okfpUJA=,sRhmYI6iJ8z0YpL2X65ELXlTmD0=
-99,-182,AyfM45SE2FwPwjwgOGZ5okfpUJA=,sRhmYI6iJ8z0YpL2X65ELXlTmD0=
-100,-182,AyfM45SE2FwPwjwgOGZ5okfpUJA=,sRhmYI6iJ8z0YpL2X65ELXlTmD0=
-101,-182,AyfM45SE2FwPwjwgOGZ5okfpUJA=,sRhmYI6iJ8z0YpL2X65ELXlTmD0=
-102,-182,AyfM45SE2FwPwjwgOGZ5okfpUJA=,sRhmYI6iJ8z0YpL2X65ELXlTmD0=
-103,-182,AyfM45SE2FwPwjwgOGZ5okfpUJA=,sRhmYI6iJ8z0YpL2X65ELXlTmD0=
-104,-182,AyfM45SE2FwPwjwgOGZ5okfpUJA=,sRhmYI6iJ8z0YpL2X65ELXlTmD0=
-105,-182,AyfM45SE2FwPwjwgOGZ5okfpUJA=,sRhmYI6iJ8z0YpL2X65ELXlTmD0=
-106,-182,AyfM45SE2FwPwjwgOGZ5okfpUJA=,sRhmYI6iJ8z0YpL2X65ELXlTmD0=
-108,-182,AyfM45SE2FwPwjwgOGZ5okfpUJA=,sRhmYI6iJ8z0YpL2X65ELXlTmD0=
-109,-182,AyfM45SE2FwPwjwgOGZ5okfpUJA=,sRhmYI6iJ8z0YpL2X65ELXlTmD0=
-110,-182,AyfM45SE2FwPwjwgOGZ5okfpUJA=,sRhmYI6iJ8z0YpL2X65ELXlTmD0=
-111,-182,AyfM45SE2FwPwjwgOGZ5okfpUJA=,sRhmYI6iJ8z0YpL2X65ELXlTmD0=
-112,-182,AyfM45SE2FwPwjwgOGZ5okfpUJA=,sRhmYI6iJ8z0YpL2X65ELXlTmD0=
-107,-182,AyfM45SE2FwPwjwgOGZ5okfpUJA=,sRhmYI6iJ8z0YpL2X65ELXlTmD0=
-97,-183,AyfM45SE2FwPwjwgOGZ5okfpUJA=,sRhmYI6iJ8z0YpL2X65ELXlTmD0=
-98,-183,AyfM45SE2FwPwjwgOGZ5okfpUJA=,sRhmYI6iJ8z0YpL2X65ELXlTmD0=
-99,-183,AyfM45SE2FwPwjwgOGZ5okfpUJA=,sRhmYI6iJ8z0YpL2X65ELXlTmD0=
-101,-183,AyfM45SE2FwPwjwgOGZ5okfpUJA=,sRhmYI6iJ8z0YpL2X65ELXlTmD0=
-100,-183,AyfM45SE2FwPwjwgOGZ5okfpUJA=,sRhmYI6iJ8z0YpL2X65ELXlTmD0=
-102,-183,AyfM45SE2FwPwjwgOGZ5okfpUJA=,sRhmYI6iJ8z0YpL2X65ELXlTmD0=
-105,-183,AyfM45SE2FwPwjwgOGZ5okfpUJA=,sRhmYI6iJ8z0YpL2X65ELXlTmD0=
-103,-183,AyfM45SE2FwPwjwgOGZ5okfpUJA=,sRhmYI6iJ8z0YpL2X65ELXlTmD0=
-107,-183,AyfM45SE2FwPwjwgOGZ5okfpUJA=,sRhmYI6iJ8z0YpL2X65ELXlTmD0=
-108,-183,AyfM45SE2FwPwjwgOGZ5okfpUJA=,sRhmYI6iJ8z0YpL2X65ELXlTmD0=
-109,-183,AyfM45SE2FwPwjwgOGZ5okfpUJA=,sRhmYI6iJ8z0YpL2X65ELXlTmD0=
-110,-183,AyfM45SE2FwPwjwgOGZ5okfpUJA=,sRhmYI6iJ8z0YpL2X65ELXlTmD0=
-104,-183,AyfM45SE2FwPwjwgOGZ5okfpUJA=,sRhmYI6iJ8z0YpL2X65ELXlTmD0=
-106,-183,AyfM45SE2FwPwjwgOGZ5okfpUJA=,sRhmYI6iJ8z0YpL2X65ELXlTmD0=
-111,-183,AyfM45SE2FwPwjwgOGZ5okfpUJA=,sRhmYI6iJ8z0YpL2X65ELXlTmD0=
-112,-183,AyfM45SE2FwPwjwgOGZ5okfpUJA=,sRhmYI6iJ8z0YpL2X65ELXlTmD0=
-97,-184,AyfM45SE2FwPwjwgOGZ5okfpUJA=,sRhmYI6iJ8z0YpL2X65ELXlTmD0=
-98,-184,AyfM45SE2FwPwjwgOGZ5okfpUJA=,sRhmYI6iJ8z0YpL2X65ELXlTmD0=
-100,-184,AyfM45SE2FwPwjwgOGZ5okfpUJA=,sRhmYI6iJ8z0YpL2X65ELXlTmD0=
-101,-184,AyfM45SE2FwPwjwgOGZ5okfpUJA=,sRhmYI6iJ8z0YpL2X65ELXlTmD0=
-102,-184,AyfM45SE2FwPwjwgOGZ5okfpUJA=,sRhmYI6iJ8z0YpL2X65ELXlTmD0=
-103,-184,AyfM45SE2FwPwjwgOGZ5okfpUJA=,sRhmYI6iJ8z0YpL2X65ELXlTmD0=
-99,-184,AyfM45SE2FwPwjwgOGZ5okfpUJA=,sRhmYI6iJ8z0YpL2X65ELXlTmD0=
-104,-184,AyfM45SE2FwPwjwgOGZ5okfpUJA=,sRhmYI6iJ8z0YpL2X65ELXlTmD0=
-105,-184,AyfM45SE2FwPwjwgOGZ5okfpUJA=,sRhmYI6iJ8z0YpL2X65ELXlTmD0=
-107,-184,AyfM45SE2FwPwjwgOGZ5okfpUJA=,sRhmYI6iJ8z0YpL2X65ELXlTmD0=
-106,-184,AyfM45SE2FwPwjwgOGZ5okfpUJA=,sRhmYI6iJ8z0YpL2X65ELXlTmD0=
-109,-184,AyfM45SE2FwPwjwgOGZ5okfpUJA=,sRhmYI6iJ8z0YpL2X65ELXlTmD0=
-108,-184,AyfM45SE2FwPwjwgOGZ5okfpUJA=,sRhmYI6iJ8z0YpL2X65ELXlTmD0=
-111,-184,AyfM45SE2FwPwjwgOGZ5okfpUJA=,sRhmYI6iJ8z0YpL2X65ELXlTmD0=
-97,-185,AyfM45SE2FwPwjwgOGZ5okfpUJA=,sRhmYI6iJ8z0YpL2X65ELXlTmD0=
-110,-184,AyfM45SE2FwPwjwgOGZ5okfpUJA=,sRhmYI6iJ8z0YpL2X65ELXlTmD0=
-98,-185,AyfM45SE2FwPwjwgOGZ5okfpUJA=,sRhmYI6iJ8z0YpL2X65ELXlTmD0=
-99,-185,AyfM45SE2FwPwjwgOGZ5okfpUJA=,sRhmYI6iJ8z0YpL2X65ELXlTmD0=
-100,-185,AyfM45SE2FwPwjwgOGZ5okfpUJA=,sRhmYI6iJ8z0YpL2X65ELXlTmD0=
-112,-184,AyfM45SE2FwPwjwgOGZ5okfpUJA=,sRhmYI6iJ8z0YpL2X65ELXlTmD0=
-101,-185,AyfM45SE2FwPwjwgOGZ5okfpUJA=,sRhmYI6iJ8z0YpL2X65ELXlTmD0=
-102,-185,AyfM45SE2FwPwjwgOGZ5okfpUJA=,sRhmYI6iJ8z0YpL2X65ELXlTmD0=
-103,-185,AyfM45SE2FwPwjwgOGZ5okfpUJA=,sRhmYI6iJ8z0YpL2X65ELXlTmD0=
-104,-185,AyfM45SE2FwPwjwgOGZ5okfpUJA=,sRhmYI6iJ8z0YpL2X65ELXlTmD0=
-105,-185,AyfM45SE2FwPwjwgOGZ5okfpUJA=,sRhmYI6iJ8z0YpL2X65ELXlTmD0=
-106,-185,AyfM45SE2FwPwjwgOGZ5okfpUJA=,sRhmYI6iJ8z0YpL2X65ELXlTmD0=
-107,-185,AyfM45SE2FwPwjwgOGZ5okfpUJA=,sRhmYI6iJ8z0YpL2X65ELXlTmD0=
-108,-185,AyfM45SE2FwPwjwgOGZ5okfpUJA=,sRhmYI6iJ8z0YpL2X65ELXlTmD0=
-109,-185,AyfM45SE2FwPwjwgOGZ5okfpUJA=,sRhmYI6iJ8z0YpL2X65ELXlTmD0=
-110,-185,AyfM45SE2FwPwjwgOGZ5okfpUJA=,sRhmYI6iJ8z0YpL2X65ELXlTmD0=
-112,-185,AyfM45SE2FwPwjwgOGZ5okfpUJA=,sRhmYI6iJ8z0YpL2X65ELXlTmD0=
-97,-186,AyfM45SE2FwPwjwgOGZ5okfpUJA=,sRhmYI6iJ8z0YpL2X65ELXlTmD0=
-98,-186,AyfM45SE2FwPwjwgOGZ5okfpUJA=,sRhmYI6iJ8z0YpL2X65ELXlTmD0=
-99,-186,AyfM45SE2FwPwjwgOGZ5okfpUJA=,sRhmYI6iJ8z0YpL2X65ELXlTmD0=
-111,-185,AyfM45SE2FwPwjwgOGZ5okfpUJA=,sRhmYI6iJ8z0YpL2X65ELXlTmD0=
-100,-186,AyfM45SE2FwPwjwgOGZ5okfpUJA=,sRhmYI6iJ8z0YpL2X65ELXlTmD0=
-101,-186,AyfM45SE2FwPwjwgOGZ5okfpUJA=,sRhmYI6iJ8z0YpL2X65ELXlTmD0=
-104,-186,AyfM45SE2FwPwjwgOGZ5okfpUJA=,sRhmYI6iJ8z0YpL2X65ELXlTmD0=
-103,-186,AyfM45SE2FwPwjwgOGZ5okfpUJA=,sRhmYI6iJ8z0YpL2X65ELXlTmD0=
-102,-186,AyfM45SE2FwPwjwgOGZ5okfpUJA=,sRhmYI6iJ8z0YpL2X65ELXlTmD0=
-107,-186,AyfM45SE2FwPwjwgOGZ5okfpUJA=,sRhmYI6iJ8z0YpL2X65ELXlTmD0=
-106,-186,AyfM45SE2FwPwjwgOGZ5okfpUJA=,sRhmYI6iJ8z0YpL2X65ELXlTmD0=
-108,-186,AyfM45SE2FwPwjwgOGZ5okfpUJA=,sRhmYI6iJ8z0YpL2X65ELXlTmD0=
-105,-186,AyfM45SE2FwPwjwgOGZ5okfpUJA=,sRhmYI6iJ8z0YpL2X65ELXlTmD0=
-109,-186,AyfM45SE2FwPwjwgOGZ5okfpUJA=,sRhmYI6iJ8z0YpL2X65ELXlTmD0=
-111,-186,AyfM45SE2FwPwjwgOGZ5okfpUJA=,sRhmYI6iJ8z0YpL2X65ELXlTmD0=
-112,-186,AyfM45SE2FwPwjwgOGZ5okfpUJA=,sRhmYI6iJ8z0YpL2X65ELXlTmD0=
-98,-187,AyfM45SE2FwPwjwgOGZ5okfpUJA=,sRhmYI6iJ8z0YpL2X65ELXlTmD0=
-99,-187,AyfM45SE2FwPwjwgOGZ5okfpUJA=,sRhmYI6iJ8z0YpL2X65ELXlTmD0=
-97,-187,AyfM45SE2FwPwjwgOGZ5okfpUJA=,sRhmYI6iJ8z0YpL2X65ELXlTmD0=
-110,-186,AyfM45SE2FwPwjwgOGZ5okfpUJA=,sRhmYI6iJ8z0YpL2X65ELXlTmD0=
-100,-187,AyfM45SE2FwPwjwgOGZ5okfpUJA=,sRhmYI6iJ8z0YpL2X65ELXlTmD0=
-101,-187,AyfM45SE2FwPwjwgOGZ5okfpUJA=,sRhmYI6iJ8z0YpL2X65ELXlTmD0=
-102,-187,AyfM45SE2FwPwjwgOGZ5okfpUJA=,sRhmYI6iJ8z0YpL2X65ELXlTmD0=
-103,-187,AyfM45SE2FwPwjwgOGZ5okfpUJA=,sRhmYI6iJ8z0YpL2X65ELXlTmD0=
-104,-187,AyfM45SE2FwPwjwgOGZ5okfpUJA=,sRhmYI6iJ8z0YpL2X65ELXlTmD0=
-105,-187,AyfM45SE2FwPwjwgOGZ5okfpUJA=,sRhmYI6iJ8z0YpL2X65ELXlTmD0=
-107,-187,AyfM45SE2FwPwjwgOGZ5okfpUJA=,sRhmYI6iJ8z0YpL2X65ELXlTmD0=
-106,-187,AyfM45SE2FwPwjwgOGZ5okfpUJA=,sRhmYI6iJ8z0YpL2X65ELXlTmD0=
-109,-187,AyfM45SE2FwPwjwgOGZ5okfpUJA=,sRhmYI6iJ8z0YpL2X65ELXlTmD0=
-110,-187,AyfM45SE2FwPwjwgOGZ5okfpUJA=,sRhmYI6iJ8z0YpL2X65ELXlTmD0=
-111,-187,AyfM45SE2FwPwjwgOGZ5okfpUJA=,sRhmYI6iJ8z0YpL2X65ELXlTmD0=
-112,-187,AyfM45SE2FwPwjwgOGZ5okfpUJA=,sRhmYI6iJ8z0YpL2X65ELXlTmD0=
-108,-187,AyfM45SE2FwPwjwgOGZ5okfpUJA=,sRhmYI6iJ8z0YpL2X65ELXlTmD0=
-99,-188,AyfM45SE2FwPwjwgOGZ5okfpUJA=,sRhmYI6iJ8z0YpL2X65ELXlTmD0=
-97,-188,AyfM45SE2FwPwjwgOGZ5okfpUJA=,sRhmYI6iJ8z0YpL2X65ELXlTmD0=
-98,-188,AyfM45SE2FwPwjwgOGZ5okfpUJA=,sRhmYI6iJ8z0YpL2X65ELXlTmD0=
-100,-188,AyfM45SE2FwPwjwgOGZ5okfpUJA=,sRhmYI6iJ8z0YpL2X65ELXlTmD0=
-101,-188,AyfM45SE2FwPwjwgOGZ5okfpUJA=,sRhmYI6iJ8z0YpL2X65ELXlTmD0=
-102,-188,AyfM45SE2FwPwjwgOGZ5okfpUJA=,sRhmYI6iJ8z0YpL2X65ELXlTmD0=
-103,-188,AyfM45SE2FwPwjwgOGZ5okfpUJA=,sRhmYI6iJ8z0YpL2X65ELXlTmD0=
-104,-188,AyfM45SE2FwPwjwgOGZ5okfpUJA=,sRhmYI6iJ8z0YpL2X65ELXlTmD0=
-105,-188,AyfM45SE2FwPwjwgOGZ5okfpUJA=,sRhmYI6iJ8z0YpL2X65ELXlTmD0=
-106,-188,AyfM45SE2FwPwjwgOGZ5okfpUJA=,sRhmYI6iJ8z0YpL2X65ELXlTmD0=
-107,-188,AyfM45SE2FwPwjwgOGZ5okfpUJA=,sRhmYI6iJ8z0YpL2X65ELXlTmD0=
-109,-188,AyfM45SE2FwPwjwgOGZ5okfpUJA=,sRhmYI6iJ8z0YpL2X65ELXlTmD0=
-108,-188,AyfM45SE2FwPwjwgOGZ5okfpUJA=,sRhmYI6iJ8z0YpL2X65ELXlTmD0=
-110,-188,AyfM45SE2FwPwjwgOGZ5okfpUJA=,sRhmYI6iJ8z0YpL2X65ELXlTmD0=
-111,-188,AyfM45SE2FwPwjwgOGZ5okfpUJA=,sRhmYI6iJ8z0YpL2X65ELXlTmD0=
-112,-188,AyfM45SE2FwPwjwgOGZ5okfpUJA=,sRhmYI6iJ8z0YpL2X65ELXlTmD0=
-98,-189,AyfM45SE2FwPwjwgOGZ5okfpUJA=,sRhmYI6iJ8z0YpL2X65ELXlTmD0=
-99,-189,AyfM45SE2FwPwjwgOGZ5okfpUJA=,sRhmYI6iJ8z0YpL2X65ELXlTmD0=
-100,-189,AyfM45SE2FwPwjwgOGZ5okfpUJA=,sRhmYI6iJ8z0YpL2X65ELXlTmD0=
-97,-189,AyfM45SE2FwPwjwgOGZ5okfpUJA=,sRhmYI6iJ8z0YpL2X65ELXlTmD0=
-101,-189,AyfM45SE2FwPwjwgOGZ5okfpUJA=,sRhmYI6iJ8z0YpL2X65ELXlTmD0=
-102,-189,AyfM45SE2FwPwjwgOGZ5okfpUJA=,sRhmYI6iJ8z0YpL2X65ELXlTmD0=
-104,-189,AyfM45SE2FwPwjwgOGZ5okfpUJA=,sRhmYI6iJ8z0YpL2X65ELXlTmD0=
-105,-189,AyfM45SE2FwPwjwgOGZ5okfpUJA=,sRhmYI6iJ8z0YpL2X65ELXlTmD0=
-103,-189,AyfM45SE2FwPwjwgOGZ5okfpUJA=,sRhmYI6iJ8z0YpL2X65ELXlTmD0=
-106,-189,AyfM45SE2FwPwjwgOGZ5okfpUJA=,sRhmYI6iJ8z0YpL2X65ELXlTmD0=
-108,-189,AyfM45SE2FwPwjwgOGZ5okfpUJA=,sRhmYI6iJ8z0YpL2X65ELXlTmD0=
-109,-189,AyfM45SE2FwPwjwgOGZ5okfpUJA=,sRhmYI6iJ8z0YpL2X65ELXlTmD0=
-110,-189,AyfM45SE2FwPwjwgOGZ5okfpUJA=,sRhmYI6iJ8z0YpL2X65ELXlTmD0=
-111,-189,AyfM45SE2FwPwjwgOGZ5okfpUJA=,sRhmYI6iJ8z0YpL2X65ELXlTmD0=
-107,-189,AyfM45SE2FwPwjwgOGZ5okfpUJA=,sRhmYI6iJ8z0YpL2X65ELXlTmD0=
-98,-190,AyfM45SE2FwPwjwgOGZ5okfpUJA=,sRhmYI6iJ8z0YpL2X65ELXlTmD0=
-99,-190,AyfM45SE2FwPwjwgOGZ5okfpUJA=,sRhmYI6iJ8z0YpL2X65ELXlTmD0=
-112,-189,AyfM45SE2FwPwjwgOGZ5okfpUJA=,sRhmYI6iJ8z0YpL2X65ELXlTmD0=
-100,-190,AyfM45SE2FwPwjwgOGZ5okfpUJA=,sRhmYI6iJ8z0YpL2X65ELXlTmD0=
-101,-190,AyfM45SE2FwPwjwgOGZ5okfpUJA=,sRhmYI6iJ8z0YpL2X65ELXlTmD0=
-97,-190,AyfM45SE2FwPwjwgOGZ5okfpUJA=,sRhmYI6iJ8z0YpL2X65ELXlTmD0=
-103,-190,AyfM45SE2FwPwjwgOGZ5okfpUJA=,sRhmYI6iJ8z0YpL2X65ELXlTmD0=
-105,-190,AyfM45SE2FwPwjwgOGZ5okfpUJA=,sRhmYI6iJ8z0YpL2X65ELXlTmD0=
-102,-190,AyfM45SE2FwPwjwgOGZ5okfpUJA=,sRhmYI6iJ8z0YpL2X65ELXlTmD0=
-106,-190,AyfM45SE2FwPwjwgOGZ5okfpUJA=,sRhmYI6iJ8z0YpL2X65ELXlTmD0=
-111,-192,AyfM45SE2FwPwjwgOGZ5okfpUJA=,sRhmYI6iJ8z0YpL2X65ELXlTmD0=
-112,-192,AyfM45SE2FwPwjwgOGZ5okfpUJA=,sRhmYI6iJ8z0YpL2X65ELXlTmD0=
-97,-192,AyfM45SE2FwPwjwgOGZ5okfpUJA=,sRhmYI6iJ8z0YpL2X65ELXlTmD0=
-104,-190,AyfM45SE2FwPwjwgOGZ5okfpUJA=,sRhmYI6iJ8z0YpL2X65ELXlTmD0=
-110,-192,AyfM45SE2FwPwjwgOGZ5okfpUJA=,sRhmYI6iJ8z0YpL2X65ELXlTmD0=
-99,-192,AyfM45SE2FwPwjwgOGZ5okfpUJA=,sRhmYI6iJ8z0YpL2X65ELXlTmD0=
-109,-192,AyfM45SE2FwPwjwgOGZ5okfpUJA=,sRhmYI6iJ8z0YpL2X65ELXlTmD0=
-100,-192,AyfM45SE2FwPwjwgOGZ5okfpUJA=,sRhmYI6iJ8z0YpL2X65ELXlTmD0=
-101,-192,AyfM45SE2FwPwjwgOGZ5okfpUJA=,sRhmYI6iJ8z0YpL2X65ELXlTmD0=
-107,-192,AyfM45SE2FwPwjwgOGZ5okfpUJA=,sRhmYI6iJ8z0YpL2X65ELXlTmD0=
-102,-192,AyfM45SE2FwPwjwgOGZ5okfpUJA=,sRhmYI6iJ8z0YpL2X65ELXlTmD0=
-108,-192,AyfM45SE2FwPwjwgOGZ5okfpUJA=,sRhmYI6iJ8z0YpL2X65ELXlTmD0=
-104,-192,AyfM45SE2FwPwjwgOGZ5okfpUJA=,sRhmYI6iJ8z0YpL2X65ELXlTmD0=
-106,-192,AyfM45SE2FwPwjwgOGZ5okfpUJA=,sRhmYI6iJ8z0YpL2X65ELXlTmD0=
-98,-192,AyfM45SE2FwPwjwgOGZ5okfpUJA=,sRhmYI6iJ8z0YpL2X65ELXlTmD0=
-105,-192,AyfM45SE2FwPwjwgOGZ5okfpUJA=,sRhmYI6iJ8z0YpL2X65ELXlTmD0=
-103,-192,AyfM45SE2FwPwjwgOGZ5okfpUJA=,sRhmYI6iJ8z0YpL2X65ELXlTmD0=
-125,-175,AyfM45SE2FwPwjwgOGZ5okfpUJA=,sRhmYI6iJ8z0YpL2X65ELXlTmD0=
-127,-176,AyfM45SE2FwPwjwgOGZ5okfpUJA=,sRhmYI6iJ8z0YpL2X65ELXlTmD0=
-126,-175,AyfM45SE2FwPwjwgOGZ5okfpUJA=,sRhmYI6iJ8z0YpL2X65ELXlTmD0=
-127,-175,AyfM45SE2FwPwjwgOGZ5okfpUJA=,sRhmYI6iJ8z0YpL2X65ELXlTmD0=
-113,-161,AyfM45SE2FwPwjwgOGZ5okfpUJA=,sRhmYI6iJ8z0YpL2X65ELXlTmD0=
-114,-161,AyfM45SE2FwPwjwgOGZ5okfpUJA=,sRhmYI6iJ8z0YpL2X65ELXlTmD0=
-115,-161,AyfM45SE2FwPwjwgOGZ5okfpUJA=,sRhmYI6iJ8z0YpL2X65ELXlTmD0=
-116,-161,AyfM45SE2FwPwjwgOGZ5okfpUJA=,sRhmYI6iJ8z0YpL2X65ELXlTmD0=
-118,-161,AyfM45SE2FwPwjwgOGZ5okfpUJA=,sRhmYI6iJ8z0YpL2X65ELXlTmD0=
-117,-161,AyfM45SE2FwPwjwgOGZ5okfpUJA=,sRhmYI6iJ8z0YpL2X65ELXlTmD0=
-120,-161,AyfM45SE2FwPwjwgOGZ5okfpUJA=,sRhmYI6iJ8z0YpL2X65ELXlTmD0=
-119,-161,AyfM45SE2FwPwjwgOGZ5okfpUJA=,sRhmYI6iJ8z0YpL2X65ELXlTmD0=
-121,-161,AyfM45SE2FwPwjwgOGZ5okfpUJA=,sRhmYI6iJ8z0YpL2X65ELXlTmD0=
-123,-161,AyfM45SE2FwPwjwgOGZ5okfpUJA=,sRhmYI6iJ8z0YpL2X65ELXlTmD0=
-124,-161,AyfM45SE2FwPwjwgOGZ5okfpUJA=,sRhmYI6iJ8z0YpL2X65ELXlTmD0=
-122,-161,AyfM45SE2FwPwjwgOGZ5okfpUJA=,sRhmYI6iJ8z0YpL2X65ELXlTmD0=
-113,-162,AyfM45SE2FwPwjwgOGZ5okfpUJA=,sRhmYI6iJ8z0YpL2X65ELXlTmD0=
-125,-161,AyfM45SE2FwPwjwgOGZ5okfpUJA=,sRhmYI6iJ8z0YpL2X65ELXlTmD0=
-113,-176,AyfM45SE2FwPwjwgOGZ5okfpUJA=,sRhmYI6iJ8z0YpL2X65ELXlTmD0=
-114,-162,AyfM45SE2FwPwjwgOGZ5okfpUJA=,sRhmYI6iJ8z0YpL2X65ELXlTmD0=
-115,-162,AyfM45SE2FwPwjwgOGZ5okfpUJA=,sRhmYI6iJ8z0YpL2X65ELXlTmD0=
-117,-162,AyfM45SE2FwPwjwgOGZ5okfpUJA=,sRhmYI6iJ8z0YpL2X65ELXlTmD0=
-116,-162,AyfM45SE2FwPwjwgOGZ5okfpUJA=,sRhmYI6iJ8z0YpL2X65ELXlTmD0=
-119,-162,AyfM45SE2FwPwjwgOGZ5okfpUJA=,sRhmYI6iJ8z0YpL2X65ELXlTmD0=
-118,-162,AyfM45SE2FwPwjwgOGZ5okfpUJA=,sRhmYI6iJ8z0YpL2X65ELXlTmD0=
-121,-162,AyfM45SE2FwPwjwgOGZ5okfpUJA=,sRhmYI6iJ8z0YpL2X65ELXlTmD0=
-122,-162,AyfM45SE2FwPwjwgOGZ5okfpUJA=,sRhmYI6iJ8z0YpL2X65ELXlTmD0=
-120,-162,AyfM45SE2FwPwjwgOGZ5okfpUJA=,sRhmYI6iJ8z0YpL2X65ELXlTmD0=
-123,-162,AyfM45SE2FwPwjwgOGZ5okfpUJA=,sRhmYI6iJ8z0YpL2X65ELXlTmD0=
-124,-162,AyfM45SE2FwPwjwgOGZ5okfpUJA=,sRhmYI6iJ8z0YpL2X65ELXlTmD0=
-125,-162,AyfM45SE2FwPwjwgOGZ5okfpUJA=,sRhmYI6iJ8z0YpL2X65ELXlTmD0=
-114,-163,AyfM45SE2FwPwjwgOGZ5okfpUJA=,sRhmYI6iJ8z0YpL2X65ELXlTmD0=
-113,-163,AyfM45SE2FwPwjwgOGZ5okfpUJA=,sRhmYI6iJ8z0YpL2X65ELXlTmD0=
-115,-163,AyfM45SE2FwPwjwgOGZ5okfpUJA=,sRhmYI6iJ8z0YpL2X65ELXlTmD0=
-116,-163,AyfM45SE2FwPwjwgOGZ5okfpUJA=,sRhmYI6iJ8z0YpL2X65ELXlTmD0=
-117,-163,AyfM45SE2FwPwjwgOGZ5okfpUJA=,sRhmYI6iJ8z0YpL2X65ELXlTmD0=
-118,-163,AyfM45SE2FwPwjwgOGZ5okfpUJA=,sRhmYI6iJ8z0YpL2X65ELXlTmD0=
-120,-163,AyfM45SE2FwPwjwgOGZ5okfpUJA=,sRhmYI6iJ8z0YpL2X65ELXlTmD0=
-121,-163,AyfM45SE2FwPwjwgOGZ5okfpUJA=,sRhmYI6iJ8z0YpL2X65ELXlTmD0=
-119,-163,AyfM45SE2FwPwjwgOGZ5okfpUJA=,sRhmYI6iJ8z0YpL2X65ELXlTmD0=
-122,-163,AyfM45SE2FwPwjwgOGZ5okfpUJA=,sRhmYI6iJ8z0YpL2X65ELXlTmD0=
-123,-163,AyfM45SE2FwPwjwgOGZ5okfpUJA=,sRhmYI6iJ8z0YpL2X65ELXlTmD0=
-124,-163,AyfM45SE2FwPwjwgOGZ5okfpUJA=,sRhmYI6iJ8z0YpL2X65ELXlTmD0=
-125,-163,AyfM45SE2FwPwjwgOGZ5okfpUJA=,sRhmYI6iJ8z0YpL2X65ELXlTmD0=
-114,-176,AyfM45SE2FwPwjwgOGZ5okfpUJA=,sRhmYI6iJ8z0YpL2X65ELXlTmD0=
-127,-163,AyfM45SE2FwPwjwgOGZ5okfpUJA=,sRhmYI6iJ8z0YpL2X65ELXlTmD0=
-114,-164,AyfM45SE2FwPwjwgOGZ5okfpUJA=,sRhmYI6iJ8z0YpL2X65ELXlTmD0=
-113,-164,AyfM45SE2FwPwjwgOGZ5okfpUJA=,sRhmYI6iJ8z0YpL2X65ELXlTmD0=
-115,-164,AyfM45SE2FwPwjwgOGZ5okfpUJA=,sRhmYI6iJ8z0YpL2X65ELXlTmD0=
-116,-164,AyfM45SE2FwPwjwgOGZ5okfpUJA=,sRhmYI6iJ8z0YpL2X65ELXlTmD0=
-117,-164,AyfM45SE2FwPwjwgOGZ5okfpUJA=,sRhmYI6iJ8z0YpL2X65ELXlTmD0=
-118,-164,AyfM45SE2FwPwjwgOGZ5okfpUJA=,sRhmYI6iJ8z0YpL2X65ELXlTmD0=
-119,-164,AyfM45SE2FwPwjwgOGZ5okfpUJA=,sRhmYI6iJ8z0YpL2X65ELXlTmD0=
-120,-164,AyfM45SE2FwPwjwgOGZ5okfpUJA=,sRhmYI6iJ8z0YpL2X65ELXlTmD0=
-121,-164,AyfM45SE2FwPwjwgOGZ5okfpUJA=,sRhmYI6iJ8z0YpL2X65ELXlTmD0=
-122,-164,AyfM45SE2FwPwjwgOGZ5okfpUJA=,sRhmYI6iJ8z0YpL2X65ELXlTmD0=
-115,-176,AyfM45SE2FwPwjwgOGZ5okfpUJA=,sRhmYI6iJ8z0YpL2X65ELXlTmD0=
-123,-164,AyfM45SE2FwPwjwgOGZ5okfpUJA=,sRhmYI6iJ8z0YpL2X65ELXlTmD0=
-125,-164,AyfM45SE2FwPwjwgOGZ5okfpUJA=,sRhmYI6iJ8z0YpL2X65ELXlTmD0=
-126,-164,AyfM45SE2FwPwjwgOGZ5okfpUJA=,sRhmYI6iJ8z0YpL2X65ELXlTmD0=
-124,-164,AyfM45SE2FwPwjwgOGZ5okfpUJA=,sRhmYI6iJ8z0YpL2X65ELXlTmD0=
-114,-165,AyfM45SE2FwPwjwgOGZ5okfpUJA=,sRhmYI6iJ8z0YpL2X65ELXlTmD0=
-115,-165,AyfM45SE2FwPwjwgOGZ5okfpUJA=,sRhmYI6iJ8z0YpL2X65ELXlTmD0=
-113,-165,AyfM45SE2FwPwjwgOGZ5okfpUJA=,sRhmYI6iJ8z0YpL2X65ELXlTmD0=
-117,-165,AyfM45SE2FwPwjwgOGZ5okfpUJA=,sRhmYI6iJ8z0YpL2X65ELXlTmD0=
-116,-165,AyfM45SE2FwPwjwgOGZ5okfpUJA=,sRhmYI6iJ8z0YpL2X65ELXlTmD0=
-118,-165,AyfM45SE2FwPwjwgOGZ5okfpUJA=,sRhmYI6iJ8z0YpL2X65ELXlTmD0=
-119,-165,AyfM45SE2FwPwjwgOGZ5okfpUJA=,sRhmYI6iJ8z0YpL2X65ELXlTmD0=
-120,-165,AyfM45SE2FwPwjwgOGZ5okfpUJA=,sRhmYI6iJ8z0YpL2X65ELXlTmD0=
-121,-165,AyfM45SE2FwPwjwgOGZ5okfpUJA=,sRhmYI6iJ8z0YpL2X65ELXlTmD0=
-116,-176,AyfM45SE2FwPwjwgOGZ5okfpUJA=,sRhmYI6iJ8z0YpL2X65ELXlTmD0=
-123,-165,AyfM45SE2FwPwjwgOGZ5okfpUJA=,sRhmYI6iJ8z0YpL2X65ELXlTmD0=
-125,-165,AyfM45SE2FwPwjwgOGZ5okfpUJA=,sRhmYI6iJ8z0YpL2X65ELXlTmD0=
-122,-165,AyfM45SE2FwPwjwgOGZ5okfpUJA=,sRhmYI6iJ8z0YpL2X65ELXlTmD0=
-113,-166,AyfM45SE2FwPwjwgOGZ5okfpUJA=,sRhmYI6iJ8z0YpL2X65ELXlTmD0=
-115,-166,AyfM45SE2FwPwjwgOGZ5okfpUJA=,sRhmYI6iJ8z0YpL2X65ELXlTmD0=
-114,-166,AyfM45SE2FwPwjwgOGZ5okfpUJA=,sRhmYI6iJ8z0YpL2X65ELXlTmD0=
-117,-166,AyfM45SE2FwPwjwgOGZ5okfpUJA=,sRhmYI6iJ8z0YpL2X65ELXlTmD0=
-118,-166,AyfM45SE2FwPwjwgOGZ5okfpUJA=,sRhmYI6iJ8z0YpL2X65ELXlTmD0=
-119,-166,AyfM45SE2FwPwjwgOGZ5okfpUJA=,sRhmYI6iJ8z0YpL2X65ELXlTmD0=
-120,-166,AyfM45SE2FwPwjwgOGZ5okfpUJA=,sRhmYI6iJ8z0YpL2X65ELXlTmD0=
-116,-166,AyfM45SE2FwPwjwgOGZ5okfpUJA=,sRhmYI6iJ8z0YpL2X65ELXlTmD0=
-121,-166,AyfM45SE2FwPwjwgOGZ5okfpUJA=,sRhmYI6iJ8z0YpL2X65ELXlTmD0=
-122,-166,AyfM45SE2FwPwjwgOGZ5okfpUJA=,sRhmYI6iJ8z0YpL2X65ELXlTmD0=
-123,-166,AyfM45SE2FwPwjwgOGZ5okfpUJA=,sRhmYI6iJ8z0YpL2X65ELXlTmD0=
-117,-176,AyfM45SE2FwPwjwgOGZ5okfpUJA=,sRhmYI6iJ8z0YpL2X65ELXlTmD0=
-124,-166,AyfM45SE2FwPwjwgOGZ5okfpUJA=,sRhmYI6iJ8z0YpL2X65ELXlTmD0=
-125,-166,AyfM45SE2FwPwjwgOGZ5okfpUJA=,sRhmYI6iJ8z0YpL2X65ELXlTmD0=
-126,-166,AyfM45SE2FwPwjwgOGZ5okfpUJA=,sRhmYI6iJ8z0YpL2X65ELXlTmD0=
-127,-166,AyfM45SE2FwPwjwgOGZ5okfpUJA=,sRhmYI6iJ8z0YpL2X65ELXlTmD0=
-113,-167,AyfM45SE2FwPwjwgOGZ5okfpUJA=,sRhmYI6iJ8z0YpL2X65ELXlTmD0=
-114,-167,AyfM45SE2FwPwjwgOGZ5okfpUJA=,sRhmYI6iJ8z0YpL2X65ELXlTmD0=
-116,-167,AyfM45SE2FwPwjwgOGZ5okfpUJA=,sRhmYI6iJ8z0YpL2X65ELXlTmD0=
-117,-167,AyfM45SE2FwPwjwgOGZ5okfpUJA=,sRhmYI6iJ8z0YpL2X65ELXlTmD0=
-118,-167,AyfM45SE2FwPwjwgOGZ5okfpUJA=,sRhmYI6iJ8z0YpL2X65ELXlTmD0=
-119,-167,AyfM45SE2FwPwjwgOGZ5okfpUJA=,sRhmYI6iJ8z0YpL2X65ELXlTmD0=
-118,-176,AyfM45SE2FwPwjwgOGZ5okfpUJA=,sRhmYI6iJ8z0YpL2X65ELXlTmD0=
-115,-167,AyfM45SE2FwPwjwgOGZ5okfpUJA=,sRhmYI6iJ8z0YpL2X65ELXlTmD0=
-120,-167,AyfM45SE2FwPwjwgOGZ5okfpUJA=,sRhmYI6iJ8z0YpL2X65ELXlTmD0=
-122,-167,AyfM45SE2FwPwjwgOGZ5okfpUJA=,sRhmYI6iJ8z0YpL2X65ELXlTmD0=
-121,-167,AyfM45SE2FwPwjwgOGZ5okfpUJA=,sRhmYI6iJ8z0YpL2X65ELXlTmD0=
-123,-167,AyfM45SE2FwPwjwgOGZ5okfpUJA=,sRhmYI6iJ8z0YpL2X65ELXlTmD0=
-124,-167,AyfM45SE2FwPwjwgOGZ5okfpUJA=,sRhmYI6iJ8z0YpL2X65ELXlTmD0=
-125,-167,AyfM45SE2FwPwjwgOGZ5okfpUJA=,sRhmYI6iJ8z0YpL2X65ELXlTmD0=
-126,-167,AyfM45SE2FwPwjwgOGZ5okfpUJA=,sRhmYI6iJ8z0YpL2X65ELXlTmD0=
-127,-167,AyfM45SE2FwPwjwgOGZ5okfpUJA=,sRhmYI6iJ8z0YpL2X65ELXlTmD0=
-113,-168,AyfM45SE2FwPwjwgOGZ5okfpUJA=,sRhmYI6iJ8z0YpL2X65ELXlTmD0=
-114,-168,AyfM45SE2FwPwjwgOGZ5okfpUJA=,sRhmYI6iJ8z0YpL2X65ELXlTmD0=
-115,-168,AyfM45SE2FwPwjwgOGZ5okfpUJA=,sRhmYI6iJ8z0YpL2X65ELXlTmD0=
-117,-168,AyfM45SE2FwPwjwgOGZ5okfpUJA=,sRhmYI6iJ8z0YpL2X65ELXlTmD0=
-118,-168,AyfM45SE2FwPwjwgOGZ5okfpUJA=,sRhmYI6iJ8z0YpL2X65ELXlTmD0=
-116,-168,AyfM45SE2FwPwjwgOGZ5okfpUJA=,sRhmYI6iJ8z0YpL2X65ELXlTmD0=
-119,-176,AyfM45SE2FwPwjwgOGZ5okfpUJA=,sRhmYI6iJ8z0YpL2X65ELXlTmD0=
-120,-168,AyfM45SE2FwPwjwgOGZ5okfpUJA=,sRhmYI6iJ8z0YpL2X65ELXlTmD0=
-119,-168,AyfM45SE2FwPwjwgOGZ5okfpUJA=,sRhmYI6iJ8z0YpL2X65ELXlTmD0=
-121,-168,AyfM45SE2FwPwjwgOGZ5okfpUJA=,sRhmYI6iJ8z0YpL2X65ELXlTmD0=
-122,-168,AyfM45SE2FwPwjwgOGZ5okfpUJA=,sRhmYI6iJ8z0YpL2X65ELXlTmD0=
-123,-168,AyfM45SE2FwPwjwgOGZ5okfpUJA=,sRhmYI6iJ8z0YpL2X65ELXlTmD0=
-124,-168,AyfM45SE2FwPwjwgOGZ5okfpUJA=,sRhmYI6iJ8z0YpL2X65ELXlTmD0=
-125,-168,AyfM45SE2FwPwjwgOGZ5okfpUJA=,sRhmYI6iJ8z0YpL2X65ELXlTmD0=
-127,-168,AyfM45SE2FwPwjwgOGZ5okfpUJA=,sRhmYI6iJ8z0YpL2X65ELXlTmD0=
-126,-168,AyfM45SE2FwPwjwgOGZ5okfpUJA=,sRhmYI6iJ8z0YpL2X65ELXlTmD0=
-113,-169,AyfM45SE2FwPwjwgOGZ5okfpUJA=,sRhmYI6iJ8z0YpL2X65ELXlTmD0=
-114,-169,AyfM45SE2FwPwjwgOGZ5okfpUJA=,sRhmYI6iJ8z0YpL2X65ELXlTmD0=
-115,-169,AyfM45SE2FwPwjwgOGZ5okfpUJA=,sRhmYI6iJ8z0YpL2X65ELXlTmD0=
-116,-169,AyfM45SE2FwPwjwgOGZ5okfpUJA=,sRhmYI6iJ8z0YpL2X65ELXlTmD0=
-120,-176,AyfM45SE2FwPwjwgOGZ5okfpUJA=,sRhmYI6iJ8z0YpL2X65ELXlTmD0=
-117,-169,AyfM45SE2FwPwjwgOGZ5okfpUJA=,sRhmYI6iJ8z0YpL2X65ELXlTmD0=
-119,-169,AyfM45SE2FwPwjwgOGZ5okfpUJA=,sRhmYI6iJ8z0YpL2X65ELXlTmD0=
-118,-169,AyfM45SE2FwPwjwgOGZ5okfpUJA=,sRhmYI6iJ8z0YpL2X65ELXlTmD0=
-120,-169,AyfM45SE2FwPwjwgOGZ5okfpUJA=,sRhmYI6iJ8z0YpL2X65ELXlTmD0=
-121,-169,AyfM45SE2FwPwjwgOGZ5okfpUJA=,sRhmYI6iJ8z0YpL2X65ELXlTmD0=
-122,-169,AyfM45SE2FwPwjwgOGZ5okfpUJA=,sRhmYI6iJ8z0YpL2X65ELXlTmD0=
-123,-169,AyfM45SE2FwPwjwgOGZ5okfpUJA=,sRhmYI6iJ8z0YpL2X65ELXlTmD0=
-124,-169,AyfM45SE2FwPwjwgOGZ5okfpUJA=,sRhmYI6iJ8z0YpL2X65ELXlTmD0=
-125,-169,AyfM45SE2FwPwjwgOGZ5okfpUJA=,sRhmYI6iJ8z0YpL2X65ELXlTmD0=
-126,-169,AyfM45SE2FwPwjwgOGZ5okfpUJA=,sRhmYI6iJ8z0YpL2X65ELXlTmD0=
-127,-169,AyfM45SE2FwPwjwgOGZ5okfpUJA=,sRhmYI6iJ8z0YpL2X65ELXlTmD0=
-113,-170,AyfM45SE2FwPwjwgOGZ5okfpUJA=,sRhmYI6iJ8z0YpL2X65ELXlTmD0=
-114,-170,AyfM45SE2FwPwjwgOGZ5okfpUJA=,sRhmYI6iJ8z0YpL2X65ELXlTmD0=
-115,-170,AyfM45SE2FwPwjwgOGZ5okfpUJA=,sRhmYI6iJ8z0YpL2X65ELXlTmD0=
-116,-170,AyfM45SE2FwPwjwgOGZ5okfpUJA=,sRhmYI6iJ8z0YpL2X65ELXlTmD0=
-121,-176,AyfM45SE2FwPwjwgOGZ5okfpUJA=,sRhmYI6iJ8z0YpL2X65ELXlTmD0=
-117,-170,AyfM45SE2FwPwjwgOGZ5okfpUJA=,sRhmYI6iJ8z0YpL2X65ELXlTmD0=
-118,-170,AyfM45SE2FwPwjwgOGZ5okfpUJA=,sRhmYI6iJ8z0YpL2X65ELXlTmD0=
-120,-170,AyfM45SE2FwPwjwgOGZ5okfpUJA=,sRhmYI6iJ8z0YpL2X65ELXlTmD0=
-119,-170,AyfM45SE2FwPwjwgOGZ5okfpUJA=,sRhmYI6iJ8z0YpL2X65ELXlTmD0=
-121,-170,AyfM45SE2FwPwjwgOGZ5okfpUJA=,sRhmYI6iJ8z0YpL2X65ELXlTmD0=
-122,-170,AyfM45SE2FwPwjwgOGZ5okfpUJA=,sRhmYI6iJ8z0YpL2X65ELXlTmD0=
-123,-170,AyfM45SE2FwPwjwgOGZ5okfpUJA=,sRhmYI6iJ8z0YpL2X65ELXlTmD0=
-124,-170,AyfM45SE2FwPwjwgOGZ5okfpUJA=,sRhmYI6iJ8z0YpL2X65ELXlTmD0=
-125,-170,AyfM45SE2FwPwjwgOGZ5okfpUJA=,sRhmYI6iJ8z0YpL2X65ELXlTmD0=
-126,-170,AyfM45SE2FwPwjwgOGZ5okfpUJA=,sRhmYI6iJ8z0YpL2X65ELXlTmD0=
-113,-171,AyfM45SE2FwPwjwgOGZ5okfpUJA=,sRhmYI6iJ8z0YpL2X65ELXlTmD0=
-127,-170,AyfM45SE2FwPwjwgOGZ5okfpUJA=,sRhmYI6iJ8z0YpL2X65ELXlTmD0=
-115,-171,AyfM45SE2FwPwjwgOGZ5okfpUJA=,sRhmYI6iJ8z0YpL2X65ELXlTmD0=
-114,-171,AyfM45SE2FwPwjwgOGZ5okfpUJA=,sRhmYI6iJ8z0YpL2X65ELXlTmD0=
-116,-171,AyfM45SE2FwPwjwgOGZ5okfpUJA=,sRhmYI6iJ8z0YpL2X65ELXlTmD0=
-117,-171,AyfM45SE2FwPwjwgOGZ5okfpUJA=,sRhmYI6iJ8z0YpL2X65ELXlTmD0=
-118,-171,AyfM45SE2FwPwjwgOGZ5okfpUJA=,sRhmYI6iJ8z0YpL2X65ELXlTmD0=
-122,-176,AyfM45SE2FwPwjwgOGZ5okfpUJA=,sRhmYI6iJ8z0YpL2X65ELXlTmD0=
-119,-171,AyfM45SE2FwPwjwgOGZ5okfpUJA=,sRhmYI6iJ8z0YpL2X65ELXlTmD0=
-120,-171,AyfM45SE2FwPwjwgOGZ5okfpUJA=,sRhmYI6iJ8z0YpL2X65ELXlTmD0=
-122,-171,AyfM45SE2FwPwjwgOGZ5okfpUJA=,sRhmYI6iJ8z0YpL2X65ELXlTmD0=
-123,-171,AyfM45SE2FwPwjwgOGZ5okfpUJA=,sRhmYI6iJ8z0YpL2X65ELXlTmD0=
-121,-171,AyfM45SE2FwPwjwgOGZ5okfpUJA=,sRhmYI6iJ8z0YpL2X65ELXlTmD0=
-124,-171,AyfM45SE2FwPwjwgOGZ5okfpUJA=,sRhmYI6iJ8z0YpL2X65ELXlTmD0=
-126,-171,AyfM45SE2FwPwjwgOGZ5okfpUJA=,sRhmYI6iJ8z0YpL2X65ELXlTmD0=
-113,-172,AyfM45SE2FwPwjwgOGZ5okfpUJA=,sRhmYI6iJ8z0YpL2X65ELXlTmD0=
-127,-171,AyfM45SE2FwPwjwgOGZ5okfpUJA=,sRhmYI6iJ8z0YpL2X65ELXlTmD0=
-125,-171,AyfM45SE2FwPwjwgOGZ5okfpUJA=,sRhmYI6iJ8z0YpL2X65ELXlTmD0=
-114,-172,AyfM45SE2FwPwjwgOGZ5okfpUJA=,sRhmYI6iJ8z0YpL2X65ELXlTmD0=
-123,-176,AyfM45SE2FwPwjwgOGZ5okfpUJA=,sRhmYI6iJ8z0YpL2X65ELXlTmD0=
-116,-172,AyfM45SE2FwPwjwgOGZ5okfpUJA=,sRhmYI6iJ8z0YpL2X65ELXlTmD0=
-117,-172,AyfM45SE2FwPwjwgOGZ5okfpUJA=,sRhmYI6iJ8z0YpL2X65ELXlTmD0=
-115,-172,AyfM45SE2FwPwjwgOGZ5okfpUJA=,sRhmYI6iJ8z0YpL2X65ELXlTmD0=
-118,-172,AyfM45SE2FwPwjwgOGZ5okfpUJA=,sRhmYI6iJ8z0YpL2X65ELXlTmD0=
-119,-172,AyfM45SE2FwPwjwgOGZ5okfpUJA=,sRhmYI6iJ8z0YpL2X65ELXlTmD0=
-120,-172,AyfM45SE2FwPwjwgOGZ5okfpUJA=,sRhmYI6iJ8z0YpL2X65ELXlTmD0=
-121,-172,AyfM45SE2FwPwjwgOGZ5okfpUJA=,sRhmYI6iJ8z0YpL2X65ELXlTmD0=
-122,-172,AyfM45SE2FwPwjwgOGZ5okfpUJA=,sRhmYI6iJ8z0YpL2X65ELXlTmD0=
-123,-172,AyfM45SE2FwPwjwgOGZ5okfpUJA=,sRhmYI6iJ8z0YpL2X65ELXlTmD0=
-124,-172,AyfM45SE2FwPwjwgOGZ5okfpUJA=,sRhmYI6iJ8z0YpL2X65ELXlTmD0=
-125,-172,AyfM45SE2FwPwjwgOGZ5okfpUJA=,sRhmYI6iJ8z0YpL2X65ELXlTmD0=
-126,-172,AyfM45SE2FwPwjwgOGZ5okfpUJA=,sRhmYI6iJ8z0YpL2X65ELXlTmD0=
-127,-172,AyfM45SE2FwPwjwgOGZ5okfpUJA=,sRhmYI6iJ8z0YpL2X65ELXlTmD0=
-124,-176,AyfM45SE2FwPwjwgOGZ5okfpUJA=,sRhmYI6iJ8z0YpL2X65ELXlTmD0=
-114,-173,AyfM45SE2FwPwjwgOGZ5okfpUJA=,sRhmYI6iJ8z0YpL2X65ELXlTmD0=
-113,-173,AyfM45SE2FwPwjwgOGZ5okfpUJA=,sRhmYI6iJ8z0YpL2X65ELXlTmD0=
-115,-173,AyfM45SE2FwPwjwgOGZ5okfpUJA=,sRhmYI6iJ8z0YpL2X65ELXlTmD0=
-116,-173,AyfM45SE2FwPwjwgOGZ5okfpUJA=,sRhmYI6iJ8z0YpL2X65ELXlTmD0=
-117,-173,AyfM45SE2FwPwjwgOGZ5okfpUJA=,sRhmYI6iJ8z0YpL2X65ELXlTmD0=
-119,-173,AyfM45SE2FwPwjwgOGZ5okfpUJA=,sRhmYI6iJ8z0YpL2X65ELXlTmD0=
-118,-173,AyfM45SE2FwPwjwgOGZ5okfpUJA=,sRhmYI6iJ8z0YpL2X65ELXlTmD0=
-120,-173,AyfM45SE2FwPwjwgOGZ5okfpUJA=,sRhmYI6iJ8z0YpL2X65ELXlTmD0=
-122,-173,AyfM45SE2FwPwjwgOGZ5okfpUJA=,sRhmYI6iJ8z0YpL2X65ELXlTmD0=
-121,-173,AyfM45SE2FwPwjwgOGZ5okfpUJA=,sRhmYI6iJ8z0YpL2X65ELXlTmD0=
-123,-173,AyfM45SE2FwPwjwgOGZ5okfpUJA=,sRhmYI6iJ8z0YpL2X65ELXlTmD0=
-124,-173,AyfM45SE2FwPwjwgOGZ5okfpUJA=,sRhmYI6iJ8z0YpL2X65ELXlTmD0=
-125,-173,AyfM45SE2FwPwjwgOGZ5okfpUJA=,sRhmYI6iJ8z0YpL2X65ELXlTmD0=
-126,-173,AyfM45SE2FwPwjwgOGZ5okfpUJA=,sRhmYI6iJ8z0YpL2X65ELXlTmD0=
-125,-176,AyfM45SE2FwPwjwgOGZ5okfpUJA=,sRhmYI6iJ8z0YpL2X65ELXlTmD0=
-127,-173,AyfM45SE2FwPwjwgOGZ5okfpUJA=,sRhmYI6iJ8z0YpL2X65ELXlTmD0=
-113,-174,AyfM45SE2FwPwjwgOGZ5okfpUJA=,sRhmYI6iJ8z0YpL2X65ELXlTmD0=
-114,-174,AyfM45SE2FwPwjwgOGZ5okfpUJA=,sRhmYI6iJ8z0YpL2X65ELXlTmD0=
-115,-174,AyfM45SE2FwPwjwgOGZ5okfpUJA=,sRhmYI6iJ8z0YpL2X65ELXlTmD0=
-116,-174,AyfM45SE2FwPwjwgOGZ5okfpUJA=,sRhmYI6iJ8z0YpL2X65ELXlTmD0=
-118,-174,AyfM45SE2FwPwjwgOGZ5okfpUJA=,sRhmYI6iJ8z0YpL2X65ELXlTmD0=
-117,-174,AyfM45SE2FwPwjwgOGZ5okfpUJA=,sRhmYI6iJ8z0YpL2X65ELXlTmD0=
-120,-174,AyfM45SE2FwPwjwgOGZ5okfpUJA=,sRhmYI6iJ8z0YpL2X65ELXlTmD0=
-121,-174,AyfM45SE2FwPwjwgOGZ5okfpUJA=,sRhmYI6iJ8z0YpL2X65ELXlTmD0=
-122,-174,AyfM45SE2FwPwjwgOGZ5okfpUJA=,sRhmYI6iJ8z0YpL2X65ELXlTmD0=
-119,-174,AyfM45SE2FwPwjwgOGZ5okfpUJA=,sRhmYI6iJ8z0YpL2X65ELXlTmD0=
-123,-174,AyfM45SE2FwPwjwgOGZ5okfpUJA=,sRhmYI6iJ8z0YpL2X65ELXlTmD0=
-125,-174,AyfM45SE2FwPwjwgOGZ5okfpUJA=,sRhmYI6iJ8z0YpL2X65ELXlTmD0=
-126,-174,AyfM45SE2FwPwjwgOGZ5okfpUJA=,sRhmYI6iJ8z0YpL2X65ELXlTmD0=
-113,-175,AyfM45SE2FwPwjwgOGZ5okfpUJA=,sRhmYI6iJ8z0YpL2X65ELXlTmD0=
-127,-174,AyfM45SE2FwPwjwgOGZ5okfpUJA=,sRhmYI6iJ8z0YpL2X65ELXlTmD0=
-126,-176,AyfM45SE2FwPwjwgOGZ5okfpUJA=,sRhmYI6iJ8z0YpL2X65ELXlTmD0=
-114,-175,AyfM45SE2FwPwjwgOGZ5okfpUJA=,sRhmYI6iJ8z0YpL2X65ELXlTmD0=
-115,-175,AyfM45SE2FwPwjwgOGZ5okfpUJA=,sRhmYI6iJ8z0YpL2X65ELXlTmD0=
-116,-175,AyfM45SE2FwPwjwgOGZ5okfpUJA=,sRhmYI6iJ8z0YpL2X65ELXlTmD0=
-117,-175,AyfM45SE2FwPwjwgOGZ5okfpUJA=,sRhmYI6iJ8z0YpL2X65ELXlTmD0=
-118,-175,AyfM45SE2FwPwjwgOGZ5okfpUJA=,sRhmYI6iJ8z0YpL2X65ELXlTmD0=
-120,-175,AyfM45SE2FwPwjwgOGZ5okfpUJA=,sRhmYI6iJ8z0YpL2X65ELXlTmD0=
-119,-175,AyfM45SE2FwPwjwgOGZ5okfpUJA=,sRhmYI6iJ8z0YpL2X65ELXlTmD0=
-121,-175,AyfM45SE2FwPwjwgOGZ5okfpUJA=,sRhmYI6iJ8z0YpL2X65ELXlTmD0=
-122,-175,AyfM45SE2FwPwjwgOGZ5okfpUJA=,sRhmYI6iJ8z0YpL2X65ELXlTmD0=
-123,-175,AyfM45SE2FwPwjwgOGZ5okfpUJA=,sRhmYI6iJ8z0YpL2X65ELXlTmD0=
-124,-174,AyfM45SE2FwPwjwgOGZ5okfpUJA=,sRhmYI6iJ8z0YpL2X65ELXlTmD0=
-124,-175,AyfM45SE2FwPwjwgOGZ5okfpUJA=,sRhmYI6iJ8z0YpL2X65ELXlTmD0=
-128,-174,AyfM45SE2FwPwjwgOGZ5okfpUJA=,sRhmYI6iJ8z0YpL2X65ELXlTmD0=
-128,-173,AyfM45SE2FwPwjwgOGZ5okfpUJA=,sRhmYI6iJ8z0YpL2X65ELXlTmD0=
-128,-172,AyfM45SE2FwPwjwgOGZ5okfpUJA=,sRhmYI6iJ8z0YpL2X65ELXlTmD0=
-128,-171,AyfM45SE2FwPwjwgOGZ5okfpUJA=,sRhmYI6iJ8z0YpL2X65ELXlTmD0=
-128,-170,AyfM45SE2FwPwjwgOGZ5okfpUJA=,sRhmYI6iJ8z0YpL2X65ELXlTmD0=
-128,-169,AyfM45SE2FwPwjwgOGZ5okfpUJA=,sRhmYI6iJ8z0YpL2X65ELXlTmD0=
-128,-161,AyfM45SE2FwPwjwgOGZ5okfpUJA=,sRhmYI6iJ8z0YpL2X65ELXlTmD0=
-127,-161,AyfM45SE2FwPwjwgOGZ5okfpUJA=,sRhmYI6iJ8z0YpL2X65ELXlTmD0=
-128,-175,AyfM45SE2FwPwjwgOGZ5okfpUJA=,sRhmYI6iJ8z0YpL2X65ELXlTmD0=
-126,-162,AyfM45SE2FwPwjwgOGZ5okfpUJA=,sRhmYI6iJ8z0YpL2X65ELXlTmD0=
-126,-161,AyfM45SE2FwPwjwgOGZ5okfpUJA=,sRhmYI6iJ8z0YpL2X65ELXlTmD0=
-127,-162,AyfM45SE2FwPwjwgOGZ5okfpUJA=,sRhmYI6iJ8z0YpL2X65ELXlTmD0=
-128,-176,AyfM45SE2FwPwjwgOGZ5okfpUJA=,sRhmYI6iJ8z0YpL2X65ELXlTmD0=
-128,-162,AyfM45SE2FwPwjwgOGZ5okfpUJA=,sRhmYI6iJ8z0YpL2X65ELXlTmD0=
-126,-163,AyfM45SE2FwPwjwgOGZ5okfpUJA=,sRhmYI6iJ8z0YpL2X65ELXlTmD0=
-128,-167,AyfM45SE2FwPwjwgOGZ5okfpUJA=,sRhmYI6iJ8z0YpL2X65ELXlTmD0=
-128,-165,AyfM45SE2FwPwjwgOGZ5okfpUJA=,sRhmYI6iJ8z0YpL2X65ELXlTmD0=
-127,-164,AyfM45SE2FwPwjwgOGZ5okfpUJA=,sRhmYI6iJ8z0YpL2X65ELXlTmD0=
-128,-163,AyfM45SE2FwPwjwgOGZ5okfpUJA=,sRhmYI6iJ8z0YpL2X65ELXlTmD0=
-124,-165,AyfM45SE2FwPwjwgOGZ5okfpUJA=,sRhmYI6iJ8z0YpL2X65ELXlTmD0=
-127,-165,AyfM45SE2FwPwjwgOGZ5okfpUJA=,sRhmYI6iJ8z0YpL2X65ELXlTmD0=
-128,-168,AyfM45SE2FwPwjwgOGZ5okfpUJA=,sRhmYI6iJ8z0YpL2X65ELXlTmD0=
-128,-164,AyfM45SE2FwPwjwgOGZ5okfpUJA=,sRhmYI6iJ8z0YpL2X65ELXlTmD0=
-126,-165,AyfM45SE2FwPwjwgOGZ5okfpUJA=,sRhmYI6iJ8z0YpL2X65ELXlTmD0=
-128,-166,AyfM45SE2FwPwjwgOGZ5okfpUJA=,sRhmYI6iJ8z0YpL2X65ELXlTmD0=
-109,-175,ai6wTJbVj8piEQXWC65yehenMBs=,sRhmYI6iJ8z0YpL2X65ELXlTmD0=
-111,-176,ai6wTJbVj8piEQXWC65yehenMBs=,sRhmYI6iJ8z0YpL2X65ELXlTmD0=
-107,-175,ai6wTJbVj8piEQXWC65yehenMBs=,sRhmYI6iJ8z0YpL2X65ELXlTmD0=
-108,-175,ai6wTJbVj8piEQXWC65yehenMBs=,sRhmYI6iJ8z0YpL2X65ELXlTmD0=
-106,-175,ai6wTJbVj8piEQXWC65yehenMBs=,sRhmYI6iJ8z0YpL2X65ELXlTmD0=
-105,-175,ai6wTJbVj8piEQXWC65yehenMBs=,sRhmYI6iJ8z0YpL2X65ELXlTmD0=
-104,-175,ai6wTJbVj8piEQXWC65yehenMBs=,sRhmYI6iJ8z0YpL2X65ELXlTmD0=
-103,-175,ai6wTJbVj8piEQXWC65yehenMBs=,sRhmYI6iJ8z0YpL2X65ELXlTmD0=
-102,-175,ai6wTJbVj8piEQXWC65yehenMBs=,sRhmYI6iJ8z0YpL2X65ELXlTmD0=
-110,-175,ai6wTJbVj8piEQXWC65yehenMBs=,sRhmYI6iJ8z0YpL2X65ELXlTmD0=
-100,-175,ai6wTJbVj8piEQXWC65yehenMBs=,sRhmYI6iJ8z0YpL2X65ELXlTmD0=
-111,-175,ai6wTJbVj8piEQXWC65yehenMBs=,sRhmYI6iJ8z0YpL2X65ELXlTmD0=
-101,-175,ai6wTJbVj8piEQXWC65yehenMBs=,sRhmYI6iJ8z0YpL2X65ELXlTmD0=
-98,-175,ai6wTJbVj8piEQXWC65yehenMBs=,sRhmYI6iJ8z0YpL2X65ELXlTmD0=
-97,-175,ai6wTJbVj8piEQXWC65yehenMBs=,sRhmYI6iJ8z0YpL2X65ELXlTmD0=
-97,-161,ai6wTJbVj8piEQXWC65yehenMBs=,sRhmYI6iJ8z0YpL2X65ELXlTmD0=
-99,-175,ai6wTJbVj8piEQXWC65yehenMBs=,sRhmYI6iJ8z0YpL2X65ELXlTmD0=
-110,-176,ai6wTJbVj8piEQXWC65yehenMBs=,sRhmYI6iJ8z0YpL2X65ELXlTmD0=
-99,-161,ai6wTJbVj8piEQXWC65yehenMBs=,sRhmYI6iJ8z0YpL2X65ELXlTmD0=
-112,-174,ai6wTJbVj8piEQXWC65yehenMBs=,sRhmYI6iJ8z0YpL2X65ELXlTmD0=
-98,-161,ai6wTJbVj8piEQXWC65yehenMBs=,sRhmYI6iJ8z0YpL2X65ELXlTmD0=
-111,-174,ai6wTJbVj8piEQXWC65yehenMBs=,sRhmYI6iJ8z0YpL2X65ELXlTmD0=
-101,-161,ai6wTJbVj8piEQXWC65yehenMBs=,sRhmYI6iJ8z0YpL2X65ELXlTmD0=
-110,-174,ai6wTJbVj8piEQXWC65yehenMBs=,sRhmYI6iJ8z0YpL2X65ELXlTmD0=
-100,-161,ai6wTJbVj8piEQXWC65yehenMBs=,sRhmYI6iJ8z0YpL2X65ELXlTmD0=
-102,-161,ai6wTJbVj8piEQXWC65yehenMBs=,sRhmYI6iJ8z0YpL2X65ELXlTmD0=
-109,-174,ai6wTJbVj8piEQXWC65yehenMBs=,sRhmYI6iJ8z0YpL2X65ELXlTmD0=
-103,-161,ai6wTJbVj8piEQXWC65yehenMBs=,sRhmYI6iJ8z0YpL2X65ELXlTmD0=
-108,-174,ai6wTJbVj8piEQXWC65yehenMBs=,sRhmYI6iJ8z0YpL2X65ELXlTmD0=
-106,-161,ai6wTJbVj8piEQXWC65yehenMBs=,sRhmYI6iJ8z0YpL2X65ELXlTmD0=
-105,-161,ai6wTJbVj8piEQXWC65yehenMBs=,sRhmYI6iJ8z0YpL2X65ELXlTmD0=
-107,-174,ai6wTJbVj8piEQXWC65yehenMBs=,sRhmYI6iJ8z0YpL2X65ELXlTmD0=
-107,-161,ai6wTJbVj8piEQXWC65yehenMBs=,sRhmYI6iJ8z0YpL2X65ELXlTmD0=
-106,-174,ai6wTJbVj8piEQXWC65yehenMBs=,sRhmYI6iJ8z0YpL2X65ELXlTmD0=
-108,-161,ai6wTJbVj8piEQXWC65yehenMBs=,sRhmYI6iJ8z0YpL2X65ELXlTmD0=
-105,-174,ai6wTJbVj8piEQXWC65yehenMBs=,sRhmYI6iJ8z0YpL2X65ELXlTmD0=
-104,-161,ai6wTJbVj8piEQXWC65yehenMBs=,sRhmYI6iJ8z0YpL2X65ELXlTmD0=
-104,-174,ai6wTJbVj8piEQXWC65yehenMBs=,sRhmYI6iJ8z0YpL2X65ELXlTmD0=
-109,-161,ai6wTJbVj8piEQXWC65yehenMBs=,sRhmYI6iJ8z0YpL2X65ELXlTmD0=
-111,-161,ai6wTJbVj8piEQXWC65yehenMBs=,sRhmYI6iJ8z0YpL2X65ELXlTmD0=
-103,-174,ai6wTJbVj8piEQXWC65yehenMBs=,sRhmYI6iJ8z0YpL2X65ELXlTmD0=
-110,-161,ai6wTJbVj8piEQXWC65yehenMBs=,sRhmYI6iJ8z0YpL2X65ELXlTmD0=
-112,-176,ai6wTJbVj8piEQXWC65yehenMBs=,sRhmYI6iJ8z0YpL2X65ELXlTmD0=
-112,-161,ai6wTJbVj8piEQXWC65yehenMBs=,sRhmYI6iJ8z0YpL2X65ELXlTmD0=
-112,-175,ai6wTJbVj8piEQXWC65yehenMBs=,sRhmYI6iJ8z0YpL2X65ELXlTmD0=
-102,-174,ai6wTJbVj8piEQXWC65yehenMBs=,sRhmYI6iJ8z0YpL2X65ELXlTmD0=
-100,-162,ai6wTJbVj8piEQXWC65yehenMBs=,sRhmYI6iJ8z0YpL2X65ELXlTmD0=
-99,-162,ai6wTJbVj8piEQXWC65yehenMBs=,sRhmYI6iJ8z0YpL2X65ELXlTmD0=
-101,-174,ai6wTJbVj8piEQXWC65yehenMBs=,sRhmYI6iJ8z0YpL2X65ELXlTmD0=
-98,-162,ai6wTJbVj8piEQXWC65yehenMBs=,sRhmYI6iJ8z0YpL2X65ELXlTmD0=
-101,-162,ai6wTJbVj8piEQXWC65yehenMBs=,sRhmYI6iJ8z0YpL2X65ELXlTmD0=
-100,-174,ai6wTJbVj8piEQXWC65yehenMBs=,sRhmYI6iJ8z0YpL2X65ELXlTmD0=
-102,-162,ai6wTJbVj8piEQXWC65yehenMBs=,sRhmYI6iJ8z0YpL2X65ELXlTmD0=
-104,-162,ai6wTJbVj8piEQXWC65yehenMBs=,sRhmYI6iJ8z0YpL2X65ELXlTmD0=
-103,-162,ai6wTJbVj8piEQXWC65yehenMBs=,sRhmYI6iJ8z0YpL2X65ELXlTmD0=
-99,-174,ai6wTJbVj8piEQXWC65yehenMBs=,sRhmYI6iJ8z0YpL2X65ELXlTmD0=
-107,-162,ai6wTJbVj8piEQXWC65yehenMBs=,sRhmYI6iJ8z0YpL2X65ELXlTmD0=
-108,-162,ai6wTJbVj8piEQXWC65yehenMBs=,sRhmYI6iJ8z0YpL2X65ELXlTmD0=
-97,-162,ai6wTJbVj8piEQXWC65yehenMBs=,sRhmYI6iJ8z0YpL2X65ELXlTmD0=
-97,-176,ai6wTJbVj8piEQXWC65yehenMBs=,sRhmYI6iJ8z0YpL2X65ELXlTmD0=
-109,-162,ai6wTJbVj8piEQXWC65yehenMBs=,sRhmYI6iJ8z0YpL2X65ELXlTmD0=
-98,-174,ai6wTJbVj8piEQXWC65yehenMBs=,sRhmYI6iJ8z0YpL2X65ELXlTmD0=
-106,-162,ai6wTJbVj8piEQXWC65yehenMBs=,sRhmYI6iJ8z0YpL2X65ELXlTmD0=
-110,-162,ai6wTJbVj8piEQXWC65yehenMBs=,sRhmYI6iJ8z0YpL2X65ELXlTmD0=
-98,-176,ai6wTJbVj8piEQXWC65yehenMBs=,sRhmYI6iJ8z0YpL2X65ELXlTmD0=
-112,-162,ai6wTJbVj8piEQXWC65yehenMBs=,sRhmYI6iJ8z0YpL2X65ELXlTmD0=
-111,-162,ai6wTJbVj8piEQXWC65yehenMBs=,sRhmYI6iJ8z0YpL2X65ELXlTmD0=
-97,-163,ai6wTJbVj8piEQXWC65yehenMBs=,sRhmYI6iJ8z0YpL2X65ELXlTmD0=
-105,-162,ai6wTJbVj8piEQXWC65yehenMBs=,sRhmYI6iJ8z0YpL2X65ELXlTmD0=
-98,-163,ai6wTJbVj8piEQXWC65yehenMBs=,sRhmYI6iJ8z0YpL2X65ELXlTmD0=
-100,-163,ai6wTJbVj8piEQXWC65yehenMBs=,sRhmYI6iJ8z0YpL2X65ELXlTmD0=
-97,-174,ai6wTJbVj8piEQXWC65yehenMBs=,sRhmYI6iJ8z0YpL2X65ELXlTmD0=
-112,-173,ai6wTJbVj8piEQXWC65yehenMBs=,sRhmYI6iJ8z0YpL2X65ELXlTmD0=
-101,-163,ai6wTJbVj8piEQXWC65yehenMBs=,sRhmYI6iJ8z0YpL2X65ELXlTmD0=
-102,-163,ai6wTJbVj8piEQXWC65yehenMBs=,sRhmYI6iJ8z0YpL2X65ELXlTmD0=
-105,-163,ai6wTJbVj8piEQXWC65yehenMBs=,sRhmYI6iJ8z0YpL2X65ELXlTmD0=
-103,-163,ai6wTJbVj8piEQXWC65yehenMBs=,sRhmYI6iJ8z0YpL2X65ELXlTmD0=
-104,-163,ai6wTJbVj8piEQXWC65yehenMBs=,sRhmYI6iJ8z0YpL2X65ELXlTmD0=
-99,-163,ai6wTJbVj8piEQXWC65yehenMBs=,sRhmYI6iJ8z0YpL2X65ELXlTmD0=
-106,-163,ai6wTJbVj8piEQXWC65yehenMBs=,sRhmYI6iJ8z0YpL2X65ELXlTmD0=
-109,-176,ai6wTJbVj8piEQXWC65yehenMBs=,sRhmYI6iJ8z0YpL2X65ELXlTmD0=
-109,-163,ai6wTJbVj8piEQXWC65yehenMBs=,sRhmYI6iJ8z0YpL2X65ELXlTmD0=
-111,-163,ai6wTJbVj8piEQXWC65yehenMBs=,sRhmYI6iJ8z0YpL2X65ELXlTmD0=
-107,-163,ai6wTJbVj8piEQXWC65yehenMBs=,sRhmYI6iJ8z0YpL2X65ELXlTmD0=
-110,-163,ai6wTJbVj8piEQXWC65yehenMBs=,sRhmYI6iJ8z0YpL2X65ELXlTmD0=
-111,-173,ai6wTJbVj8piEQXWC65yehenMBs=,sRhmYI6iJ8z0YpL2X65ELXlTmD0=
-99,-176,ai6wTJbVj8piEQXWC65yehenMBs=,sRhmYI6iJ8z0YpL2X65ELXlTmD0=
-112,-163,ai6wTJbVj8piEQXWC65yehenMBs=,sRhmYI6iJ8z0YpL2X65ELXlTmD0=
-97,-164,ai6wTJbVj8piEQXWC65yehenMBs=,sRhmYI6iJ8z0YpL2X65ELXlTmD0=
-101,-164,ai6wTJbVj8piEQXWC65yehenMBs=,sRhmYI6iJ8z0YpL2X65ELXlTmD0=
-98,-164,ai6wTJbVj8piEQXWC65yehenMBs=,sRhmYI6iJ8z0YpL2X65ELXlTmD0=
-110,-173,ai6wTJbVj8piEQXWC65yehenMBs=,sRhmYI6iJ8z0YpL2X65ELXlTmD0=
-104,-164,ai6wTJbVj8piEQXWC65yehenMBs=,sRhmYI6iJ8z0YpL2X65ELXlTmD0=
-108,-163,ai6wTJbVj8piEQXWC65yehenMBs=,sRhmYI6iJ8z0YpL2X65ELXlTmD0=
-100,-164,ai6wTJbVj8piEQXWC65yehenMBs=,sRhmYI6iJ8z0YpL2X65ELXlTmD0=
-103,-164,ai6wTJbVj8piEQXWC65yehenMBs=,sRhmYI6iJ8z0YpL2X65ELXlTmD0=
-102,-164,ai6wTJbVj8piEQXWC65yehenMBs=,sRhmYI6iJ8z0YpL2X65ELXlTmD0=
-106,-164,ai6wTJbVj8piEQXWC65yehenMBs=,sRhmYI6iJ8z0YpL2X65ELXlTmD0=
-109,-173,ai6wTJbVj8piEQXWC65yehenMBs=,sRhmYI6iJ8z0YpL2X65ELXlTmD0=
-105,-164,ai6wTJbVj8piEQXWC65yehenMBs=,sRhmYI6iJ8z0YpL2X65ELXlTmD0=
-108,-164,ai6wTJbVj8piEQXWC65yehenMBs=,sRhmYI6iJ8z0YpL2X65ELXlTmD0=
-107,-164,ai6wTJbVj8piEQXWC65yehenMBs=,sRhmYI6iJ8z0YpL2X65ELXlTmD0=
-99,-164,ai6wTJbVj8piEQXWC65yehenMBs=,sRhmYI6iJ8z0YpL2X65ELXlTmD0=
-109,-164,ai6wTJbVj8piEQXWC65yehenMBs=,sRhmYI6iJ8z0YpL2X65ELXlTmD0=
-110,-164,ai6wTJbVj8piEQXWC65yehenMBs=,sRhmYI6iJ8z0YpL2X65ELXlTmD0=
-111,-164,ai6wTJbVj8piEQXWC65yehenMBs=,sRhmYI6iJ8z0YpL2X65ELXlTmD0=
-100,-176,ai6wTJbVj8piEQXWC65yehenMBs=,sRhmYI6iJ8z0YpL2X65ELXlTmD0=
-112,-164,ai6wTJbVj8piEQXWC65yehenMBs=,sRhmYI6iJ8z0YpL2X65ELXlTmD0=
-108,-173,ai6wTJbVj8piEQXWC65yehenMBs=,sRhmYI6iJ8z0YpL2X65ELXlTmD0=
-98,-165,ai6wTJbVj8piEQXWC65yehenMBs=,sRhmYI6iJ8z0YpL2X65ELXlTmD0=
-97,-165,ai6wTJbVj8piEQXWC65yehenMBs=,sRhmYI6iJ8z0YpL2X65ELXlTmD0=
-101,-165,ai6wTJbVj8piEQXWC65yehenMBs=,sRhmYI6iJ8z0YpL2X65ELXlTmD0=
-99,-165,ai6wTJbVj8piEQXWC65yehenMBs=,sRhmYI6iJ8z0YpL2X65ELXlTmD0=
-100,-165,ai6wTJbVj8piEQXWC65yehenMBs=,sRhmYI6iJ8z0YpL2X65ELXlTmD0=
-103,-165,ai6wTJbVj8piEQXWC65yehenMBs=,sRhmYI6iJ8z0YpL2X65ELXlTmD0=
-102,-165,ai6wTJbVj8piEQXWC65yehenMBs=,sRhmYI6iJ8z0YpL2X65ELXlTmD0=
-104,-165,ai6wTJbVj8piEQXWC65yehenMBs=,sRhmYI6iJ8z0YpL2X65ELXlTmD0=
-107,-173,ai6wTJbVj8piEQXWC65yehenMBs=,sRhmYI6iJ8z0YpL2X65ELXlTmD0=
-110,-165,ai6wTJbVj8piEQXWC65yehenMBs=,sRhmYI6iJ8z0YpL2X65ELXlTmD0=
-108,-165,ai6wTJbVj8piEQXWC65yehenMBs=,sRhmYI6iJ8z0YpL2X65ELXlTmD0=
-105,-165,ai6wTJbVj8piEQXWC65yehenMBs=,sRhmYI6iJ8z0YpL2X65ELXlTmD0=
-111,-165,ai6wTJbVj8piEQXWC65yehenMBs=,sRhmYI6iJ8z0YpL2X65ELXlTmD0=
-107,-165,ai6wTJbVj8piEQXWC65yehenMBs=,sRhmYI6iJ8z0YpL2X65ELXlTmD0=
-109,-165,ai6wTJbVj8piEQXWC65yehenMBs=,sRhmYI6iJ8z0YpL2X65ELXlTmD0=
-106,-173,ai6wTJbVj8piEQXWC65yehenMBs=,sRhmYI6iJ8z0YpL2X65ELXlTmD0=
-101,-176,ai6wTJbVj8piEQXWC65yehenMBs=,sRhmYI6iJ8z0YpL2X65ELXlTmD0=
-97,-166,ai6wTJbVj8piEQXWC65yehenMBs=,sRhmYI6iJ8z0YpL2X65ELXlTmD0=
-106,-165,ai6wTJbVj8piEQXWC65yehenMBs=,sRhmYI6iJ8z0YpL2X65ELXlTmD0=
-112,-165,ai6wTJbVj8piEQXWC65yehenMBs=,sRhmYI6iJ8z0YpL2X65ELXlTmD0=
-98,-166,ai6wTJbVj8piEQXWC65yehenMBs=,sRhmYI6iJ8z0YpL2X65ELXlTmD0=
-105,-173,ai6wTJbVj8piEQXWC65yehenMBs=,sRhmYI6iJ8z0YpL2X65ELXlTmD0=
-99,-166,ai6wTJbVj8piEQXWC65yehenMBs=,sRhmYI6iJ8z0YpL2X65ELXlTmD0=
-100,-166,ai6wTJbVj8piEQXWC65yehenMBs=,sRhmYI6iJ8z0YpL2X65ELXlTmD0=
-101,-166,ai6wTJbVj8piEQXWC65yehenMBs=,sRhmYI6iJ8z0YpL2X65ELXlTmD0=
-103,-166,ai6wTJbVj8piEQXWC65yehenMBs=,sRhmYI6iJ8z0YpL2X65ELXlTmD0=
-102,-166,ai6wTJbVj8piEQXWC65yehenMBs=,sRhmYI6iJ8z0YpL2X65ELXlTmD0=
-104,-166,ai6wTJbVj8piEQXWC65yehenMBs=,sRhmYI6iJ8z0YpL2X65ELXlTmD0=
-105,-166,ai6wTJbVj8piEQXWC65yehenMBs=,sRhmYI6iJ8z0YpL2X65ELXlTmD0=
-106,-166,ai6wTJbVj8piEQXWC65yehenMBs=,sRhmYI6iJ8z0YpL2X65ELXlTmD0=
-104,-173,ai6wTJbVj8piEQXWC65yehenMBs=,sRhmYI6iJ8z0YpL2X65ELXlTmD0=
-107,-166,ai6wTJbVj8piEQXWC65yehenMBs=,sRhmYI6iJ8z0YpL2X65ELXlTmD0=
-109,-166,ai6wTJbVj8piEQXWC65yehenMBs=,sRhmYI6iJ8z0YpL2X65ELXlTmD0=
-108,-166,ai6wTJbVj8piEQXWC65yehenMBs=,sRhmYI6iJ8z0YpL2X65ELXlTmD0=
-102,-176,ai6wTJbVj8piEQXWC65yehenMBs=,sRhmYI6iJ8z0YpL2X65ELXlTmD0=
-111,-166,ai6wTJbVj8piEQXWC65yehenMBs=,sRhmYI6iJ8z0YpL2X65ELXlTmD0=
-110,-166,ai6wTJbVj8piEQXWC65yehenMBs=,sRhmYI6iJ8z0YpL2X65ELXlTmD0=
-103,-173,ai6wTJbVj8piEQXWC65yehenMBs=,sRhmYI6iJ8z0YpL2X65ELXlTmD0=
-98,-167,ai6wTJbVj8piEQXWC65yehenMBs=,sRhmYI6iJ8z0YpL2X65ELXlTmD0=
-97,-167,ai6wTJbVj8piEQXWC65yehenMBs=,sRhmYI6iJ8z0YpL2X65ELXlTmD0=
-112,-166,ai6wTJbVj8piEQXWC65yehenMBs=,sRhmYI6iJ8z0YpL2X65ELXlTmD0=
-99,-167,ai6wTJbVj8piEQXWC65yehenMBs=,sRhmYI6iJ8z0YpL2X65ELXlTmD0=
-101,-167,ai6wTJbVj8piEQXWC65yehenMBs=,sRhmYI6iJ8z0YpL2X65ELXlTmD0=
-100,-167,ai6wTJbVj8piEQXWC65yehenMBs=,sRhmYI6iJ8z0YpL2X65ELXlTmD0=
-102,-167,ai6wTJbVj8piEQXWC65yehenMBs=,sRhmYI6iJ8z0YpL2X65ELXlTmD0=
-102,-173,ai6wTJbVj8piEQXWC65yehenMBs=,sRhmYI6iJ8z0YpL2X65ELXlTmD0=
-104,-167,ai6wTJbVj8piEQXWC65yehenMBs=,sRhmYI6iJ8z0YpL2X65ELXlTmD0=
-105,-167,ai6wTJbVj8piEQXWC65yehenMBs=,sRhmYI6iJ8z0YpL2X65ELXlTmD0=
-103,-167,ai6wTJbVj8piEQXWC65yehenMBs=,sRhmYI6iJ8z0YpL2X65ELXlTmD0=
-106,-167,ai6wTJbVj8piEQXWC65yehenMBs=,sRhmYI6iJ8z0YpL2X65ELXlTmD0=
-107,-167,ai6wTJbVj8piEQXWC65yehenMBs=,sRhmYI6iJ8z0YpL2X65ELXlTmD0=
-109,-167,ai6wTJbVj8piEQXWC65yehenMBs=,sRhmYI6iJ8z0YpL2X65ELXlTmD0=
-108,-167,ai6wTJbVj8piEQXWC65yehenMBs=,sRhmYI6iJ8z0YpL2X65ELXlTmD0=
-101,-173,ai6wTJbVj8piEQXWC65yehenMBs=,sRhmYI6iJ8z0YpL2X65ELXlTmD0=
-110,-167,ai6wTJbVj8piEQXWC65yehenMBs=,sRhmYI6iJ8z0YpL2X65ELXlTmD0=
-103,-176,ai6wTJbVj8piEQXWC65yehenMBs=,sRhmYI6iJ8z0YpL2X65ELXlTmD0=
-111,-167,ai6wTJbVj8piEQXWC65yehenMBs=,sRhmYI6iJ8z0YpL2X65ELXlTmD0=
-112,-167,ai6wTJbVj8piEQXWC65yehenMBs=,sRhmYI6iJ8z0YpL2X65ELXlTmD0=
-97,-168,ai6wTJbVj8piEQXWC65yehenMBs=,sRhmYI6iJ8z0YpL2X65ELXlTmD0=
-98,-168,ai6wTJbVj8piEQXWC65yehenMBs=,sRhmYI6iJ8z0YpL2X65ELXlTmD0=
-99,-168,ai6wTJbVj8piEQXWC65yehenMBs=,sRhmYI6iJ8z0YpL2X65ELXlTmD0=
-100,-168,ai6wTJbVj8piEQXWC65yehenMBs=,sRhmYI6iJ8z0YpL2X65ELXlTmD0=
-100,-173,ai6wTJbVj8piEQXWC65yehenMBs=,sRhmYI6iJ8z0YpL2X65ELXlTmD0=
-101,-168,ai6wTJbVj8piEQXWC65yehenMBs=,sRhmYI6iJ8z0YpL2X65ELXlTmD0=
-103,-168,ai6wTJbVj8piEQXWC65yehenMBs=,sRhmYI6iJ8z0YpL2X65ELXlTmD0=
-102,-168,ai6wTJbVj8piEQXWC65yehenMBs=,sRhmYI6iJ8z0YpL2X65ELXlTmD0=
-104,-168,ai6wTJbVj8piEQXWC65yehenMBs=,sRhmYI6iJ8z0YpL2X65ELXlTmD0=
-105,-168,ai6wTJbVj8piEQXWC65yehenMBs=,sRhmYI6iJ8z0YpL2X65ELXlTmD0=
-106,-168,ai6wTJbVj8piEQXWC65yehenMBs=,sRhmYI6iJ8z0YpL2X65ELXlTmD0=
-107,-168,ai6wTJbVj8piEQXWC65yehenMBs=,sRhmYI6iJ8z0YpL2X65ELXlTmD0=
-108,-168,ai6wTJbVj8piEQXWC65yehenMBs=,sRhmYI6iJ8z0YpL2X65ELXlTmD0=
-99,-173,ai6wTJbVj8piEQXWC65yehenMBs=,sRhmYI6iJ8z0YpL2X65ELXlTmD0=
-109,-168,ai6wTJbVj8piEQXWC65yehenMBs=,sRhmYI6iJ8z0YpL2X65ELXlTmD0=
-111,-168,ai6wTJbVj8piEQXWC65yehenMBs=,sRhmYI6iJ8z0YpL2X65ELXlTmD0=
-104,-176,ai6wTJbVj8piEQXWC65yehenMBs=,sRhmYI6iJ8z0YpL2X65ELXlTmD0=
-110,-168,ai6wTJbVj8piEQXWC65yehenMBs=,sRhmYI6iJ8z0YpL2X65ELXlTmD0=
-112,-168,ai6wTJbVj8piEQXWC65yehenMBs=,sRhmYI6iJ8z0YpL2X65ELXlTmD0=
-97,-169,ai6wTJbVj8piEQXWC65yehenMBs=,sRhmYI6iJ8z0YpL2X65ELXlTmD0=
-98,-173,ai6wTJbVj8piEQXWC65yehenMBs=,sRhmYI6iJ8z0YpL2X65ELXlTmD0=
-98,-169,ai6wTJbVj8piEQXWC65yehenMBs=,sRhmYI6iJ8z0YpL2X65ELXlTmD0=
-101,-169,ai6wTJbVj8piEQXWC65yehenMBs=,sRhmYI6iJ8z0YpL2X65ELXlTmD0=
-99,-169,ai6wTJbVj8piEQXWC65yehenMBs=,sRhmYI6iJ8z0YpL2X65ELXlTmD0=
-100,-169,ai6wTJbVj8piEQXWC65yehenMBs=,sRhmYI6iJ8z0YpL2X65ELXlTmD0=
-102,-169,ai6wTJbVj8piEQXWC65yehenMBs=,sRhmYI6iJ8z0YpL2X65ELXlTmD0=
-103,-169,ai6wTJbVj8piEQXWC65yehenMBs=,sRhmYI6iJ8z0YpL2X65ELXlTmD0=
-104,-169,ai6wTJbVj8piEQXWC65yehenMBs=,sRhmYI6iJ8z0YpL2X65ELXlTmD0=
-106,-169,ai6wTJbVj8piEQXWC65yehenMBs=,sRhmYI6iJ8z0YpL2X65ELXlTmD0=
-105,-169,ai6wTJbVj8piEQXWC65yehenMBs=,sRhmYI6iJ8z0YpL2X65ELXlTmD0=
-97,-173,ai6wTJbVj8piEQXWC65yehenMBs=,sRhmYI6iJ8z0YpL2X65ELXlTmD0=
-107,-169,ai6wTJbVj8piEQXWC65yehenMBs=,sRhmYI6iJ8z0YpL2X65ELXlTmD0=
-108,-169,ai6wTJbVj8piEQXWC65yehenMBs=,sRhmYI6iJ8z0YpL2X65ELXlTmD0=
-110,-169,ai6wTJbVj8piEQXWC65yehenMBs=,sRhmYI6iJ8z0YpL2X65ELXlTmD0=
-111,-169,ai6wTJbVj8piEQXWC65yehenMBs=,sRhmYI6iJ8z0YpL2X65ELXlTmD0=
-109,-169,ai6wTJbVj8piEQXWC65yehenMBs=,sRhmYI6iJ8z0YpL2X65ELXlTmD0=
-112,-169,ai6wTJbVj8piEQXWC65yehenMBs=,sRhmYI6iJ8z0YpL2X65ELXlTmD0=
-112,-172,ai6wTJbVj8piEQXWC65yehenMBs=,sRhmYI6iJ8z0YpL2X65ELXlTmD0=
-97,-170,ai6wTJbVj8piEQXWC65yehenMBs=,sRhmYI6iJ8z0YpL2X65ELXlTmD0=
-105,-176,ai6wTJbVj8piEQXWC65yehenMBs=,sRhmYI6iJ8z0YpL2X65ELXlTmD0=
-99,-170,ai6wTJbVj8piEQXWC65yehenMBs=,sRhmYI6iJ8z0YpL2X65ELXlTmD0=
-100,-170,ai6wTJbVj8piEQXWC65yehenMBs=,sRhmYI6iJ8z0YpL2X65ELXlTmD0=
-101,-170,ai6wTJbVj8piEQXWC65yehenMBs=,sRhmYI6iJ8z0YpL2X65ELXlTmD0=
-98,-170,ai6wTJbVj8piEQXWC65yehenMBs=,sRhmYI6iJ8z0YpL2X65ELXlTmD0=
-102,-170,ai6wTJbVj8piEQXWC65yehenMBs=,sRhmYI6iJ8z0YpL2X65ELXlTmD0=
-108,-176,ai6wTJbVj8piEQXWC65yehenMBs=,sRhmYI6iJ8z0YpL2X65ELXlTmD0=
-104,-170,ai6wTJbVj8piEQXWC65yehenMBs=,sRhmYI6iJ8z0YpL2X65ELXlTmD0=
-107,-170,ai6wTJbVj8piEQXWC65yehenMBs=,sRhmYI6iJ8z0YpL2X65ELXlTmD0=
-103,-170,ai6wTJbVj8piEQXWC65yehenMBs=,sRhmYI6iJ8z0YpL2X65ELXlTmD0=
-106,-170,ai6wTJbVj8piEQXWC65yehenMBs=,sRhmYI6iJ8z0YpL2X65ELXlTmD0=
-105,-170,ai6wTJbVj8piEQXWC65yehenMBs=,sRhmYI6iJ8z0YpL2X65ELXlTmD0=
-108,-170,ai6wTJbVj8piEQXWC65yehenMBs=,sRhmYI6iJ8z0YpL2X65ELXlTmD0=
-109,-170,ai6wTJbVj8piEQXWC65yehenMBs=,sRhmYI6iJ8z0YpL2X65ELXlTmD0=
-111,-172,ai6wTJbVj8piEQXWC65yehenMBs=,sRhmYI6iJ8z0YpL2X65ELXlTmD0=
-110,-170,ai6wTJbVj8piEQXWC65yehenMBs=,sRhmYI6iJ8z0YpL2X65ELXlTmD0=
-111,-170,ai6wTJbVj8piEQXWC65yehenMBs=,sRhmYI6iJ8z0YpL2X65ELXlTmD0=
-106,-176,ai6wTJbVj8piEQXWC65yehenMBs=,sRhmYI6iJ8z0YpL2X65ELXlTmD0=
-112,-170,ai6wTJbVj8piEQXWC65yehenMBs=,sRhmYI6iJ8z0YpL2X65ELXlTmD0=
-98,-171,ai6wTJbVj8piEQXWC65yehenMBs=,sRhmYI6iJ8z0YpL2X65ELXlTmD0=
-97,-171,ai6wTJbVj8piEQXWC65yehenMBs=,sRhmYI6iJ8z0YpL2X65ELXlTmD0=
-99,-171,ai6wTJbVj8piEQXWC65yehenMBs=,sRhmYI6iJ8z0YpL2X65ELXlTmD0=
-101,-171,ai6wTJbVj8piEQXWC65yehenMBs=,sRhmYI6iJ8z0YpL2X65ELXlTmD0=
-100,-171,ai6wTJbVj8piEQXWC65yehenMBs=,sRhmYI6iJ8z0YpL2X65ELXlTmD0=
-102,-171,ai6wTJbVj8piEQXWC65yehenMBs=,sRhmYI6iJ8z0YpL2X65ELXlTmD0=
-110,-172,ai6wTJbVj8piEQXWC65yehenMBs=,sRhmYI6iJ8z0YpL2X65ELXlTmD0=
-103,-171,ai6wTJbVj8piEQXWC65yehenMBs=,sRhmYI6iJ8z0YpL2X65ELXlTmD0=
-104,-171,ai6wTJbVj8piEQXWC65yehenMBs=,sRhmYI6iJ8z0YpL2X65ELXlTmD0=
-105,-171,ai6wTJbVj8piEQXWC65yehenMBs=,sRhmYI6iJ8z0YpL2X65ELXlTmD0=
-106,-171,ai6wTJbVj8piEQXWC65yehenMBs=,sRhmYI6iJ8z0YpL2X65ELXlTmD0=
-108,-171,ai6wTJbVj8piEQXWC65yehenMBs=,sRhmYI6iJ8z0YpL2X65ELXlTmD0=
-109,-171,ai6wTJbVj8piEQXWC65yehenMBs=,sRhmYI6iJ8z0YpL2X65ELXlTmD0=
-107,-171,ai6wTJbVj8piEQXWC65yehenMBs=,sRhmYI6iJ8z0YpL2X65ELXlTmD0=
-109,-172,ai6wTJbVj8piEQXWC65yehenMBs=,sRhmYI6iJ8z0YpL2X65ELXlTmD0=
-110,-171,ai6wTJbVj8piEQXWC65yehenMBs=,sRhmYI6iJ8z0YpL2X65ELXlTmD0=
-111,-171,ai6wTJbVj8piEQXWC65yehenMBs=,sRhmYI6iJ8z0YpL2X65ELXlTmD0=
-107,-176,ai6wTJbVj8piEQXWC65yehenMBs=,sRhmYI6iJ8z0YpL2X65ELXlTmD0=
-97,-172,ai6wTJbVj8piEQXWC65yehenMBs=,sRhmYI6iJ8z0YpL2X65ELXlTmD0=
-98,-172,ai6wTJbVj8piEQXWC65yehenMBs=,sRhmYI6iJ8z0YpL2X65ELXlTmD0=
-112,-171,ai6wTJbVj8piEQXWC65yehenMBs=,sRhmYI6iJ8z0YpL2X65ELXlTmD0=
-99,-172,ai6wTJbVj8piEQXWC65yehenMBs=,sRhmYI6iJ8z0YpL2X65ELXlTmD0=
-108,-172,ai6wTJbVj8piEQXWC65yehenMBs=,sRhmYI6iJ8z0YpL2X65ELXlTmD0=
-101,-172,ai6wTJbVj8piEQXWC65yehenMBs=,sRhmYI6iJ8z0YpL2X65ELXlTmD0=
-100,-172,ai6wTJbVj8piEQXWC65yehenMBs=,sRhmYI6iJ8z0YpL2X65ELXlTmD0=
-103,-172,ai6wTJbVj8piEQXWC65yehenMBs=,sRhmYI6iJ8z0YpL2X65ELXlTmD0=
-102,-172,ai6wTJbVj8piEQXWC65yehenMBs=,sRhmYI6iJ8z0YpL2X65ELXlTmD0=
-104,-172,ai6wTJbVj8piEQXWC65yehenMBs=,sRhmYI6iJ8z0YpL2X65ELXlTmD0=
-106,-172,ai6wTJbVj8piEQXWC65yehenMBs=,sRhmYI6iJ8z0YpL2X65ELXlTmD0=
-105,-172,ai6wTJbVj8piEQXWC65yehenMBs=,sRhmYI6iJ8z0YpL2X65ELXlTmD0=
-107,-172,ai6wTJbVj8piEQXWC65yehenMBs=,sRhmYI6iJ8z0YpL2X65ELXlTmD0=
