-223,65,fYt1U+xVvynLJrN9ubi3MyOsUYk=,VxD0PleIlm0gMPdguDGwviAK1Yg=
-222,65,fYt1U+xVvynLJrN9ubi3MyOsUYk=,VxD0PleIlm0gMPdguDGwviAK1Yg=
-221,65,fYt1U+xVvynLJrN9ubi3MyOsUYk=,VxD0PleIlm0gMPdguDGwviAK1Yg=
-220,65,fYt1U+xVvynLJrN9ubi3MyOsUYk=,VxD0PleIlm0gMPdguDGwviAK1Yg=
-219,65,fYt1U+xVvynLJrN9ubi3MyOsUYk=,VxD0PleIlm0gMPdguDGwviAK1Yg=
-218,65,fYt1U+xVvynLJrN9ubi3MyOsUYk=,VxD0PleIlm0gMPdguDGwviAK1Yg=
-216,65,fYt1U+xVvynLJrN9ubi3MyOsUYk=,VxD0PleIlm0gMPdguDGwviAK1Yg=
-217,65,fYt1U+xVvynLJrN9ubi3MyOsUYk=,VxD0PleIlm0gMPdguDGwviAK1Yg=
-214,65,fYt1U+xVvynLJrN9ubi3MyOsUYk=,VxD0PleIlm0gMPdguDGwviAK1Yg=
-213,65,fYt1U+xVvynLJrN9ubi3MyOsUYk=,VxD0PleIlm0gMPdguDGwviAK1Yg=
-215,65,fYt1U+xVvynLJrN9ubi3MyOsUYk=,VxD0PleIlm0gMPdguDGwviAK1Yg=
-212,65,fYt1U+xVvynLJrN9ubi3MyOsUYk=,VxD0PleIlm0gMPdguDGwviAK1Yg=
-210,65,fYt1U+xVvynLJrN9ubi3MyOsUYk=,VxD0PleIlm0gMPdguDGwviAK1Yg=
-211,65,fYt1U+xVvynLJrN9ubi3MyOsUYk=,VxD0PleIlm0gMPdguDGwviAK1Yg=
-209,65,fYt1U+xVvynLJrN9ubi3MyOsUYk=,VxD0PleIlm0gMPdguDGwviAK1Yg=
-224,66,fYt1U+xVvynLJrN9ubi3MyOsUYk=,VxD0PleIlm0gMPdguDGwviAK1Yg=
-222,66,fYt1U+xVvynLJrN9ubi3MyOsUYk=,VxD0PleIlm0gMPdguDGwviAK1Yg=
-224,65,fYt1U+xVvynLJrN9ubi3MyOsUYk=,VxD0PleIlm0gMPdguDGwviAK1Yg=
-223,66,fYt1U+xVvynLJrN9ubi3MyOsUYk=,VxD0PleIlm0gMPdguDGwviAK1Yg=
-220,66,fYt1U+xVvynLJrN9ubi3MyOsUYk=,VxD0PleIlm0gMPdguDGwviAK1Yg=
-221,66,fYt1U+xVvynLJrN9ubi3MyOsUYk=,VxD0PleIlm0gMPdguDGwviAK1Yg=
-209,79,fYt1U+xVvynLJrN9ubi3MyOsUYk=,VxD0PleIlm0gMPdguDGwviAK1Yg=
-219,66,fYt1U+xVvynLJrN9ubi3MyOsUYk=,VxD0PleIlm0gMPdguDGwviAK1Yg=
-218,66,fYt1U+xVvynLJrN9ubi3MyOsUYk=,VxD0PleIlm0gMPdguDGwviAK1Yg=
-209,64,fYt1U+xVvynLJrN9ubi3MyOsUYk=,VxD0PleIlm0gMPdguDGwviAK1Yg=
-217,66,fYt1U+xVvynLJrN9ubi3MyOsUYk=,VxD0PleIlm0gMPdguDGwviAK1Yg=
-210,64,fYt1U+xVvynLJrN9ubi3MyOsUYk=,VxD0PleIlm0gMPdguDGwviAK1Yg=
-216,66,fYt1U+xVvynLJrN9ubi3MyOsUYk=,VxD0PleIlm0gMPdguDGwviAK1Yg=
-215,66,fYt1U+xVvynLJrN9ubi3MyOsUYk=,VxD0PleIlm0gMPdguDGwviAK1Yg=
-211,64,fYt1U+xVvynLJrN9ubi3MyOsUYk=,VxD0PleIlm0gMPdguDGwviAK1Yg=
-212,64,fYt1U+xVvynLJrN9ubi3MyOsUYk=,VxD0PleIlm0gMPdguDGwviAK1Yg=
-214,66,fYt1U+xVvynLJrN9ubi3MyOsUYk=,VxD0PleIlm0gMPdguDGwviAK1Yg=
-213,64,fYt1U+xVvynLJrN9ubi3MyOsUYk=,VxD0PleIlm0gMPdguDGwviAK1Yg=
-212,66,fYt1U+xVvynLJrN9ubi3MyOsUYk=,VxD0PleIlm0gMPdguDGwviAK1Yg=
-213,66,fYt1U+xVvynLJrN9ubi3MyOsUYk=,VxD0PleIlm0gMPdguDGwviAK1Yg=
-214,64,fYt1U+xVvynLJrN9ubi3MyOsUYk=,VxD0PleIlm0gMPdguDGwviAK1Yg=
-211,66,fYt1U+xVvynLJrN9ubi3MyOsUYk=,VxD0PleIlm0gMPdguDGwviAK1Yg=
-216,64,fYt1U+xVvynLJrN9ubi3MyOsUYk=,VxD0PleIlm0gMPdguDGwviAK1Yg=
-210,66,fYt1U+xVvynLJrN9ubi3MyOsUYk=,VxD0PleIlm0gMPdguDGwviAK1Yg=
-209,66,fYt1U+xVvynLJrN9ubi3MyOsUYk=,VxD0PleIlm0gMPdguDGwviAK1Yg=
-215,64,fYt1U+xVvynLJrN9ubi3MyOsUYk=,VxD0PleIlm0gMPdguDGwviAK1Yg=
-217,64,fYt1U+xVvynLJrN9ubi3MyOsUYk=,VxD0PleIlm0gMPdguDGwviAK1Yg=
-224,67,fYt1U+xVvynLJrN9ubi3MyOsUYk=,VxD0PleIlm0gMPdguDGwviAK1Yg=
-223,67,fYt1U+xVvynLJrN9ubi3MyOsUYk=,VxD0PleIlm0gMPdguDGwviAK1Yg=
-218,64,fYt1U+xVvynLJrN9ubi3MyOsUYk=,VxD0PleIlm0gMPdguDGwviAK1Yg=
-222,67,fYt1U+xVvynLJrN9ubi3MyOsUYk=,VxD0PleIlm0gMPdguDGwviAK1Yg=
-219,64,fYt1U+xVvynLJrN9ubi3MyOsUYk=,VxD0PleIlm0gMPdguDGwviAK1Yg=
-220,64,fYt1U+xVvynLJrN9ubi3MyOsUYk=,VxD0PleIlm0gMPdguDGwviAK1Yg=
-220,67,fYt1U+xVvynLJrN9ubi3MyOsUYk=,VxD0PleIlm0gMPdguDGwviAK1Yg=
-221,67,fYt1U+xVvynLJrN9ubi3MyOsUYk=,VxD0PleIlm0gMPdguDGwviAK1Yg=
-223,64,fYt1U+xVvynLJrN9ubi3MyOsUYk=,VxD0PleIlm0gMPdguDGwviAK1Yg=
-222,64,fYt1U+xVvynLJrN9ubi3MyOsUYk=,VxD0PleIlm0gMPdguDGwviAK1Yg=
-210,79,fYt1U+xVvynLJrN9ubi3MyOsUYk=,VxD0PleIlm0gMPdguDGwviAK1Yg=
-218,67,fYt1U+xVvynLJrN9ubi3MyOsUYk=,VxD0PleIlm0gMPdguDGwviAK1Yg=
-219,67,fYt1U+xVvynLJrN9ubi3MyOsUYk=,VxD0PleIlm0gMPdguDGwviAK1Yg=
-217,67,fYt1U+xVvynLJrN9ubi3MyOsUYk=,VxD0PleIlm0gMPdguDGwviAK1Yg=
-221,64,fYt1U+xVvynLJrN9ubi3MyOsUYk=,VxD0PleIlm0gMPdguDGwviAK1Yg=
-224,64,fYt1U+xVvynLJrN9ubi3MyOsUYk=,VxD0PleIlm0gMPdguDGwviAK1Yg=
-215,67,fYt1U+xVvynLJrN9ubi3MyOsUYk=,VxD0PleIlm0gMPdguDGwviAK1Yg=
-216,67,fYt1U+xVvynLJrN9ubi3MyOsUYk=,VxD0PleIlm0gMPdguDGwviAK1Yg=
-211,79,fYt1U+xVvynLJrN9ubi3MyOsUYk=,VxD0PleIlm0gMPdguDGwviAK1Yg=
-212,79,fYt1U+xVvynLJrN9ubi3MyOsUYk=,VxD0PleIlm0gMPdguDGwviAK1Yg=
-214,67,fYt1U+xVvynLJrN9ubi3MyOsUYk=,VxD0PleIlm0gMPdguDGwviAK1Yg=
-213,79,fYt1U+xVvynLJrN9ubi3MyOsUYk=,VxD0PleIlm0gMPdguDGwviAK1Yg=
-213,67,fYt1U+xVvynLJrN9ubi3MyOsUYk=,VxD0PleIlm0gMPdguDGwviAK1Yg=
-212,67,fYt1U+xVvynLJrN9ubi3MyOsUYk=,VxD0PleIlm0gMPdguDGwviAK1Yg=
-214,79,fYt1U+xVvynLJrN9ubi3MyOsUYk=,VxD0PleIlm0gMPdguDGwviAK1Yg=
-215,79,fYt1U+xVvynLJrN9ubi3MyOsUYk=,VxD0PleIlm0gMPdguDGwviAK1Yg=
-211,67,fYt1U+xVvynLJrN9ubi3MyOsUYk=,VxD0PleIlm0gMPdguDGwviAK1Yg=
-217,79,fYt1U+xVvynLJrN9ubi3MyOsUYk=,VxD0PleIlm0gMPdguDGwviAK1Yg=
-218,79,fYt1U+xVvynLJrN9ubi3MyOsUYk=,VxD0PleIlm0gMPdguDGwviAK1Yg=
-216,79,fYt1U+xVvynLJrN9ubi3MyOsUYk=,VxD0PleIlm0gMPdguDGwviAK1Yg=
-219,79,fYt1U+xVvynLJrN9ubi3MyOsUYk=,VxD0PleIlm0gMPdguDGwviAK1Yg=
-210,67,fYt1U+xVvynLJrN9ubi3MyOsUYk=,VxD0PleIlm0gMPdguDGwviAK1Yg=
-209,67,fYt1U+xVvynLJrN9ubi3MyOsUYk=,VxD0PleIlm0gMPdguDGwviAK1Yg=
-221,79,fYt1U+xVvynLJrN9ubi3MyOsUYk=,VxD0PleIlm0gMPdguDGwviAK1Yg=
-220,79,fYt1U+xVvynLJrN9ubi3MyOsUYk=,VxD0PleIlm0gMPdguDGwviAK1Yg=
-224,68,fYt1U+xVvynLJrN9ubi3MyOsUYk=,VxD0PleIlm0gMPdguDGwviAK1Yg=
-223,79,fYt1U+xVvynLJrN9ubi3MyOsUYk=,VxD0PleIlm0gMPdguDGwviAK1Yg=
-222,79,fYt1U+xVvynLJrN9ubi3MyOsUYk=,VxD0PleIlm0gMPdguDGwviAK1Yg=
-224,79,fYt1U+xVvynLJrN9ubi3MyOsUYk=,VxD0PleIlm0gMPdguDGwviAK1Yg=
-223,68,fYt1U+xVvynLJrN9ubi3MyOsUYk=,VxD0PleIlm0gMPdguDGwviAK1Yg=
-209,78,fYt1U+xVvynLJrN9ubi3MyOsUYk=,VxD0PleIlm0gMPdguDGwviAK1Yg=
-222,68,fYt1U+xVvynLJrN9ubi3MyOsUYk=,VxD0PleIlm0gMPdguDGwviAK1Yg=
-210,78,fYt1U+xVvynLJrN9ubi3MyOsUYk=,VxD0PleIlm0gMPdguDGwviAK1Yg=
-221,68,fYt1U+xVvynLJrN9ubi3MyOsUYk=,VxD0PleIlm0gMPdguDGwviAK1Yg=
-211,78,fYt1U+xVvynLJrN9ubi3MyOsUYk=,VxD0PleIlm0gMPdguDGwviAK1Yg=
-212,78,fYt1U+xVvynLJrN9ubi3MyOsUYk=,VxD0PleIlm0gMPdguDGwviAK1Yg=
-220,68,fYt1U+xVvynLJrN9ubi3MyOsUYk=,VxD0PleIlm0gMPdguDGwviAK1Yg=
-214,78,fYt1U+xVvynLJrN9ubi3MyOsUYk=,VxD0PleIlm0gMPdguDGwviAK1Yg=
-219,68,fYt1U+xVvynLJrN9ubi3MyOsUYk=,VxD0PleIlm0gMPdguDGwviAK1Yg=
-215,78,fYt1U+xVvynLJrN9ubi3MyOsUYk=,VxD0PleIlm0gMPdguDGwviAK1Yg=
-213,78,fYt1U+xVvynLJrN9ubi3MyOsUYk=,VxD0PleIlm0gMPdguDGwviAK1Yg=
-218,68,fYt1U+xVvynLJrN9ubi3MyOsUYk=,VxD0PleIlm0gMPdguDGwviAK1Yg=
-217,68,fYt1U+xVvynLJrN9ubi3MyOsUYk=,VxD0PleIlm0gMPdguDGwviAK1Yg=
-216,78,fYt1U+xVvynLJrN9ubi3MyOsUYk=,VxD0PleIlm0gMPdguDGwviAK1Yg=
-218,78,fYt1U+xVvynLJrN9ubi3MyOsUYk=,VxD0PleIlm0gMPdguDGwviAK1Yg=
-217,78,fYt1U+xVvynLJrN9ubi3MyOsUYk=,VxD0PleIlm0gMPdguDGwviAK1Yg=
-216,68,fYt1U+xVvynLJrN9ubi3MyOsUYk=,VxD0PleIlm0gMPdguDGwviAK1Yg=
-219,78,fYt1U+xVvynLJrN9ubi3MyOsUYk=,VxD0PleIlm0gMPdguDGwviAK1Yg=
-220,78,fYt1U+xVvynLJrN9ubi3MyOsUYk=,VxD0PleIlm0gMPdguDGwviAK1Yg=
-215,68,fYt1U+xVvynLJrN9ubi3MyOsUYk=,VxD0PleIlm0gMPdguDGwviAK1Yg=
-221,78,fYt1U+xVvynLJrN9ubi3MyOsUYk=,VxD0PleIlm0gMPdguDGwviAK1Yg=
-224,78,fYt1U+xVvynLJrN9ubi3MyOsUYk=,VxD0PleIlm0gMPdguDGwviAK1Yg=
-214,68,fYt1U+xVvynLJrN9ubi3MyOsUYk=,VxD0PleIlm0gMPdguDGwviAK1Yg=
-209,77,fYt1U+xVvynLJrN9ubi3MyOsUYk=,VxD0PleIlm0gMPdguDGwviAK1Yg=
-223,78,fYt1U+xVvynLJrN9ubi3MyOsUYk=,VxD0PleIlm0gMPdguDGwviAK1Yg=
-213,68,fYt1U+xVvynLJrN9ubi3MyOsUYk=,VxD0PleIlm0gMPdguDGwviAK1Yg=
-210,77,fYt1U+xVvynLJrN9ubi3MyOsUYk=,VxD0PleIlm0gMPdguDGwviAK1Yg=
-212,68,fYt1U+xVvynLJrN9ubi3MyOsUYk=,VxD0PleIlm0gMPdguDGwviAK1Yg=
-211,77,fYt1U+xVvynLJrN9ubi3MyOsUYk=,VxD0PleIlm0gMPdguDGwviAK1Yg=
-212,77,fYt1U+xVvynLJrN9ubi3MyOsUYk=,VxD0PleIlm0gMPdguDGwviAK1Yg=
-213,77,fYt1U+xVvynLJrN9ubi3MyOsUYk=,VxD0PleIlm0gMPdguDGwviAK1Yg=
-211,68,fYt1U+xVvynLJrN9ubi3MyOsUYk=,VxD0PleIlm0gMPdguDGwviAK1Yg=
-214,77,fYt1U+xVvynLJrN9ubi3MyOsUYk=,VxD0PleIlm0gMPdguDGwviAK1Yg=
-222,78,fYt1U+xVvynLJrN9ubi3MyOsUYk=,VxD0PleIlm0gMPdguDGwviAK1Yg=
-210,68,fYt1U+xVvynLJrN9ubi3MyOsUYk=,VxD0PleIlm0gMPdguDGwviAK1Yg=
-216,77,fYt1U+xVvynLJrN9ubi3MyOsUYk=,VxD0PleIlm0gMPdguDGwviAK1Yg=
-217,77,fYt1U+xVvynLJrN9ubi3MyOsUYk=,VxD0PleIlm0gMPdguDGwviAK1Yg=
-209,68,fYt1U+xVvynLJrN9ubi3MyOsUYk=,VxD0PleIlm0gMPdguDGwviAK1Yg=
-218,77,fYt1U+xVvynLJrN9ubi3MyOsUYk=,VxD0PleIlm0gMPdguDGwviAK1Yg=
-220,77,fYt1U+xVvynLJrN9ubi3MyOsUYk=,VxD0PleIlm0gMPdguDGwviAK1Yg=
-224,69,fYt1U+xVvynLJrN9ubi3MyOsUYk=,VxD0PleIlm0gMPdguDGwviAK1Yg=
-219,77,fYt1U+xVvynLJrN9ubi3MyOsUYk=,VxD0PleIlm0gMPdguDGwviAK1Yg=
-221,77,fYt1U+xVvynLJrN9ubi3MyOsUYk=,VxD0PleIlm0gMPdguDGwviAK1Yg=
-215,77,fYt1U+xVvynLJrN9ubi3MyOsUYk=,VxD0PleIlm0gMPdguDGwviAK1Yg=
-223,69,fYt1U+xVvynLJrN9ubi3MyOsUYk=,VxD0PleIlm0gMPdguDGwviAK1Yg=
-224,77,fYt1U+xVvynLJrN9ubi3MyOsUYk=,VxD0PleIlm0gMPdguDGwviAK1Yg=
-223,77,fYt1U+xVvynLJrN9ubi3MyOsUYk=,VxD0PleIlm0gMPdguDGwviAK1Yg=
-222,69,fYt1U+xVvynLJrN9ubi3MyOsUYk=,VxD0PleIlm0gMPdguDGwviAK1Yg=
-211,76,fYt1U+xVvynLJrN9ubi3MyOsUYk=,VxD0PleIlm0gMPdguDGwviAK1Yg=
-213,76,fYt1U+xVvynLJrN9ubi3MyOsUYk=,VxD0PleIlm0gMPdguDGwviAK1Yg=
-212,76,fYt1U+xVvynLJrN9ubi3MyOsUYk=,VxD0PleIlm0gMPdguDGwviAK1Yg=
-214,76,fYt1U+xVvynLJrN9ubi3MyOsUYk=,VxD0PleIlm0gMPdguDGwviAK1Yg=
-222,77,fYt1U+xVvynLJrN9ubi3MyOsUYk=,VxD0PleIlm0gMPdguDGwviAK1Yg=
-209,76,fYt1U+xVvynLJrN9ubi3MyOsUYk=,VxD0PleIlm0gMPdguDGwviAK1Yg=
-215,76,fYt1U+xVvynLJrN9ubi3MyOsUYk=,VxD0PleIlm0gMPdguDGwviAK1Yg=
-221,69,fYt1U+xVvynLJrN9ubi3MyOsUYk=,VxD0PleIlm0gMPdguDGwviAK1Yg=
-210,76,fYt1U+xVvynLJrN9ubi3MyOsUYk=,VxD0PleIlm0gMPdguDGwviAK1Yg=
-216,76,fYt1U+xVvynLJrN9ubi3MyOsUYk=,VxD0PleIlm0gMPdguDGwviAK1Yg=
-220,76,fYt1U+xVvynLJrN9ubi3MyOsUYk=,VxD0PleIlm0gMPdguDGwviAK1Yg=
-218,76,fYt1U+xVvynLJrN9ubi3MyOsUYk=,VxD0PleIlm0gMPdguDGwviAK1Yg=
-219,76,fYt1U+xVvynLJrN9ubi3MyOsUYk=,VxD0PleIlm0gMPdguDGwviAK1Yg=
-220,69,fYt1U+xVvynLJrN9ubi3MyOsUYk=,VxD0PleIlm0gMPdguDGwviAK1Yg=
-222,76,fYt1U+xVvynLJrN9ubi3MyOsUYk=,VxD0PleIlm0gMPdguDGwviAK1Yg=
-223,76,fYt1U+xVvynLJrN9ubi3MyOsUYk=,VxD0PleIlm0gMPdguDGwviAK1Yg=
-224,76,fYt1U+xVvynLJrN9ubi3MyOsUYk=,VxD0PleIlm0gMPdguDGwviAK1Yg=
-219,69,fYt1U+xVvynLJrN9ubi3MyOsUYk=,VxD0PleIlm0gMPdguDGwviAK1Yg=
-217,76,fYt1U+xVvynLJrN9ubi3MyOsUYk=,VxD0PleIlm0gMPdguDGwviAK1Yg=
-210,75,fYt1U+xVvynLJrN9ubi3MyOsUYk=,VxD0PleIlm0gMPdguDGwviAK1Yg=
-211,75,fYt1U+xVvynLJrN9ubi3MyOsUYk=,VxD0PleIlm0gMPdguDGwviAK1Yg=
-209,75,fYt1U+xVvynLJrN9ubi3MyOsUYk=,VxD0PleIlm0gMPdguDGwviAK1Yg=
-221,76,fYt1U+xVvynLJrN9ubi3MyOsUYk=,VxD0PleIlm0gMPdguDGwviAK1Yg=
-218,69,fYt1U+xVvynLJrN9ubi3MyOsUYk=,VxD0PleIlm0gMPdguDGwviAK1Yg=
-213,75,fYt1U+xVvynLJrN9ubi3MyOsUYk=,VxD0PleIlm0gMPdguDGwviAK1Yg=
-212,75,fYt1U+xVvynLJrN9ubi3MyOsUYk=,VxD0PleIlm0gMPdguDGwviAK1Yg=
-214,75,fYt1U+xVvynLJrN9ubi3MyOsUYk=,VxD0PleIlm0gMPdguDGwviAK1Yg=
-215,75,fYt1U+xVvynLJrN9ubi3MyOsUYk=,VxD0PleIlm0gMPdguDGwviAK1Yg=
-217,69,fYt1U+xVvynLJrN9ubi3MyOsUYk=,VxD0PleIlm0gMPdguDGwviAK1Yg=
-217,75,fYt1U+xVvynLJrN9ubi3MyOsUYk=,VxD0PleIlm0gMPdguDGwviAK1Yg=
-219,75,fYt1U+xVvynLJrN9ubi3MyOsUYk=,VxD0PleIlm0gMPdguDGwviAK1Yg=
-218,75,fYt1U+xVvynLJrN9ubi3MyOsUYk=,VxD0PleIlm0gMPdguDGwviAK1Yg=
-216,75,fYt1U+xVvynLJrN9ubi3MyOsUYk=,VxD0PleIlm0gMPdguDGwviAK1Yg=
-221,75,fYt1U+xVvynLJrN9ubi3MyOsUYk=,VxD0PleIlm0gMPdguDGwviAK1Yg=
-222,75,fYt1U+xVvynLJrN9ubi3MyOsUYk=,VxD0PleIlm0gMPdguDGwviAK1Yg=
-223,75,fYt1U+xVvynLJrN9ubi3MyOsUYk=,VxD0PleIlm0gMPdguDGwviAK1Yg=
-220,75,fYt1U+xVvynLJrN9ubi3MyOsUYk=,VxD0PleIlm0gMPdguDGwviAK1Yg=
-209,74,fYt1U+xVvynLJrN9ubi3MyOsUYk=,VxD0PleIlm0gMPdguDGwviAK1Yg=
-216,69,fYt1U+xVvynLJrN9ubi3MyOsUYk=,VxD0PleIlm0gMPdguDGwviAK1Yg=
-210,74,fYt1U+xVvynLJrN9ubi3MyOsUYk=,VxD0PleIlm0gMPdguDGwviAK1Yg=
-211,74,fYt1U+xVvynLJrN9ubi3MyOsUYk=,VxD0PleIlm0gMPdguDGwviAK1Yg=
-224,75,fYt1U+xVvynLJrN9ubi3MyOsUYk=,VxD0PleIlm0gMPdguDGwviAK1Yg=
-213,74,fYt1U+xVvynLJrN9ubi3MyOsUYk=,VxD0PleIlm0gMPdguDGwviAK1Yg=
-214,74,fYt1U+xVvynLJrN9ubi3MyOsUYk=,VxD0PleIlm0gMPdguDGwviAK1Yg=
-212,74,fYt1U+xVvynLJrN9ubi3MyOsUYk=,VxD0PleIlm0gMPdguDGwviAK1Yg=
-215,69,fYt1U+xVvynLJrN9ubi3MyOsUYk=,VxD0PleIlm0gMPdguDGwviAK1Yg=
-217,74,fYt1U+xVvynLJrN9ubi3MyOsUYk=,VxD0PleIlm0gMPdguDGwviAK1Yg=
-218,74,fYt1U+xVvynLJrN9ubi3MyOsUYk=,VxD0PleIlm0gMPdguDGwviAK1Yg=
-215,74,fYt1U+xVvynLJrN9ubi3MyOsUYk=,VxD0PleIlm0gMPdguDGwviAK1Yg=
-216,74,fYt1U+xVvynLJrN9ubi3MyOsUYk=,VxD0PleIlm0gMPdguDGwviAK1Yg=
-221,74,fYt1U+xVvynLJrN9ubi3MyOsUYk=,VxD0PleIlm0gMPdguDGwviAK1Yg=
-214,69,fYt1U+xVvynLJrN9ubi3MyOsUYk=,VxD0PleIlm0gMPdguDGwviAK1Yg=
-219,74,fYt1U+xVvynLJrN9ubi3MyOsUYk=,VxD0PleIlm0gMPdguDGwviAK1Yg=
-222,74,fYt1U+xVvynLJrN9ubi3MyOsUYk=,VxD0PleIlm0gMPdguDGwviAK1Yg=
-209,73,fYt1U+xVvynLJrN9ubi3MyOsUYk=,VxD0PleIlm0gMPdguDGwviAK1Yg=
-210,73,fYt1U+xVvynLJrN9ubi3MyOsUYk=,VxD0PleIlm0gMPdguDGwviAK1Yg=
-211,73,fYt1U+xVvynLJrN9ubi3MyOsUYk=,VxD0PleIlm0gMPdguDGwviAK1Yg=
-223,74,fYt1U+xVvynLJrN9ubi3MyOsUYk=,VxD0PleIlm0gMPdguDGwviAK1Yg=
-224,74,fYt1U+xVvynLJrN9ubi3MyOsUYk=,VxD0PleIlm0gMPdguDGwviAK1Yg=
-220,74,fYt1U+xVvynLJrN9ubi3MyOsUYk=,VxD0PleIlm0gMPdguDGwviAK1Yg=
-212,73,fYt1U+xVvynLJrN9ubi3MyOsUYk=,VxD0PleIlm0gMPdguDGwviAK1Yg=
-214,73,fYt1U+xVvynLJrN9ubi3MyOsUYk=,VxD0PleIlm0gMPdguDGwviAK1Yg=
-213,69,fYt1U+xVvynLJrN9ubi3MyOsUYk=,VxD0PleIlm0gMPdguDGwviAK1Yg=
-215,73,fYt1U+xVvynLJrN9ubi3MyOsUYk=,VxD0PleIlm0gMPdguDGwviAK1Yg=
-213,73,fYt1U+xVvynLJrN9ubi3MyOsUYk=,VxD0PleIlm0gMPdguDGwviAK1Yg=
-216,73,fYt1U+xVvynLJrN9ubi3MyOsUYk=,VxD0PleIlm0gMPdguDGwviAK1Yg=
-217,73,fYt1U+xVvynLJrN9ubi3MyOsUYk=,VxD0PleIlm0gMPdguDGwviAK1Yg=
-218,73,fYt1U+xVvynLJrN9ubi3MyOsUYk=,VxD0PleIlm0gMPdguDGwviAK1Yg=
-219,73,fYt1U+xVvynLJrN9ubi3MyOsUYk=,VxD0PleIlm0gMPdguDGwviAK1Yg=
-220,73,fYt1U+xVvynLJrN9ubi3MyOsUYk=,VxD0PleIlm0gMPdguDGwviAK1Yg=
-212,69,fYt1U+xVvynLJrN9ubi3MyOsUYk=,VxD0PleIlm0gMPdguDGwviAK1Yg=
-222,73,fYt1U+xVvynLJrN9ubi3MyOsUYk=,VxD0PleIlm0gMPdguDGwviAK1Yg=
-223,73,fYt1U+xVvynLJrN9ubi3MyOsUYk=,VxD0PleIlm0gMPdguDGwviAK1Yg=
-221,73,fYt1U+xVvynLJrN9ubi3MyOsUYk=,VxD0PleIlm0gMPdguDGwviAK1Yg=
-224,73,fYt1U+xVvynLJrN9ubi3MyOsUYk=,VxD0PleIlm0gMPdguDGwviAK1Yg=
-209,72,fYt1U+xVvynLJrN9ubi3MyOsUYk=,VxD0PleIlm0gMPdguDGwviAK1Yg=
-210,72,fYt1U+xVvynLJrN9ubi3MyOsUYk=,VxD0PleIlm0gMPdguDGwviAK1Yg=
-211,72,fYt1U+xVvynLJrN9ubi3MyOsUYk=,VxD0PleIlm0gMPdguDGwviAK1Yg=
-212,72,fYt1U+xVvynLJrN9ubi3MyOsUYk=,VxD0PleIlm0gMPdguDGwviAK1Yg=
-213,72,fYt1U+xVvynLJrN9ubi3MyOsUYk=,VxD0PleIlm0gMPdguDGwviAK1Yg=
-211,69,fYt1U+xVvynLJrN9ubi3MyOsUYk=,VxD0PleIlm0gMPdguDGwviAK1Yg=
-214,72,fYt1U+xVvynLJrN9ubi3MyOsUYk=,VxD0PleIlm0gMPdguDGwviAK1Yg=
-215,72,fYt1U+xVvynLJrN9ubi3MyOsUYk=,VxD0PleIlm0gMPdguDGwviAK1Yg=
-216,72,fYt1U+xVvynLJrN9ubi3MyOsUYk=,VxD0PleIlm0gMPdguDGwviAK1Yg=
-218,72,fYt1U+xVvynLJrN9ubi3MyOsUYk=,VxD0PleIlm0gMPdguDGwviAK1Yg=
-221,72,fYt1U+xVvynLJrN9ubi3MyOsUYk=,VxD0PleIlm0gMPdguDGwviAK1Yg=
-219,72,fYt1U+xVvynLJrN9ubi3MyOsUYk=,VxD0PleIlm0gMPdguDGwviAK1Yg=
-217,72,fYt1U+xVvynLJrN9ubi3MyOsUYk=,VxD0PleIlm0gMPdguDGwviAK1Yg=
-210,69,fYt1U+xVvynLJrN9ubi3MyOsUYk=,VxD0PleIlm0gMPdguDGwviAK1Yg=
-222,72,fYt1U+xVvynLJrN9ubi3MyOsUYk=,VxD0PleIlm0gMPdguDGwviAK1Yg=
-220,72,fYt1U+xVvynLJrN9ubi3MyOsUYk=,VxD0PleIlm0gMPdguDGwviAK1Yg=
-224,72,fYt1U+xVvynLJrN9ubi3MyOsUYk=,VxD0PleIlm0gMPdguDGwviAK1Yg=
-223,72,fYt1U+xVvynLJrN9ubi3MyOsUYk=,VxD0PleIlm0gMPdguDGwviAK1Yg=
-210,71,fYt1U+xVvynLJrN9ubi3MyOsUYk=,VxD0PleIlm0gMPdguDGwviAK1Yg=
-209,71,fYt1U+xVvynLJrN9ubi3MyOsUYk=,VxD0PleIlm0gMPdguDGwviAK1Yg=
-211,71,fYt1U+xVvynLJrN9ubi3MyOsUYk=,VxD0PleIlm0gMPdguDGwviAK1Yg=
-212,71,fYt1U+xVvynLJrN9ubi3MyOsUYk=,VxD0PleIlm0gMPdguDGwviAK1Yg=
-213,71,fYt1U+xVvynLJrN9ubi3MyOsUYk=,VxD0PleIlm0gMPdguDGwviAK1Yg=
-215,71,fYt1U+xVvynLJrN9ubi3MyOsUYk=,VxD0PleIlm0gMPdguDGwviAK1Yg=
-214,71,fYt1U+xVvynLJrN9ubi3MyOsUYk=,VxD0PleIlm0gMPdguDGwviAK1Yg=
-216,71,fYt1U+xVvynLJrN9ubi3MyOsUYk=,VxD0PleIlm0gMPdguDGwviAK1Yg=
-217,71,fYt1U+xVvynLJrN9ubi3MyOsUYk=,VxD0PleIlm0gMPdguDGwviAK1Yg=
-209,69,fYt1U+xVvynLJrN9ubi3MyOsUYk=,VxD0PleIlm0gMPdguDGwviAK1Yg=
-218,71,fYt1U+xVvynLJrN9ubi3MyOsUYk=,VxD0PleIlm0gMPdguDGwviAK1Yg=
-220,71,fYt1U+xVvynLJrN9ubi3MyOsUYk=,VxD0PleIlm0gMPdguDGwviAK1Yg=
-219,71,fYt1U+xVvynLJrN9ubi3MyOsUYk=,VxD0PleIlm0gMPdguDGwviAK1Yg=
-221,71,fYt1U+xVvynLJrN9ubi3MyOsUYk=,VxD0PleIlm0gMPdguDGwviAK1Yg=
-222,71,fYt1U+xVvynLJrN9ubi3MyOsUYk=,VxD0PleIlm0gMPdguDGwviAK1Yg=
-224,70,fYt1U+xVvynLJrN9ubi3MyOsUYk=,VxD0PleIlm0gMPdguDGwviAK1Yg=
-223,71,fYt1U+xVvynLJrN9ubi3MyOsUYk=,VxD0PleIlm0gMPdguDGwviAK1Yg=
-224,71,fYt1U+xVvynLJrN9ubi3MyOsUYk=,VxD0PleIlm0gMPdguDGwviAK1Yg=
-209,70,fYt1U+xVvynLJrN9ubi3MyOsUYk=,VxD0PleIlm0gMPdguDGwviAK1Yg=
-213,70,fYt1U+xVvynLJrN9ubi3MyOsUYk=,VxD0PleIlm0gMPdguDGwviAK1Yg=
-210,70,fYt1U+xVvynLJrN9ubi3MyOsUYk=,VxD0PleIlm0gMPdguDGwviAK1Yg=
-211,70,fYt1U+xVvynLJrN9ubi3MyOsUYk=,VxD0PleIlm0gMPdguDGwviAK1Yg=
-214,70,fYt1U+xVvynLJrN9ubi3MyOsUYk=,VxD0PleIlm0gMPdguDGwviAK1Yg=
-215,70,fYt1U+xVvynLJrN9ubi3MyOsUYk=,VxD0PleIlm0gMPdguDGwviAK1Yg=
-212,70,fYt1U+xVvynLJrN9ubi3MyOsUYk=,VxD0PleIlm0gMPdguDGwviAK1Yg=
-223,70,fYt1U+xVvynLJrN9ubi3MyOsUYk=,VxD0PleIlm0gMPdguDGwviAK1Yg=
-216,70,fYt1U+xVvynLJrN9ubi3MyOsUYk=,VxD0PleIlm0gMPdguDGwviAK1Yg=
-217,70,fYt1U+xVvynLJrN9ubi3MyOsUYk=,VxD0PleIlm0gMPdguDGwviAK1Yg=
-218,70,fYt1U+xVvynLJrN9ubi3MyOsUYk=,VxD0PleIlm0gMPdguDGwviAK1Yg=
-219,70,fYt1U+xVvynLJrN9ubi3MyOsUYk=,VxD0PleIlm0gMPdguDGwviAK1Yg=
-220,70,fYt1U+xVvynLJrN9ubi3MyOsUYk=,VxD0PleIlm0gMPdguDGwviAK1Yg=
-221,70,fYt1U+xVvynLJrN9ubi3MyOsUYk=,VxD0PleIlm0gMPdguDGwviAK1Yg=
-222,70,fYt1U+xVvynLJrN9ubi3MyOsUYk=,VxD0PleIlm0gMPdguDGwviAK1Yg=
-204,66,fYt1U+xVvynLJrN9ubi3MyOsUYk=,VxD0PleIlm0gMPdguDGwviAK1Yg=
-205,66,fYt1U+xVvynLJrN9ubi3MyOsUYk=,VxD0PleIlm0gMPdguDGwviAK1Yg=
-206,65,fYt1U+xVvynLJrN9ubi3MyOsUYk=,VxD0PleIlm0gMPdguDGwviAK1Yg=
-206,66,fYt1U+xVvynLJrN9ubi3MyOsUYk=,VxD0PleIlm0gMPdguDGwviAK1Yg=
-207,65,fYt1U+xVvynLJrN9ubi3MyOsUYk=,VxD0PleIlm0gMPdguDGwviAK1Yg=
-208,65,fYt1U+xVvynLJrN9ubi3MyOsUYk=,VxD0PleIlm0gMPdguDGwviAK1Yg=
-207,64,fYt1U+xVvynLJrN9ubi3MyOsUYk=,VxD0PleIlm0gMPdguDGwviAK1Yg=
-207,66,fYt1U+xVvynLJrN9ubi3MyOsUYk=,VxD0PleIlm0gMPdguDGwviAK1Yg=
-208,66,fYt1U+xVvynLJrN9ubi3MyOsUYk=,VxD0PleIlm0gMPdguDGwviAK1Yg=
-193,65,fYt1U+xVvynLJrN9ubi3MyOsUYk=,VxD0PleIlm0gMPdguDGwviAK1Yg=
-194,65,fYt1U+xVvynLJrN9ubi3MyOsUYk=,VxD0PleIlm0gMPdguDGwviAK1Yg=
-196,65,fYt1U+xVvynLJrN9ubi3MyOsUYk=,VxD0PleIlm0gMPdguDGwviAK1Yg=
-195,65,fYt1U+xVvynLJrN9ubi3MyOsUYk=,VxD0PleIlm0gMPdguDGwviAK1Yg=
-197,65,fYt1U+xVvynLJrN9ubi3MyOsUYk=,VxD0PleIlm0gMPdguDGwviAK1Yg=
-198,65,fYt1U+xVvynLJrN9ubi3MyOsUYk=,VxD0PleIlm0gMPdguDGwviAK1Yg=
-201,65,fYt1U+xVvynLJrN9ubi3MyOsUYk=,VxD0PleIlm0gMPdguDGwviAK1Yg=
-200,65,fYt1U+xVvynLJrN9ubi3MyOsUYk=,VxD0PleIlm0gMPdguDGwviAK1Yg=
-202,65,fYt1U+xVvynLJrN9ubi3MyOsUYk=,VxD0PleIlm0gMPdguDGwviAK1Yg=
-203,65,fYt1U+xVvynLJrN9ubi3MyOsUYk=,VxD0PleIlm0gMPdguDGwviAK1Yg=
-199,65,fYt1U+xVvynLJrN9ubi3MyOsUYk=,VxD0PleIlm0gMPdguDGwviAK1Yg=
-204,65,fYt1U+xVvynLJrN9ubi3MyOsUYk=,VxD0PleIlm0gMPdguDGwviAK1Yg=
-208,64,fYt1U+xVvynLJrN9ubi3MyOsUYk=,VxD0PleIlm0gMPdguDGwviAK1Yg=
-193,79,fYt1U+xVvynLJrN9ubi3MyOsUYk=,VxD0PleIlm0gMPdguDGwviAK1Yg=
-205,65,fYt1U+xVvynLJrN9ubi3MyOsUYk=,VxD0PleIlm0gMPdguDGwviAK1Yg=
-194,79,fYt1U+xVvynLJrN9ubi3MyOsUYk=,VxD0PleIlm0gMPdguDGwviAK1Yg=
-195,79,fYt1U+xVvynLJrN9ubi3MyOsUYk=,VxD0PleIlm0gMPdguDGwviAK1Yg=
-197,79,fYt1U+xVvynLJrN9ubi3MyOsUYk=,VxD0PleIlm0gMPdguDGwviAK1Yg=
-198,79,fYt1U+xVvynLJrN9ubi3MyOsUYk=,VxD0PleIlm0gMPdguDGwviAK1Yg=
-200,79,fYt1U+xVvynLJrN9ubi3MyOsUYk=,VxD0PleIlm0gMPdguDGwviAK1Yg=
-201,79,fYt1U+xVvynLJrN9ubi3MyOsUYk=,VxD0PleIlm0gMPdguDGwviAK1Yg=
-202,79,fYt1U+xVvynLJrN9ubi3MyOsUYk=,VxD0PleIlm0gMPdguDGwviAK1Yg=
-203,79,fYt1U+xVvynLJrN9ubi3MyOsUYk=,VxD0PleIlm0gMPdguDGwviAK1Yg=
-199,79,fYt1U+xVvynLJrN9ubi3MyOsUYk=,VxD0PleIlm0gMPdguDGwviAK1Yg=
-193,64,fYt1U+xVvynLJrN9ubi3MyOsUYk=,VxD0PleIlm0gMPdguDGwviAK1Yg=
-204,79,fYt1U+xVvynLJrN9ubi3MyOsUYk=,VxD0PleIlm0gMPdguDGwviAK1Yg=
-205,79,fYt1U+xVvynLJrN9ubi3MyOsUYk=,VxD0PleIlm0gMPdguDGwviAK1Yg=
-206,79,fYt1U+xVvynLJrN9ubi3MyOsUYk=,VxD0PleIlm0gMPdguDGwviAK1Yg=
-207,79,fYt1U+xVvynLJrN9ubi3MyOsUYk=,VxD0PleIlm0gMPdguDGwviAK1Yg=
-208,79,fYt1U+xVvynLJrN9ubi3MyOsUYk=,VxD0PleIlm0gMPdguDGwviAK1Yg=
-193,78,fYt1U+xVvynLJrN9ubi3MyOsUYk=,VxD0PleIlm0gMPdguDGwviAK1Yg=
-197,78,fYt1U+xVvynLJrN9ubi3MyOsUYk=,VxD0PleIlm0gMPdguDGwviAK1Yg=
-195,78,fYt1U+xVvynLJrN9ubi3MyOsUYk=,VxD0PleIlm0gMPdguDGwviAK1Yg=
-194,78,fYt1U+xVvynLJrN9ubi3MyOsUYk=,VxD0PleIlm0gMPdguDGwviAK1Yg=
-198,78,fYt1U+xVvynLJrN9ubi3MyOsUYk=,VxD0PleIlm0gMPdguDGwviAK1Yg=
-199,78,fYt1U+xVvynLJrN9ubi3MyOsUYk=,VxD0PleIlm0gMPdguDGwviAK1Yg=
-200,78,fYt1U+xVvynLJrN9ubi3MyOsUYk=,VxD0PleIlm0gMPdguDGwviAK1Yg=
-201,78,fYt1U+xVvynLJrN9ubi3MyOsUYk=,VxD0PleIlm0gMPdguDGwviAK1Yg=
-196,78,fYt1U+xVvynLJrN9ubi3MyOsUYk=,VxD0PleIlm0gMPdguDGwviAK1Yg=
-202,78,fYt1U+xVvynLJrN9ubi3MyOsUYk=,VxD0PleIlm0gMPdguDGwviAK1Yg=
-194,64,fYt1U+xVvynLJrN9ubi3MyOsUYk=,VxD0PleIlm0gMPdguDGwviAK1Yg=
-203,78,fYt1U+xVvynLJrN9ubi3MyOsUYk=,VxD0PleIlm0gMPdguDGwviAK1Yg=
-205,78,fYt1U+xVvynLJrN9ubi3MyOsUYk=,VxD0PleIlm0gMPdguDGwviAK1Yg=
-204,78,fYt1U+xVvynLJrN9ubi3MyOsUYk=,VxD0PleIlm0gMPdguDGwviAK1Yg=
-206,78,fYt1U+xVvynLJrN9ubi3MyOsUYk=,VxD0PleIlm0gMPdguDGwviAK1Yg=
-208,78,fYt1U+xVvynLJrN9ubi3MyOsUYk=,VxD0PleIlm0gMPdguDGwviAK1Yg=
-207,78,fYt1U+xVvynLJrN9ubi3MyOsUYk=,VxD0PleIlm0gMPdguDGwviAK1Yg=
-194,77,fYt1U+xVvynLJrN9ubi3MyOsUYk=,VxD0PleIlm0gMPdguDGwviAK1Yg=
-195,77,fYt1U+xVvynLJrN9ubi3MyOsUYk=,VxD0PleIlm0gMPdguDGwviAK1Yg=
-193,77,fYt1U+xVvynLJrN9ubi3MyOsUYk=,VxD0PleIlm0gMPdguDGwviAK1Yg=
-197,77,fYt1U+xVvynLJrN9ubi3MyOsUYk=,VxD0PleIlm0gMPdguDGwviAK1Yg=
-196,77,fYt1U+xVvynLJrN9ubi3MyOsUYk=,VxD0PleIlm0gMPdguDGwviAK1Yg=
-198,77,fYt1U+xVvynLJrN9ubi3MyOsUYk=,VxD0PleIlm0gMPdguDGwviAK1Yg=
-200,77,fYt1U+xVvynLJrN9ubi3MyOsUYk=,VxD0PleIlm0gMPdguDGwviAK1Yg=
-199,77,fYt1U+xVvynLJrN9ubi3MyOsUYk=,VxD0PleIlm0gMPdguDGwviAK1Yg=
-201,77,fYt1U+xVvynLJrN9ubi3MyOsUYk=,VxD0PleIlm0gMPdguDGwviAK1Yg=
-195,64,fYt1U+xVvynLJrN9ubi3MyOsUYk=,VxD0PleIlm0gMPdguDGwviAK1Yg=
-202,77,fYt1U+xVvynLJrN9ubi3MyOsUYk=,VxD0PleIlm0gMPdguDGwviAK1Yg=
-203,77,fYt1U+xVvynLJrN9ubi3MyOsUYk=,VxD0PleIlm0gMPdguDGwviAK1Yg=
-204,77,fYt1U+xVvynLJrN9ubi3MyOsUYk=,VxD0PleIlm0gMPdguDGwviAK1Yg=
-206,77,fYt1U+xVvynLJrN9ubi3MyOsUYk=,VxD0PleIlm0gMPdguDGwviAK1Yg=
-205,77,fYt1U+xVvynLJrN9ubi3MyOsUYk=,VxD0PleIlm0gMPdguDGwviAK1Yg=
-208,77,fYt1U+xVvynLJrN9ubi3MyOsUYk=,VxD0PleIlm0gMPdguDGwviAK1Yg=
-193,76,fYt1U+xVvynLJrN9ubi3MyOsUYk=,VxD0PleIlm0gMPdguDGwviAK1Yg=
-207,77,fYt1U+xVvynLJrN9ubi3MyOsUYk=,VxD0PleIlm0gMPdguDGwviAK1Yg=
-194,76,fYt1U+xVvynLJrN9ubi3MyOsUYk=,VxD0PleIlm0gMPdguDGwviAK1Yg=
-195,76,fYt1U+xVvynLJrN9ubi3MyOsUYk=,VxD0PleIlm0gMPdguDGwviAK1Yg=
-196,76,fYt1U+xVvynLJrN9ubi3MyOsUYk=,VxD0PleIlm0gMPdguDGwviAK1Yg=
-197,76,fYt1U+xVvynLJrN9ubi3MyOsUYk=,VxD0PleIlm0gMPdguDGwviAK1Yg=
-198,76,fYt1U+xVvynLJrN9ubi3MyOsUYk=,VxD0PleIlm0gMPdguDGwviAK1Yg=
-199,76,fYt1U+xVvynLJrN9ubi3MyOsUYk=,VxD0PleIlm0gMPdguDGwviAK1Yg=
-196,64,fYt1U+xVvynLJrN9ubi3MyOsUYk=,VxD0PleIlm0gMPdguDGwviAK1Yg=
-201,76,fYt1U+xVvynLJrN9ubi3MyOsUYk=,VxD0PleIlm0gMPdguDGwviAK1Yg=
-203,76,fYt1U+xVvynLJrN9ubi3MyOsUYk=,VxD0PleIlm0gMPdguDGwviAK1Yg=
-204,76,fYt1U+xVvynLJrN9ubi3MyOsUYk=,VxD0PleIlm0gMPdguDGwviAK1Yg=
-202,76,fYt1U+xVvynLJrN9ubi3MyOsUYk=,VxD0PleIlm0gMPdguDGwviAK1Yg=
-205,76,fYt1U+xVvynLJrN9ubi3MyOsUYk=,VxD0PleIlm0gMPdguDGwviAK1Yg=
-206,76,fYt1U+xVvynLJrN9ubi3MyOsUYk=,VxD0PleIlm0gMPdguDGwviAK1Yg=
-200,76,fYt1U+xVvynLJrN9ubi3MyOsUYk=,VxD0PleIlm0gMPdguDGwviAK1Yg=
-208,76,fYt1U+xVvynLJrN9ubi3MyOsUYk=,VxD0PleIlm0gMPdguDGwviAK1Yg=
-193,75,fYt1U+xVvynLJrN9ubi3MyOsUYk=,VxD0PleIlm0gMPdguDGwviAK1Yg=
-207,76,fYt1U+xVvynLJrN9ubi3MyOsUYk=,VxD0PleIlm0gMPdguDGwviAK1Yg=
-194,75,fYt1U+xVvynLJrN9ubi3MyOsUYk=,VxD0PleIlm0gMPdguDGwviAK1Yg=
-195,75,fYt1U+xVvynLJrN9ubi3MyOsUYk=,VxD0PleIlm0gMPdguDGwviAK1Yg=
-196,75,fYt1U+xVvynLJrN9ubi3MyOsUYk=,VxD0PleIlm0gMPdguDGwviAK1Yg=
-198,75,fYt1U+xVvynLJrN9ubi3MyOsUYk=,VxD0PleIlm0gMPdguDGwviAK1Yg=
-197,75,fYt1U+xVvynLJrN9ubi3MyOsUYk=,VxD0PleIlm0gMPdguDGwviAK1Yg=
-199,75,fYt1U+xVvynLJrN9ubi3MyOsUYk=,VxD0PleIlm0gMPdguDGwviAK1Yg=
-197,64,fYt1U+xVvynLJrN9ubi3MyOsUYk=,VxD0PleIlm0gMPdguDGwviAK1Yg=
-202,75,fYt1U+xVvynLJrN9ubi3MyOsUYk=,VxD0PleIlm0gMPdguDGwviAK1Yg=
-200,75,fYt1U+xVvynLJrN9ubi3MyOsUYk=,VxD0PleIlm0gMPdguDGwviAK1Yg=
-203,75,fYt1U+xVvynLJrN9ubi3MyOsUYk=,VxD0PleIlm0gMPdguDGwviAK1Yg=
-201,75,fYt1U+xVvynLJrN9ubi3MyOsUYk=,VxD0PleIlm0gMPdguDGwviAK1Yg=
-204,75,fYt1U+xVvynLJrN9ubi3MyOsUYk=,VxD0PleIlm0gMPdguDGwviAK1Yg=
-205,75,fYt1U+xVvynLJrN9ubi3MyOsUYk=,VxD0PleIlm0gMPdguDGwviAK1Yg=
-207,75,fYt1U+xVvynLJrN9ubi3MyOsUYk=,VxD0PleIlm0gMPdguDGwviAK1Yg=
-206,75,fYt1U+xVvynLJrN9ubi3MyOsUYk=,VxD0PleIlm0gMPdguDGwviAK1Yg=
-193,74,fYt1U+xVvynLJrN9ubi3MyOsUYk=,VxD0PleIlm0gMPdguDGwviAK1Yg=
-194,74,fYt1U+xVvynLJrN9ubi3MyOsUYk=,VxD0PleIlm0gMPdguDGwviAK1Yg=
-195,74,fYt1U+xVvynLJrN9ubi3MyOsUYk=,VxD0PleIlm0gMPdguDGwviAK1Yg=
-197,74,fYt1U+xVvynLJrN9ubi3MyOsUYk=,VxD0PleIlm0gMPdguDGwviAK1Yg=
-196,74,fYt1U+xVvynLJrN9ubi3MyOsUYk=,VxD0PleIlm0gMPdguDGwviAK1Yg=
-198,74,fYt1U+xVvynLJrN9ubi3MyOsUYk=,VxD0PleIlm0gMPdguDGwviAK1Yg=
-208,75,fYt1U+xVvynLJrN9ubi3MyOsUYk=,VxD0PleIlm0gMPdguDGwviAK1Yg=
-198,64,fYt1U+xVvynLJrN9ubi3MyOsUYk=,VxD0PleIlm0gMPdguDGwviAK1Yg=
-199,74,fYt1U+xVvynLJrN9ubi3MyOsUYk=,VxD0PleIlm0gMPdguDGwviAK1Yg=
-201,74,fYt1U+xVvynLJrN9ubi3MyOsUYk=,VxD0PleIlm0gMPdguDGwviAK1Yg=
-200,74,fYt1U+xVvynLJrN9ubi3MyOsUYk=,VxD0PleIlm0gMPdguDGwviAK1Yg=
-202,74,fYt1U+xVvynLJrN9ubi3MyOsUYk=,VxD0PleIlm0gMPdguDGwviAK1Yg=
-204,74,fYt1U+xVvynLJrN9ubi3MyOsUYk=,VxD0PleIlm0gMPdguDGwviAK1Yg=
-203,74,fYt1U+xVvynLJrN9ubi3MyOsUYk=,VxD0PleIlm0gMPdguDGwviAK1Yg=
-205,74,fYt1U+xVvynLJrN9ubi3MyOsUYk=,VxD0PleIlm0gMPdguDGwviAK1Yg=
-207,74,fYt1U+xVvynLJrN9ubi3MyOsUYk=,VxD0PleIlm0gMPdguDGwviAK1Yg=
-206,74,fYt1U+xVvynLJrN9ubi3MyOsUYk=,VxD0PleIlm0gMPdguDGwviAK1Yg=
-193,73,fYt1U+xVvynLJrN9ubi3MyOsUYk=,VxD0PleIlm0gMPdguDGwviAK1Yg=
-208,74,fYt1U+xVvynLJrN9ubi3MyOsUYk=,VxD0PleIlm0gMPdguDGwviAK1Yg=
-194,73,fYt1U+xVvynLJrN9ubi3MyOsUYk=,VxD0PleIlm0gMPdguDGwviAK1Yg=
-195,73,fYt1U+xVvynLJrN9ubi3MyOsUYk=,VxD0PleIlm0gMPdguDGwviAK1Yg=
-197,73,fYt1U+xVvynLJrN9ubi3MyOsUYk=,VxD0PleIlm0gMPdguDGwviAK1Yg=
-199,73,fYt1U+xVvynLJrN9ubi3MyOsUYk=,VxD0PleIlm0gMPdguDGwviAK1Yg=
-200,73,fYt1U+xVvynLJrN9ubi3MyOsUYk=,VxD0PleIlm0gMPdguDGwviAK1Yg=
-201,73,fYt1U+xVvynLJrN9ubi3MyOsUYk=,VxD0PleIlm0gMPdguDGwviAK1Yg=
-198,73,fYt1U+xVvynLJrN9ubi3MyOsUYk=,VxD0PleIlm0gMPdguDGwviAK1Yg=
-196,73,fYt1U+xVvynLJrN9ubi3MyOsUYk=,VxD0PleIlm0gMPdguDGwviAK1Yg=
-202,73,fYt1U+xVvynLJrN9ubi3MyOsUYk=,VxD0PleIlm0gMPdguDGwviAK1Yg=
-204,73,fYt1U+xVvynLJrN9ubi3MyOsUYk=,VxD0PleIlm0gMPdguDGwviAK1Yg=
-203,73,fYt1U+xVvynLJrN9ubi3MyOsUYk=,VxD0PleIlm0gMPdguDGwviAK1Yg=
-199,64,fYt1U+xVvynLJrN9ubi3MyOsUYk=,VxD0PleIlm0gMPdguDGwviAK1Yg=
-205,73,fYt1U+xVvynLJrN9ubi3MyOsUYk=,VxD0PleIlm0gMPdguDGwviAK1Yg=
-206,73,fYt1U+xVvynLJrN9ubi3MyOsUYk=,VxD0PleIlm0gMPdguDGwviAK1Yg=
-207,73,fYt1U+xVvynLJrN9ubi3MyOsUYk=,VxD0PleIlm0gMPdguDGwviAK1Yg=
-208,73,fYt1U+xVvynLJrN9ubi3MyOsUYk=,VxD0PleIlm0gMPdguDGwviAK1Yg=
-193,72,fYt1U+xVvynLJrN9ubi3MyOsUYk=,VxD0PleIlm0gMPdguDGwviAK1Yg=
-194,72,fYt1U+xVvynLJrN9ubi3MyOsUYk=,VxD0PleIlm0gMPdguDGwviAK1Yg=
-197,72,fYt1U+xVvynLJrN9ubi3MyOsUYk=,VxD0PleIlm0gMPdguDGwviAK1Yg=
-195,72,fYt1U+xVvynLJrN9ubi3MyOsUYk=,VxD0PleIlm0gMPdguDGwviAK1Yg=
-196,72,fYt1U+xVvynLJrN9ubi3MyOsUYk=,VxD0PleIlm0gMPdguDGwviAK1Yg=
-201,72,fYt1U+xVvynLJrN9ubi3MyOsUYk=,VxD0PleIlm0gMPdguDGwviAK1Yg=
-200,72,fYt1U+xVvynLJrN9ubi3MyOsUYk=,VxD0PleIlm0gMPdguDGwviAK1Yg=
-200,64,fYt1U+xVvynLJrN9ubi3MyOsUYk=,VxD0PleIlm0gMPdguDGwviAK1Yg=
-199,72,fYt1U+xVvynLJrN9ubi3MyOsUYk=,VxD0PleIlm0gMPdguDGwviAK1Yg=
-203,72,fYt1U+xVvynLJrN9ubi3MyOsUYk=,VxD0PleIlm0gMPdguDGwviAK1Yg=
-202,72,fYt1U+xVvynLJrN9ubi3MyOsUYk=,VxD0PleIlm0gMPdguDGwviAK1Yg=
-205,72,fYt1U+xVvynLJrN9ubi3MyOsUYk=,VxD0PleIlm0gMPdguDGwviAK1Yg=
-198,72,fYt1U+xVvynLJrN9ubi3MyOsUYk=,VxD0PleIlm0gMPdguDGwviAK1Yg=
-207,72,fYt1U+xVvynLJrN9ubi3MyOsUYk=,VxD0PleIlm0gMPdguDGwviAK1Yg=
-208,72,fYt1U+xVvynLJrN9ubi3MyOsUYk=,VxD0PleIlm0gMPdguDGwviAK1Yg=
-206,72,fYt1U+xVvynLJrN9ubi3MyOsUYk=,VxD0PleIlm0gMPdguDGwviAK1Yg=
-193,71,fYt1U+xVvynLJrN9ubi3MyOsUYk=,VxD0PleIlm0gMPdguDGwviAK1Yg=
-194,71,fYt1U+xVvynLJrN9ubi3MyOsUYk=,VxD0PleIlm0gMPdguDGwviAK1Yg=
-201,64,fYt1U+xVvynLJrN9ubi3MyOsUYk=,VxD0PleIlm0gMPdguDGwviAK1Yg=
-195,71,fYt1U+xVvynLJrN9ubi3MyOsUYk=,VxD0PleIlm0gMPdguDGwviAK1Yg=
-196,71,fYt1U+xVvynLJrN9ubi3MyOsUYk=,VxD0PleIlm0gMPdguDGwviAK1Yg=
-197,71,fYt1U+xVvynLJrN9ubi3MyOsUYk=,VxD0PleIlm0gMPdguDGwviAK1Yg=
-204,72,fYt1U+xVvynLJrN9ubi3MyOsUYk=,VxD0PleIlm0gMPdguDGwviAK1Yg=
-199,71,fYt1U+xVvynLJrN9ubi3MyOsUYk=,VxD0PleIlm0gMPdguDGwviAK1Yg=
-198,71,fYt1U+xVvynLJrN9ubi3MyOsUYk=,VxD0PleIlm0gMPdguDGwviAK1Yg=
-200,71,fYt1U+xVvynLJrN9ubi3MyOsUYk=,VxD0PleIlm0gMPdguDGwviAK1Yg=
-201,71,fYt1U+xVvynLJrN9ubi3MyOsUYk=,VxD0PleIlm0gMPdguDGwviAK1Yg=
-205,71,fYt1U+xVvynLJrN9ubi3MyOsUYk=,VxD0PleIlm0gMPdguDGwviAK1Yg=
-204,71,fYt1U+xVvynLJrN9ubi3MyOsUYk=,VxD0PleIlm0gMPdguDGwviAK1Yg=
-202,71,fYt1U+xVvynLJrN9ubi3MyOsUYk=,VxD0PleIlm0gMPdguDGwviAK1Yg=
-207,71,fYt1U+xVvynLJrN9ubi3MyOsUYk=,VxD0PleIlm0gMPdguDGwviAK1Yg=
-206,71,fYt1U+xVvynLJrN9ubi3MyOsUYk=,VxD0PleIlm0gMPdguDGwviAK1Yg=
-193,70,fYt1U+xVvynLJrN9ubi3MyOsUYk=,VxD0PleIlm0gMPdguDGwviAK1Yg=
-208,71,fYt1U+xVvynLJrN9ubi3MyOsUYk=,VxD0PleIlm0gMPdguDGwviAK1Yg=
-194,70,fYt1U+xVvynLJrN9ubi3MyOsUYk=,VxD0PleIlm0gMPdguDGwviAK1Yg=
-203,71,fYt1U+xVvynLJrN9ubi3MyOsUYk=,VxD0PleIlm0gMPdguDGwviAK1Yg=
-195,70,fYt1U+xVvynLJrN9ubi3MyOsUYk=,VxD0PleIlm0gMPdguDGwviAK1Yg=
-199,70,fYt1U+xVvynLJrN9ubi3MyOsUYk=,VxD0PleIlm0gMPdguDGwviAK1Yg=
-196,70,fYt1U+xVvynLJrN9ubi3MyOsUYk=,VxD0PleIlm0gMPdguDGwviAK1Yg=
-200,70,fYt1U+xVvynLJrN9ubi3MyOsUYk=,VxD0PleIlm0gMPdguDGwviAK1Yg=
-198,70,fYt1U+xVvynLJrN9ubi3MyOsUYk=,VxD0PleIlm0gMPdguDGwviAK1Yg=
-197,70,fYt1U+xVvynLJrN9ubi3MyOsUYk=,VxD0PleIlm0gMPdguDGwviAK1Yg=
-202,70,fYt1U+xVvynLJrN9ubi3MyOsUYk=,VxD0PleIlm0gMPdguDGwviAK1Yg=
-201,70,fYt1U+xVvynLJrN9ubi3MyOsUYk=,VxD0PleIlm0gMPdguDGwviAK1Yg=
-202,64,fYt1U+xVvynLJrN9ubi3MyOsUYk=,VxD0PleIlm0gMPdguDGwviAK1Yg=
-203,70,fYt1U+xVvynLJrN9ubi3MyOsUYk=,VxD0PleIlm0gMPdguDGwviAK1Yg=
-204,70,fYt1U+xVvynLJrN9ubi3MyOsUYk=,VxD0PleIlm0gMPdguDGwviAK1Yg=
-207,70,fYt1U+xVvynLJrN9ubi3MyOsUYk=,VxD0PleIlm0gMPdguDGwviAK1Yg=
-206,70,fYt1U+xVvynLJrN9ubi3MyOsUYk=,VxD0PleIlm0gMPdguDGwviAK1Yg=
-193,69,fYt1U+xVvynLJrN9ubi3MyOsUYk=,VxD0PleIlm0gMPdguDGwviAK1Yg=
-195,69,fYt1U+xVvynLJrN9ubi3MyOsUYk=,VxD0PleIlm0gMPdguDGwviAK1Yg=
-205,70,fYt1U+xVvynLJrN9ubi3MyOsUYk=,VxD0PleIlm0gMPdguDGwviAK1Yg=
-196,69,fYt1U+xVvynLJrN9ubi3MyOsUYk=,VxD0PleIlm0gMPdguDGwviAK1Yg=
-197,69,fYt1U+xVvynLJrN9ubi3MyOsUYk=,VxD0PleIlm0gMPdguDGwviAK1Yg=
-194,69,fYt1U+xVvynLJrN9ubi3MyOsUYk=,VxD0PleIlm0gMPdguDGwviAK1Yg=
-198,69,fYt1U+xVvynLJrN9ubi3MyOsUYk=,VxD0PleIlm0gMPdguDGwviAK1Yg=
-203,64,fYt1U+xVvynLJrN9ubi3MyOsUYk=,VxD0PleIlm0gMPdguDGwviAK1Yg=
-200,69,fYt1U+xVvynLJrN9ubi3MyOsUYk=,VxD0PleIlm0gMPdguDGwviAK1Yg=
-201,69,fYt1U+xVvynLJrN9ubi3MyOsUYk=,VxD0PleIlm0gMPdguDGwviAK1Yg=
-202,69,fYt1U+xVvynLJrN9ubi3MyOsUYk=,VxD0PleIlm0gMPdguDGwviAK1Yg=
-199,69,fYt1U+xVvynLJrN9ubi3MyOsUYk=,VxD0PleIlm0gMPdguDGwviAK1Yg=
-203,69,fYt1U+xVvynLJrN9ubi3MyOsUYk=,VxD0PleIlm0gMPdguDGwviAK1Yg=
-204,69,fYt1U+xVvynLJrN9ubi3MyOsUYk=,VxD0PleIlm0gMPdguDGwviAK1Yg=
-205,69,fYt1U+xVvynLJrN9ubi3MyOsUYk=,VxD0PleIlm0gMPdguDGwviAK1Yg=
-206,69,fYt1U+xVvynLJrN9ubi3MyOsUYk=,VxD0PleIlm0gMPdguDGwviAK1Yg=
-207,69,fYt1U+xVvynLJrN9ubi3MyOsUYk=,VxD0PleIlm0gMPdguDGwviAK1Yg=
-193,68,fYt1U+xVvynLJrN9ubi3MyOsUYk=,VxD0PleIlm0gMPdguDGwviAK1Yg=
-208,69,fYt1U+xVvynLJrN9ubi3MyOsUYk=,VxD0PleIlm0gMPdguDGwviAK1Yg=
-194,68,fYt1U+xVvynLJrN9ubi3MyOsUYk=,VxD0PleIlm0gMPdguDGwviAK1Yg=
-196,68,fYt1U+xVvynLJrN9ubi3MyOsUYk=,VxD0PleIlm0gMPdguDGwviAK1Yg=
-204,64,fYt1U+xVvynLJrN9ubi3MyOsUYk=,VxD0PleIlm0gMPdguDGwviAK1Yg=
-195,68,fYt1U+xVvynLJrN9ubi3MyOsUYk=,VxD0PleIlm0gMPdguDGwviAK1Yg=
-208,70,fYt1U+xVvynLJrN9ubi3MyOsUYk=,VxD0PleIlm0gMPdguDGwviAK1Yg=
-197,68,fYt1U+xVvynLJrN9ubi3MyOsUYk=,VxD0PleIlm0gMPdguDGwviAK1Yg=
-199,68,fYt1U+xVvynLJrN9ubi3MyOsUYk=,VxD0PleIlm0gMPdguDGwviAK1Yg=
-198,68,fYt1U+xVvynLJrN9ubi3MyOsUYk=,VxD0PleIlm0gMPdguDGwviAK1Yg=
-200,68,fYt1U+xVvynLJrN9ubi3MyOsUYk=,VxD0PleIlm0gMPdguDGwviAK1Yg=
-201,68,fYt1U+xVvynLJrN9ubi3MyOsUYk=,VxD0PleIlm0gMPdguDGwviAK1Yg=
-203,68,fYt1U+xVvynLJrN9ubi3MyOsUYk=,VxD0PleIlm0gMPdguDGwviAK1Yg=
-202,68,fYt1U+xVvynLJrN9ubi3MyOsUYk=,VxD0PleIlm0gMPdguDGwviAK1Yg=
-204,68,fYt1U+xVvynLJrN9ubi3MyOsUYk=,VxD0PleIlm0gMPdguDGwviAK1Yg=
-205,68,fYt1U+xVvynLJrN9ubi3MyOsUYk=,VxD0PleIlm0gMPdguDGwviAK1Yg=
-206,68,fYt1U+xVvynLJrN9ubi3MyOsUYk=,VxD0PleIlm0gMPdguDGwviAK1Yg=
-205,64,fYt1U+xVvynLJrN9ubi3MyOsUYk=,VxD0PleIlm0gMPdguDGwviAK1Yg=
-193,67,fYt1U+xVvynLJrN9ubi3MyOsUYk=,VxD0PleIlm0gMPdguDGwviAK1Yg=
-208,68,fYt1U+xVvynLJrN9ubi3MyOsUYk=,VxD0PleIlm0gMPdguDGwviAK1Yg=
-207,68,fYt1U+xVvynLJrN9ubi3MyOsUYk=,VxD0PleIlm0gMPdguDGwviAK1Yg=
-194,67,fYt1U+xVvynLJrN9ubi3MyOsUYk=,VxD0PleIlm0gMPdguDGwviAK1Yg=
-195,67,fYt1U+xVvynLJrN9ubi3MyOsUYk=,VxD0PleIlm0gMPdguDGwviAK1Yg=
-196,67,fYt1U+xVvynLJrN9ubi3MyOsUYk=,VxD0PleIlm0gMPdguDGwviAK1Yg=
-198,67,fYt1U+xVvynLJrN9ubi3MyOsUYk=,VxD0PleIlm0gMPdguDGwviAK1Yg=
-197,67,fYt1U+xVvynLJrN9ubi3MyOsUYk=,VxD0PleIlm0gMPdguDGwviAK1Yg=
-199,67,fYt1U+xVvynLJrN9ubi3MyOsUYk=,VxD0PleIlm0gMPdguDGwviAK1Yg=
-200,67,fYt1U+xVvynLJrN9ubi3MyOsUYk=,VxD0PleIlm0gMPdguDGwviAK1Yg=
-201,67,fYt1U+xVvynLJrN9ubi3MyOsUYk=,VxD0PleIlm0gMPdguDGwviAK1Yg=
-203,67,fYt1U+xVvynLJrN9ubi3MyOsUYk=,VxD0PleIlm0gMPdguDGwviAK1Yg=
-202,67,fYt1U+xVvynLJrN9ubi3MyOsUYk=,VxD0PleIlm0gMPdguDGwviAK1Yg=
-205,67,fYt1U+xVvynLJrN9ubi3MyOsUYk=,VxD0PleIlm0gMPdguDGwviAK1Yg=
-206,67,fYt1U+xVvynLJrN9ubi3MyOsUYk=,VxD0PleIlm0gMPdguDGwviAK1Yg=
-204,67,fYt1U+xVvynLJrN9ubi3MyOsUYk=,VxD0PleIlm0gMPdguDGwviAK1Yg=
-207,67,fYt1U+xVvynLJrN9ubi3MyOsUYk=,VxD0PleIlm0gMPdguDGwviAK1Yg=
-208,67,fYt1U+xVvynLJrN9ubi3MyOsUYk=,VxD0PleIlm0gMPdguDGwviAK1Yg=
-194,66,fYt1U+xVvynLJrN9ubi3MyOsUYk=,VxD0PleIlm0gMPdguDGwviAK1Yg=
-193,66,fYt1U+xVvynLJrN9ubi3MyOsUYk=,VxD0PleIlm0gMPdguDGwviAK1Yg=
-196,66,fYt1U+xVvynLJrN9ubi3MyOsUYk=,VxD0PleIlm0gMPdguDGwviAK1Yg=
-197,66,fYt1U+xVvynLJrN9ubi3MyOsUYk=,VxD0PleIlm0gMPdguDGwviAK1Yg=
-198,66,fYt1U+xVvynLJrN9ubi3MyOsUYk=,VxD0PleIlm0gMPdguDGwviAK1Yg=
-199,66,fYt1U+xVvynLJrN9ubi3MyOsUYk=,VxD0PleIlm0gMPdguDGwviAK1Yg=
-200,66,fYt1U+xVvynLJrN9ubi3MyOsUYk=,VxD0PleIlm0gMPdguDGwviAK1Yg=
-195,66,fYt1U+xVvynLJrN9ubi3MyOsUYk=,VxD0PleIlm0gMPdguDGwviAK1Yg=
-201,66,fYt1U+xVvynLJrN9ubi3MyOsUYk=,VxD0PleIlm0gMPdguDGwviAK1Yg=
-202,66,fYt1U+xVvynLJrN9ubi3MyOsUYk=,VxD0PleIlm0gMPdguDGwviAK1Yg=
-203,66,fYt1U+xVvynLJrN9ubi3MyOsUYk=,VxD0PleIlm0gMPdguDGwviAK1Yg=
-206,64,fYt1U+xVvynLJrN9ubi3MyOsUYk=,VxD0PleIlm0gMPdguDGwviAK1Yg=
-196,79,fYt1U+xVvynLJrN9ubi3MyOsUYk=,VxD0PleIlm0gMPdguDGwviAK1Yg=
-223,80,uNaQGRNLCYDjhWXc4VknLbh9Y7E=,VxD0PleIlm0gMPdguDGwviAK1Yg=
-221,81,uNaQGRNLCYDjhWXc4VknLbh9Y7E=,VxD0PleIlm0gMPdguDGwviAK1Yg=
-220,81,uNaQGRNLCYDjhWXc4VknLbh9Y7E=,VxD0PleIlm0gMPdguDGwviAK1Yg=
-219,81,uNaQGRNLCYDjhWXc4VknLbh9Y7E=,VxD0PleIlm0gMPdguDGwviAK1Yg=
-218,81,uNaQGRNLCYDjhWXc4VknLbh9Y7E=,VxD0PleIlm0gMPdguDGwviAK1Yg=
-217,81,uNaQGRNLCYDjhWXc4VknLbh9Y7E=,VxD0PleIlm0gMPdguDGwviAK1Yg=
-216,81,uNaQGRNLCYDjhWXc4VknLbh9Y7E=,VxD0PleIlm0gMPdguDGwviAK1Yg=
-215,81,uNaQGRNLCYDjhWXc4VknLbh9Y7E=,VxD0PleIlm0gMPdguDGwviAK1Yg=
-214,81,uNaQGRNLCYDjhWXc4VknLbh9Y7E=,VxD0PleIlm0gMPdguDGwviAK1Yg=
-212,81,uNaQGRNLCYDjhWXc4VknLbh9Y7E=,VxD0PleIlm0gMPdguDGwviAK1Yg=
-211,81,uNaQGRNLCYDjhWXc4VknLbh9Y7E=,VxD0PleIlm0gMPdguDGwviAK1Yg=
-213,81,uNaQGRNLCYDjhWXc4VknLbh9Y7E=,VxD0PleIlm0gMPdguDGwviAK1Yg=
-210,81,uNaQGRNLCYDjhWXc4VknLbh9Y7E=,VxD0PleIlm0gMPdguDGwviAK1Yg=
-209,81,uNaQGRNLCYDjhWXc4VknLbh9Y7E=,VxD0PleIlm0gMPdguDGwviAK1Yg=
-224,82,uNaQGRNLCYDjhWXc4VknLbh9Y7E=,VxD0PleIlm0gMPdguDGwviAK1Yg=
-223,82,uNaQGRNLCYDjhWXc4VknLbh9Y7E=,VxD0PleIlm0gMPdguDGwviAK1Yg=
-222,80,uNaQGRNLCYDjhWXc4VknLbh9Y7E=,VxD0PleIlm0gMPdguDGwviAK1Yg=
-222,81,uNaQGRNLCYDjhWXc4VknLbh9Y7E=,VxD0PleIlm0gMPdguDGwviAK1Yg=
-222,82,uNaQGRNLCYDjhWXc4VknLbh9Y7E=,VxD0PleIlm0gMPdguDGwviAK1Yg=
-220,82,uNaQGRNLCYDjhWXc4VknLbh9Y7E=,VxD0PleIlm0gMPdguDGwviAK1Yg=
-223,81,uNaQGRNLCYDjhWXc4VknLbh9Y7E=,VxD0PleIlm0gMPdguDGwviAK1Yg=
-221,82,uNaQGRNLCYDjhWXc4VknLbh9Y7E=,VxD0PleIlm0gMPdguDGwviAK1Yg=
-219,82,uNaQGRNLCYDjhWXc4VknLbh9Y7E=,VxD0PleIlm0gMPdguDGwviAK1Yg=
-209,95,uNaQGRNLCYDjhWXc4VknLbh9Y7E=,VxD0PleIlm0gMPdguDGwviAK1Yg=
-218,82,uNaQGRNLCYDjhWXc4VknLbh9Y7E=,VxD0PleIlm0gMPdguDGwviAK1Yg=
-217,82,uNaQGRNLCYDjhWXc4VknLbh9Y7E=,VxD0PleIlm0gMPdguDGwviAK1Yg=
-210,95,uNaQGRNLCYDjhWXc4VknLbh9Y7E=,VxD0PleIlm0gMPdguDGwviAK1Yg=
-215,82,uNaQGRNLCYDjhWXc4VknLbh9Y7E=,VxD0PleIlm0gMPdguDGwviAK1Yg=
-214,82,uNaQGRNLCYDjhWXc4VknLbh9Y7E=,VxD0PleIlm0gMPdguDGwviAK1Yg=
-216,82,uNaQGRNLCYDjhWXc4VknLbh9Y7E=,VxD0PleIlm0gMPdguDGwviAK1Yg=
-213,82,uNaQGRNLCYDjhWXc4VknLbh9Y7E=,VxD0PleIlm0gMPdguDGwviAK1Yg=
-212,82,uNaQGRNLCYDjhWXc4VknLbh9Y7E=,VxD0PleIlm0gMPdguDGwviAK1Yg=
-211,82,uNaQGRNLCYDjhWXc4VknLbh9Y7E=,VxD0PleIlm0gMPdguDGwviAK1Yg=
-209,82,uNaQGRNLCYDjhWXc4VknLbh9Y7E=,VxD0PleIlm0gMPdguDGwviAK1Yg=
-210,82,uNaQGRNLCYDjhWXc4VknLbh9Y7E=,VxD0PleIlm0gMPdguDGwviAK1Yg=
-221,80,uNaQGRNLCYDjhWXc4VknLbh9Y7E=,VxD0PleIlm0gMPdguDGwviAK1Yg=
-224,83,uNaQGRNLCYDjhWXc4VknLbh9Y7E=,VxD0PleIlm0gMPdguDGwviAK1Yg=
-223,83,uNaQGRNLCYDjhWXc4VknLbh9Y7E=,VxD0PleIlm0gMPdguDGwviAK1Yg=
-222,83,uNaQGRNLCYDjhWXc4VknLbh9Y7E=,VxD0PleIlm0gMPdguDGwviAK1Yg=
-221,83,uNaQGRNLCYDjhWXc4VknLbh9Y7E=,VxD0PleIlm0gMPdguDGwviAK1Yg=
-220,83,uNaQGRNLCYDjhWXc4VknLbh9Y7E=,VxD0PleIlm0gMPdguDGwviAK1Yg=
-219,83,uNaQGRNLCYDjhWXc4VknLbh9Y7E=,VxD0PleIlm0gMPdguDGwviAK1Yg=
-218,83,uNaQGRNLCYDjhWXc4VknLbh9Y7E=,VxD0PleIlm0gMPdguDGwviAK1Yg=
-217,83,uNaQGRNLCYDjhWXc4VknLbh9Y7E=,VxD0PleIlm0gMPdguDGwviAK1Yg=
-216,83,uNaQGRNLCYDjhWXc4VknLbh9Y7E=,VxD0PleIlm0gMPdguDGwviAK1Yg=
-215,83,uNaQGRNLCYDjhWXc4VknLbh9Y7E=,VxD0PleIlm0gMPdguDGwviAK1Yg=
-212,95,uNaQGRNLCYDjhWXc4VknLbh9Y7E=,VxD0PleIlm0gMPdguDGwviAK1Yg=
-214,83,uNaQGRNLCYDjhWXc4VknLbh9Y7E=,VxD0PleIlm0gMPdguDGwviAK1Yg=
-213,83,uNaQGRNLCYDjhWXc4VknLbh9Y7E=,VxD0PleIlm0gMPdguDGwviAK1Yg=
-212,83,uNaQGRNLCYDjhWXc4VknLbh9Y7E=,VxD0PleIlm0gMPdguDGwviAK1Yg=
-214,95,uNaQGRNLCYDjhWXc4VknLbh9Y7E=,VxD0PleIlm0gMPdguDGwviAK1Yg=
-213,95,uNaQGRNLCYDjhWXc4VknLbh9Y7E=,VxD0PleIlm0gMPdguDGwviAK1Yg=
-211,83,uNaQGRNLCYDjhWXc4VknLbh9Y7E=,VxD0PleIlm0gMPdguDGwviAK1Yg=
-210,83,uNaQGRNLCYDjhWXc4VknLbh9Y7E=,VxD0PleIlm0gMPdguDGwviAK1Yg=
-216,95,uNaQGRNLCYDjhWXc4VknLbh9Y7E=,VxD0PleIlm0gMPdguDGwviAK1Yg=
-215,95,uNaQGRNLCYDjhWXc4VknLbh9Y7E=,VxD0PleIlm0gMPdguDGwviAK1Yg=
-217,95,uNaQGRNLCYDjhWXc4VknLbh9Y7E=,VxD0PleIlm0gMPdguDGwviAK1Yg=
-220,80,uNaQGRNLCYDjhWXc4VknLbh9Y7E=,VxD0PleIlm0gMPdguDGwviAK1Yg=
-219,95,uNaQGRNLCYDjhWXc4VknLbh9Y7E=,VxD0PleIlm0gMPdguDGwviAK1Yg=
-218,95,uNaQGRNLCYDjhWXc4VknLbh9Y7E=,VxD0PleIlm0gMPdguDGwviAK1Yg=
-209,83,uNaQGRNLCYDjhWXc4VknLbh9Y7E=,VxD0PleIlm0gMPdguDGwviAK1Yg=
-220,95,uNaQGRNLCYDjhWXc4VknLbh9Y7E=,VxD0PleIlm0gMPdguDGwviAK1Yg=
-221,95,uNaQGRNLCYDjhWXc4VknLbh9Y7E=,VxD0PleIlm0gMPdguDGwviAK1Yg=
-224,84,uNaQGRNLCYDjhWXc4VknLbh9Y7E=,VxD0PleIlm0gMPdguDGwviAK1Yg=
-222,95,uNaQGRNLCYDjhWXc4VknLbh9Y7E=,VxD0PleIlm0gMPdguDGwviAK1Yg=
-223,95,uNaQGRNLCYDjhWXc4VknLbh9Y7E=,VxD0PleIlm0gMPdguDGwviAK1Yg=
-223,84,uNaQGRNLCYDjhWXc4VknLbh9Y7E=,VxD0PleIlm0gMPdguDGwviAK1Yg=
-224,95,uNaQGRNLCYDjhWXc4VknLbh9Y7E=,VxD0PleIlm0gMPdguDGwviAK1Yg=
-209,94,uNaQGRNLCYDjhWXc4VknLbh9Y7E=,VxD0PleIlm0gMPdguDGwviAK1Yg=
-209,80,uNaQGRNLCYDjhWXc4VknLbh9Y7E=,VxD0PleIlm0gMPdguDGwviAK1Yg=
-222,84,uNaQGRNLCYDjhWXc4VknLbh9Y7E=,VxD0PleIlm0gMPdguDGwviAK1Yg=
-221,84,uNaQGRNLCYDjhWXc4VknLbh9Y7E=,VxD0PleIlm0gMPdguDGwviAK1Yg=
-220,84,uNaQGRNLCYDjhWXc4VknLbh9Y7E=,VxD0PleIlm0gMPdguDGwviAK1Yg=
-211,94,uNaQGRNLCYDjhWXc4VknLbh9Y7E=,VxD0PleIlm0gMPdguDGwviAK1Yg=
-219,84,uNaQGRNLCYDjhWXc4VknLbh9Y7E=,VxD0PleIlm0gMPdguDGwviAK1Yg=
-218,84,uNaQGRNLCYDjhWXc4VknLbh9Y7E=,VxD0PleIlm0gMPdguDGwviAK1Yg=
-212,94,uNaQGRNLCYDjhWXc4VknLbh9Y7E=,VxD0PleIlm0gMPdguDGwviAK1Yg=
-217,84,uNaQGRNLCYDjhWXc4VknLbh9Y7E=,VxD0PleIlm0gMPdguDGwviAK1Yg=
-210,94,uNaQGRNLCYDjhWXc4VknLbh9Y7E=,VxD0PleIlm0gMPdguDGwviAK1Yg=
-213,94,uNaQGRNLCYDjhWXc4VknLbh9Y7E=,VxD0PleIlm0gMPdguDGwviAK1Yg=
-214,94,uNaQGRNLCYDjhWXc4VknLbh9Y7E=,VxD0PleIlm0gMPdguDGwviAK1Yg=
-215,84,uNaQGRNLCYDjhWXc4VknLbh9Y7E=,VxD0PleIlm0gMPdguDGwviAK1Yg=
-216,84,uNaQGRNLCYDjhWXc4VknLbh9Y7E=,VxD0PleIlm0gMPdguDGwviAK1Yg=
-224,81,uNaQGRNLCYDjhWXc4VknLbh9Y7E=,VxD0PleIlm0gMPdguDGwviAK1Yg=
-215,94,uNaQGRNLCYDjhWXc4VknLbh9Y7E=,VxD0PleIlm0gMPdguDGwviAK1Yg=
-216,94,uNaQGRNLCYDjhWXc4VknLbh9Y7E=,VxD0PleIlm0gMPdguDGwviAK1Yg=
-214,84,uNaQGRNLCYDjhWXc4VknLbh9Y7E=,VxD0PleIlm0gMPdguDGwviAK1Yg=
-218,94,uNaQGRNLCYDjhWXc4VknLbh9Y7E=,VxD0PleIlm0gMPdguDGwviAK1Yg=
-224,80,uNaQGRNLCYDjhWXc4VknLbh9Y7E=,VxD0PleIlm0gMPdguDGwviAK1Yg=
-219,94,uNaQGRNLCYDjhWXc4VknLbh9Y7E=,VxD0PleIlm0gMPdguDGwviAK1Yg=
-213,84,uNaQGRNLCYDjhWXc4VknLbh9Y7E=,VxD0PleIlm0gMPdguDGwviAK1Yg=
-222,94,uNaQGRNLCYDjhWXc4VknLbh9Y7E=,VxD0PleIlm0gMPdguDGwviAK1Yg=
-220,94,uNaQGRNLCYDjhWXc4VknLbh9Y7E=,VxD0PleIlm0gMPdguDGwviAK1Yg=
-221,94,uNaQGRNLCYDjhWXc4VknLbh9Y7E=,VxD0PleIlm0gMPdguDGwviAK1Yg=
-217,94,uNaQGRNLCYDjhWXc4VknLbh9Y7E=,VxD0PleIlm0gMPdguDGwviAK1Yg=
-212,84,uNaQGRNLCYDjhWXc4VknLbh9Y7E=,VxD0PleIlm0gMPdguDGwviAK1Yg=
-211,84,uNaQGRNLCYDjhWXc4VknLbh9Y7E=,VxD0PleIlm0gMPdguDGwviAK1Yg=
-209,93,uNaQGRNLCYDjhWXc4VknLbh9Y7E=,VxD0PleIlm0gMPdguDGwviAK1Yg=
-223,94,uNaQGRNLCYDjhWXc4VknLbh9Y7E=,VxD0PleIlm0gMPdguDGwviAK1Yg=
-224,94,uNaQGRNLCYDjhWXc4VknLbh9Y7E=,VxD0PleIlm0gMPdguDGwviAK1Yg=
-210,93,uNaQGRNLCYDjhWXc4VknLbh9Y7E=,VxD0PleIlm0gMPdguDGwviAK1Yg=
-219,80,uNaQGRNLCYDjhWXc4VknLbh9Y7E=,VxD0PleIlm0gMPdguDGwviAK1Yg=
-212,93,uNaQGRNLCYDjhWXc4VknLbh9Y7E=,VxD0PleIlm0gMPdguDGwviAK1Yg=
-210,84,uNaQGRNLCYDjhWXc4VknLbh9Y7E=,VxD0PleIlm0gMPdguDGwviAK1Yg=
-211,93,uNaQGRNLCYDjhWXc4VknLbh9Y7E=,VxD0PleIlm0gMPdguDGwviAK1Yg=
-214,93,uNaQGRNLCYDjhWXc4VknLbh9Y7E=,VxD0PleIlm0gMPdguDGwviAK1Yg=
-216,93,uNaQGRNLCYDjhWXc4VknLbh9Y7E=,VxD0PleIlm0gMPdguDGwviAK1Yg=
-215,93,uNaQGRNLCYDjhWXc4VknLbh9Y7E=,VxD0PleIlm0gMPdguDGwviAK1Yg=
-209,84,uNaQGRNLCYDjhWXc4VknLbh9Y7E=,VxD0PleIlm0gMPdguDGwviAK1Yg=
-217,93,uNaQGRNLCYDjhWXc4VknLbh9Y7E=,VxD0PleIlm0gMPdguDGwviAK1Yg=
-218,93,uNaQGRNLCYDjhWXc4VknLbh9Y7E=,VxD0PleIlm0gMPdguDGwviAK1Yg=
-213,93,uNaQGRNLCYDjhWXc4VknLbh9Y7E=,VxD0PleIlm0gMPdguDGwviAK1Yg=
-219,93,uNaQGRNLCYDjhWXc4VknLbh9Y7E=,VxD0PleIlm0gMPdguDGwviAK1Yg=
-210,80,uNaQGRNLCYDjhWXc4VknLbh9Y7E=,VxD0PleIlm0gMPdguDGwviAK1Yg=
-221,93,uNaQGRNLCYDjhWXc4VknLbh9Y7E=,VxD0PleIlm0gMPdguDGwviAK1Yg=
-222,93,uNaQGRNLCYDjhWXc4VknLbh9Y7E=,VxD0PleIlm0gMPdguDGwviAK1Yg=
-224,85,uNaQGRNLCYDjhWXc4VknLbh9Y7E=,VxD0PleIlm0gMPdguDGwviAK1Yg=
-223,85,uNaQGRNLCYDjhWXc4VknLbh9Y7E=,VxD0PleIlm0gMPdguDGwviAK1Yg=
-220,93,uNaQGRNLCYDjhWXc4VknLbh9Y7E=,VxD0PleIlm0gMPdguDGwviAK1Yg=
-223,93,uNaQGRNLCYDjhWXc4VknLbh9Y7E=,VxD0PleIlm0gMPdguDGwviAK1Yg=
-209,92,uNaQGRNLCYDjhWXc4VknLbh9Y7E=,VxD0PleIlm0gMPdguDGwviAK1Yg=
-210,92,uNaQGRNLCYDjhWXc4VknLbh9Y7E=,VxD0PleIlm0gMPdguDGwviAK1Yg=
-224,93,uNaQGRNLCYDjhWXc4VknLbh9Y7E=,VxD0PleIlm0gMPdguDGwviAK1Yg=
-222,85,uNaQGRNLCYDjhWXc4VknLbh9Y7E=,VxD0PleIlm0gMPdguDGwviAK1Yg=
-211,92,uNaQGRNLCYDjhWXc4VknLbh9Y7E=,VxD0PleIlm0gMPdguDGwviAK1Yg=
-212,92,uNaQGRNLCYDjhWXc4VknLbh9Y7E=,VxD0PleIlm0gMPdguDGwviAK1Yg=
-216,92,uNaQGRNLCYDjhWXc4VknLbh9Y7E=,VxD0PleIlm0gMPdguDGwviAK1Yg=
-215,92,uNaQGRNLCYDjhWXc4VknLbh9Y7E=,VxD0PleIlm0gMPdguDGwviAK1Yg=
-217,92,uNaQGRNLCYDjhWXc4VknLbh9Y7E=,VxD0PleIlm0gMPdguDGwviAK1Yg=
-214,92,uNaQGRNLCYDjhWXc4VknLbh9Y7E=,VxD0PleIlm0gMPdguDGwviAK1Yg=
-221,85,uNaQGRNLCYDjhWXc4VknLbh9Y7E=,VxD0PleIlm0gMPdguDGwviAK1Yg=
-213,92,uNaQGRNLCYDjhWXc4VknLbh9Y7E=,VxD0PleIlm0gMPdguDGwviAK1Yg=
-218,92,uNaQGRNLCYDjhWXc4VknLbh9Y7E=,VxD0PleIlm0gMPdguDGwviAK1Yg=
-220,85,uNaQGRNLCYDjhWXc4VknLbh9Y7E=,VxD0PleIlm0gMPdguDGwviAK1Yg=
-220,92,uNaQGRNLCYDjhWXc4VknLbh9Y7E=,VxD0PleIlm0gMPdguDGwviAK1Yg=
-211,80,uNaQGRNLCYDjhWXc4VknLbh9Y7E=,VxD0PleIlm0gMPdguDGwviAK1Yg=
-221,92,uNaQGRNLCYDjhWXc4VknLbh9Y7E=,VxD0PleIlm0gMPdguDGwviAK1Yg=
-223,92,uNaQGRNLCYDjhWXc4VknLbh9Y7E=,VxD0PleIlm0gMPdguDGwviAK1Yg=
-222,92,uNaQGRNLCYDjhWXc4VknLbh9Y7E=,VxD0PleIlm0gMPdguDGwviAK1Yg=
-219,92,uNaQGRNLCYDjhWXc4VknLbh9Y7E=,VxD0PleIlm0gMPdguDGwviAK1Yg=
-224,92,uNaQGRNLCYDjhWXc4VknLbh9Y7E=,VxD0PleIlm0gMPdguDGwviAK1Yg=
-219,85,uNaQGRNLCYDjhWXc4VknLbh9Y7E=,VxD0PleIlm0gMPdguDGwviAK1Yg=
-209,91,uNaQGRNLCYDjhWXc4VknLbh9Y7E=,VxD0PleIlm0gMPdguDGwviAK1Yg=
-211,91,uNaQGRNLCYDjhWXc4VknLbh9Y7E=,VxD0PleIlm0gMPdguDGwviAK1Yg=
-212,91,uNaQGRNLCYDjhWXc4VknLbh9Y7E=,VxD0PleIlm0gMPdguDGwviAK1Yg=
-213,91,uNaQGRNLCYDjhWXc4VknLbh9Y7E=,VxD0PleIlm0gMPdguDGwviAK1Yg=
-210,91,uNaQGRNLCYDjhWXc4VknLbh9Y7E=,VxD0PleIlm0gMPdguDGwviAK1Yg=
-214,91,uNaQGRNLCYDjhWXc4VknLbh9Y7E=,VxD0PleIlm0gMPdguDGwviAK1Yg=
-218,85,uNaQGRNLCYDjhWXc4VknLbh9Y7E=,VxD0PleIlm0gMPdguDGwviAK1Yg=
-215,91,uNaQGRNLCYDjhWXc4VknLbh9Y7E=,VxD0PleIlm0gMPdguDGwviAK1Yg=
-212,80,uNaQGRNLCYDjhWXc4VknLbh9Y7E=,VxD0PleIlm0gMPdguDGwviAK1Yg=
-216,91,uNaQGRNLCYDjhWXc4VknLbh9Y7E=,VxD0PleIlm0gMPdguDGwviAK1Yg=
-217,91,uNaQGRNLCYDjhWXc4VknLbh9Y7E=,VxD0PleIlm0gMPdguDGwviAK1Yg=
-218,91,uNaQGRNLCYDjhWXc4VknLbh9Y7E=,VxD0PleIlm0gMPdguDGwviAK1Yg=
-217,85,uNaQGRNLCYDjhWXc4VknLbh9Y7E=,VxD0PleIlm0gMPdguDGwviAK1Yg=
-220,91,uNaQGRNLCYDjhWXc4VknLbh9Y7E=,VxD0PleIlm0gMPdguDGwviAK1Yg=
-221,91,uNaQGRNLCYDjhWXc4VknLbh9Y7E=,VxD0PleIlm0gMPdguDGwviAK1Yg=
-222,91,uNaQGRNLCYDjhWXc4VknLbh9Y7E=,VxD0PleIlm0gMPdguDGwviAK1Yg=
-223,91,uNaQGRNLCYDjhWXc4VknLbh9Y7E=,VxD0PleIlm0gMPdguDGwviAK1Yg=
-219,91,uNaQGRNLCYDjhWXc4VknLbh9Y7E=,VxD0PleIlm0gMPdguDGwviAK1Yg=
-216,85,uNaQGRNLCYDjhWXc4VknLbh9Y7E=,VxD0PleIlm0gMPdguDGwviAK1Yg=
-224,91,uNaQGRNLCYDjhWXc4VknLbh9Y7E=,VxD0PleIlm0gMPdguDGwviAK1Yg=
-209,90,uNaQGRNLCYDjhWXc4VknLbh9Y7E=,VxD0PleIlm0gMPdguDGwviAK1Yg=
-210,90,uNaQGRNLCYDjhWXc4VknLbh9Y7E=,VxD0PleIlm0gMPdguDGwviAK1Yg=
-211,90,uNaQGRNLCYDjhWXc4VknLbh9Y7E=,VxD0PleIlm0gMPdguDGwviAK1Yg=
-213,90,uNaQGRNLCYDjhWXc4VknLbh9Y7E=,VxD0PleIlm0gMPdguDGwviAK1Yg=
-212,90,uNaQGRNLCYDjhWXc4VknLbh9Y7E=,VxD0PleIlm0gMPdguDGwviAK1Yg=
-214,90,uNaQGRNLCYDjhWXc4VknLbh9Y7E=,VxD0PleIlm0gMPdguDGwviAK1Yg=
-215,90,uNaQGRNLCYDjhWXc4VknLbh9Y7E=,VxD0PleIlm0gMPdguDGwviAK1Yg=
-216,90,uNaQGRNLCYDjhWXc4VknLbh9Y7E=,VxD0PleIlm0gMPdguDGwviAK1Yg=
-214,85,uNaQGRNLCYDjhWXc4VknLbh9Y7E=,VxD0PleIlm0gMPdguDGwviAK1Yg=
-215,85,uNaQGRNLCYDjhWXc4VknLbh9Y7E=,VxD0PleIlm0gMPdguDGwviAK1Yg=
-218,90,uNaQGRNLCYDjhWXc4VknLbh9Y7E=,VxD0PleIlm0gMPdguDGwviAK1Yg=
-213,80,uNaQGRNLCYDjhWXc4VknLbh9Y7E=,VxD0PleIlm0gMPdguDGwviAK1Yg=
-217,90,uNaQGRNLCYDjhWXc4VknLbh9Y7E=,VxD0PleIlm0gMPdguDGwviAK1Yg=
-221,90,uNaQGRNLCYDjhWXc4VknLbh9Y7E=,VxD0PleIlm0gMPdguDGwviAK1Yg=
-220,90,uNaQGRNLCYDjhWXc4VknLbh9Y7E=,VxD0PleIlm0gMPdguDGwviAK1Yg=
-219,90,uNaQGRNLCYDjhWXc4VknLbh9Y7E=,VxD0PleIlm0gMPdguDGwviAK1Yg=
-213,85,uNaQGRNLCYDjhWXc4VknLbh9Y7E=,VxD0PleIlm0gMPdguDGwviAK1Yg=
-222,90,uNaQGRNLCYDjhWXc4VknLbh9Y7E=,VxD0PleIlm0gMPdguDGwviAK1Yg=
-223,90,uNaQGRNLCYDjhWXc4VknLbh9Y7E=,VxD0PleIlm0gMPdguDGwviAK1Yg=
-224,90,uNaQGRNLCYDjhWXc4VknLbh9Y7E=,VxD0PleIlm0gMPdguDGwviAK1Yg=
-209,89,uNaQGRNLCYDjhWXc4VknLbh9Y7E=,VxD0PleIlm0gMPdguDGwviAK1Yg=
-210,89,uNaQGRNLCYDjhWXc4VknLbh9Y7E=,VxD0PleIlm0gMPdguDGwviAK1Yg=
-213,89,uNaQGRNLCYDjhWXc4VknLbh9Y7E=,VxD0PleIlm0gMPdguDGwviAK1Yg=
-211,89,uNaQGRNLCYDjhWXc4VknLbh9Y7E=,VxD0PleIlm0gMPdguDGwviAK1Yg=
-212,89,uNaQGRNLCYDjhWXc4VknLbh9Y7E=,VxD0PleIlm0gMPdguDGwviAK1Yg=
-212,85,uNaQGRNLCYDjhWXc4VknLbh9Y7E=,VxD0PleIlm0gMPdguDGwviAK1Yg=
-214,89,uNaQGRNLCYDjhWXc4VknLbh9Y7E=,VxD0PleIlm0gMPdguDGwviAK1Yg=
-214,80,uNaQGRNLCYDjhWXc4VknLbh9Y7E=,VxD0PleIlm0gMPdguDGwviAK1Yg=
-215,89,uNaQGRNLCYDjhWXc4VknLbh9Y7E=,VxD0PleIlm0gMPdguDGwviAK1Yg=
-216,89,uNaQGRNLCYDjhWXc4VknLbh9Y7E=,VxD0PleIlm0gMPdguDGwviAK1Yg=
-217,89,uNaQGRNLCYDjhWXc4VknLbh9Y7E=,VxD0PleIlm0gMPdguDGwviAK1Yg=
-219,89,uNaQGRNLCYDjhWXc4VknLbh9Y7E=,VxD0PleIlm0gMPdguDGwviAK1Yg=
-218,89,uNaQGRNLCYDjhWXc4VknLbh9Y7E=,VxD0PleIlm0gMPdguDGwviAK1Yg=
-218,80,uNaQGRNLCYDjhWXc4VknLbh9Y7E=,VxD0PleIlm0gMPdguDGwviAK1Yg=
-221,89,uNaQGRNLCYDjhWXc4VknLbh9Y7E=,VxD0PleIlm0gMPdguDGwviAK1Yg=
-220,89,uNaQGRNLCYDjhWXc4VknLbh9Y7E=,VxD0PleIlm0gMPdguDGwviAK1Yg=
-222,89,uNaQGRNLCYDjhWXc4VknLbh9Y7E=,VxD0PleIlm0gMPdguDGwviAK1Yg=
-223,89,uNaQGRNLCYDjhWXc4VknLbh9Y7E=,VxD0PleIlm0gMPdguDGwviAK1Yg=
-224,89,uNaQGRNLCYDjhWXc4VknLbh9Y7E=,VxD0PleIlm0gMPdguDGwviAK1Yg=
-209,88,uNaQGRNLCYDjhWXc4VknLbh9Y7E=,VxD0PleIlm0gMPdguDGwviAK1Yg=
-211,85,uNaQGRNLCYDjhWXc4VknLbh9Y7E=,VxD0PleIlm0gMPdguDGwviAK1Yg=
-210,88,uNaQGRNLCYDjhWXc4VknLbh9Y7E=,VxD0PleIlm0gMPdguDGwviAK1Yg=
-212,88,uNaQGRNLCYDjhWXc4VknLbh9Y7E=,VxD0PleIlm0gMPdguDGwviAK1Yg=
-211,88,uNaQGRNLCYDjhWXc4VknLbh9Y7E=,VxD0PleIlm0gMPdguDGwviAK1Yg=
-214,88,uNaQGRNLCYDjhWXc4VknLbh9Y7E=,VxD0PleIlm0gMPdguDGwviAK1Yg=
-213,88,uNaQGRNLCYDjhWXc4VknLbh9Y7E=,VxD0PleIlm0gMPdguDGwviAK1Yg=
-215,80,uNaQGRNLCYDjhWXc4VknLbh9Y7E=,VxD0PleIlm0gMPdguDGwviAK1Yg=
-215,88,uNaQGRNLCYDjhWXc4VknLbh9Y7E=,VxD0PleIlm0gMPdguDGwviAK1Yg=
-216,88,uNaQGRNLCYDjhWXc4VknLbh9Y7E=,VxD0PleIlm0gMPdguDGwviAK1Yg=
-210,85,uNaQGRNLCYDjhWXc4VknLbh9Y7E=,VxD0PleIlm0gMPdguDGwviAK1Yg=
-217,88,uNaQGRNLCYDjhWXc4VknLbh9Y7E=,VxD0PleIlm0gMPdguDGwviAK1Yg=
-220,88,uNaQGRNLCYDjhWXc4VknLbh9Y7E=,VxD0PleIlm0gMPdguDGwviAK1Yg=
-218,88,uNaQGRNLCYDjhWXc4VknLbh9Y7E=,VxD0PleIlm0gMPdguDGwviAK1Yg=
-219,88,uNaQGRNLCYDjhWXc4VknLbh9Y7E=,VxD0PleIlm0gMPdguDGwviAK1Yg=
-209,85,uNaQGRNLCYDjhWXc4VknLbh9Y7E=,VxD0PleIlm0gMPdguDGwviAK1Yg=
-222,88,uNaQGRNLCYDjhWXc4VknLbh9Y7E=,VxD0PleIlm0gMPdguDGwviAK1Yg=
-221,88,uNaQGRNLCYDjhWXc4VknLbh9Y7E=,VxD0PleIlm0gMPdguDGwviAK1Yg=
-223,88,uNaQGRNLCYDjhWXc4VknLbh9Y7E=,VxD0PleIlm0gMPdguDGwviAK1Yg=
-210,87,uNaQGRNLCYDjhWXc4VknLbh9Y7E=,VxD0PleIlm0gMPdguDGwviAK1Yg=
-211,87,uNaQGRNLCYDjhWXc4VknLbh9Y7E=,VxD0PleIlm0gMPdguDGwviAK1Yg=
-209,87,uNaQGRNLCYDjhWXc4VknLbh9Y7E=,VxD0PleIlm0gMPdguDGwviAK1Yg=
-224,86,uNaQGRNLCYDjhWXc4VknLbh9Y7E=,VxD0PleIlm0gMPdguDGwviAK1Yg=
-224,88,uNaQGRNLCYDjhWXc4VknLbh9Y7E=,VxD0PleIlm0gMPdguDGwviAK1Yg=
-212,87,uNaQGRNLCYDjhWXc4VknLbh9Y7E=,VxD0PleIlm0gMPdguDGwviAK1Yg=
-213,87,uNaQGRNLCYDjhWXc4VknLbh9Y7E=,VxD0PleIlm0gMPdguDGwviAK1Yg=
-214,87,uNaQGRNLCYDjhWXc4VknLbh9Y7E=,VxD0PleIlm0gMPdguDGwviAK1Yg=
-216,80,uNaQGRNLCYDjhWXc4VknLbh9Y7E=,VxD0PleIlm0gMPdguDGwviAK1Yg=
-215,87,uNaQGRNLCYDjhWXc4VknLbh9Y7E=,VxD0PleIlm0gMPdguDGwviAK1Yg=
-223,86,uNaQGRNLCYDjhWXc4VknLbh9Y7E=,VxD0PleIlm0gMPdguDGwviAK1Yg=
-217,87,uNaQGRNLCYDjhWXc4VknLbh9Y7E=,VxD0PleIlm0gMPdguDGwviAK1Yg=
-218,87,uNaQGRNLCYDjhWXc4VknLbh9Y7E=,VxD0PleIlm0gMPdguDGwviAK1Yg=
-216,87,uNaQGRNLCYDjhWXc4VknLbh9Y7E=,VxD0PleIlm0gMPdguDGwviAK1Yg=
-219,87,uNaQGRNLCYDjhWXc4VknLbh9Y7E=,VxD0PleIlm0gMPdguDGwviAK1Yg=
-220,87,uNaQGRNLCYDjhWXc4VknLbh9Y7E=,VxD0PleIlm0gMPdguDGwviAK1Yg=
-221,87,uNaQGRNLCYDjhWXc4VknLbh9Y7E=,VxD0PleIlm0gMPdguDGwviAK1Yg=
-222,86,uNaQGRNLCYDjhWXc4VknLbh9Y7E=,VxD0PleIlm0gMPdguDGwviAK1Yg=
-222,87,uNaQGRNLCYDjhWXc4VknLbh9Y7E=,VxD0PleIlm0gMPdguDGwviAK1Yg=
-223,87,uNaQGRNLCYDjhWXc4VknLbh9Y7E=,VxD0PleIlm0gMPdguDGwviAK1Yg=
-224,87,uNaQGRNLCYDjhWXc4VknLbh9Y7E=,VxD0PleIlm0gMPdguDGwviAK1Yg=
-209,86,uNaQGRNLCYDjhWXc4VknLbh9Y7E=,VxD0PleIlm0gMPdguDGwviAK1Yg=
-210,86,uNaQGRNLCYDjhWXc4VknLbh9Y7E=,VxD0PleIlm0gMPdguDGwviAK1Yg=
-211,86,uNaQGRNLCYDjhWXc4VknLbh9Y7E=,VxD0PleIlm0gMPdguDGwviAK1Yg=
-217,80,uNaQGRNLCYDjhWXc4VknLbh9Y7E=,VxD0PleIlm0gMPdguDGwviAK1Yg=
-212,86,uNaQGRNLCYDjhWXc4VknLbh9Y7E=,VxD0PleIlm0gMPdguDGwviAK1Yg=
-221,86,uNaQGRNLCYDjhWXc4VknLbh9Y7E=,VxD0PleIlm0gMPdguDGwviAK1Yg=
-213,86,uNaQGRNLCYDjhWXc4VknLbh9Y7E=,VxD0PleIlm0gMPdguDGwviAK1Yg=
-214,86,uNaQGRNLCYDjhWXc4VknLbh9Y7E=,VxD0PleIlm0gMPdguDGwviAK1Yg=
-215,86,uNaQGRNLCYDjhWXc4VknLbh9Y7E=,VxD0PleIlm0gMPdguDGwviAK1Yg=
-216,86,uNaQGRNLCYDjhWXc4VknLbh9Y7E=,VxD0PleIlm0gMPdguDGwviAK1Yg=
-220,86,uNaQGRNLCYDjhWXc4VknLbh9Y7E=,VxD0PleIlm0gMPdguDGwviAK1Yg=
-218,86,uNaQGRNLCYDjhWXc4VknLbh9Y7E=,VxD0PleIlm0gMPdguDGwviAK1Yg=
-219,86,uNaQGRNLCYDjhWXc4VknLbh9Y7E=,VxD0PleIlm0gMPdguDGwviAK1Yg=
-217,86,uNaQGRNLCYDjhWXc4VknLbh9Y7E=,VxD0PleIlm0gMPdguDGwviAK1Yg=
-211,95,uNaQGRNLCYDjhWXc4VknLbh9Y7E=,VxD0PleIlm0gMPdguDGwviAK1Yg=
-207,80,uNaQGRNLCYDjhWXc4VknLbh9Y7E=,VxD0PleIlm0gMPdguDGwviAK1Yg=
-206,81,uNaQGRNLCYDjhWXc4VknLbh9Y7E=,VxD0PleIlm0gMPdguDGwviAK1Yg=
-207,81,uNaQGRNLCYDjhWXc4VknLbh9Y7E=,VxD0PleIlm0gMPdguDGwviAK1Yg=
-193,95,uNaQGRNLCYDjhWXc4VknLbh9Y7E=,VxD0PleIlm0gMPdguDGwviAK1Yg=
-205,81,uNaQGRNLCYDjhWXc4VknLbh9Y7E=,VxD0PleIlm0gMPdguDGwviAK1Yg=
-194,95,uNaQGRNLCYDjhWXc4VknLbh9Y7E=,VxD0PleIlm0gMPdguDGwviAK1Yg=
-204,81,uNaQGRNLCYDjhWXc4VknLbh9Y7E=,VxD0PleIlm0gMPdguDGwviAK1Yg=
-195,95,uNaQGRNLCYDjhWXc4VknLbh9Y7E=,VxD0PleIlm0gMPdguDGwviAK1Yg=
-203,81,uNaQGRNLCYDjhWXc4VknLbh9Y7E=,VxD0PleIlm0gMPdguDGwviAK1Yg=
-196,95,uNaQGRNLCYDjhWXc4VknLbh9Y7E=,VxD0PleIlm0gMPdguDGwviAK1Yg=
-202,81,uNaQGRNLCYDjhWXc4VknLbh9Y7E=,VxD0PleIlm0gMPdguDGwviAK1Yg=
-197,95,uNaQGRNLCYDjhWXc4VknLbh9Y7E=,VxD0PleIlm0gMPdguDGwviAK1Yg=
-201,81,uNaQGRNLCYDjhWXc4VknLbh9Y7E=,VxD0PleIlm0gMPdguDGwviAK1Yg=
-198,95,uNaQGRNLCYDjhWXc4VknLbh9Y7E=,VxD0PleIlm0gMPdguDGwviAK1Yg=
-200,81,uNaQGRNLCYDjhWXc4VknLbh9Y7E=,VxD0PleIlm0gMPdguDGwviAK1Yg=
-199,95,uNaQGRNLCYDjhWXc4VknLbh9Y7E=,VxD0PleIlm0gMPdguDGwviAK1Yg=
-200,95,uNaQGRNLCYDjhWXc4VknLbh9Y7E=,VxD0PleIlm0gMPdguDGwviAK1Yg=
-199,81,uNaQGRNLCYDjhWXc4VknLbh9Y7E=,VxD0PleIlm0gMPdguDGwviAK1Yg=
-198,81,uNaQGRNLCYDjhWXc4VknLbh9Y7E=,VxD0PleIlm0gMPdguDGwviAK1Yg=
-201,95,uNaQGRNLCYDjhWXc4VknLbh9Y7E=,VxD0PleIlm0gMPdguDGwviAK1Yg=
-202,95,uNaQGRNLCYDjhWXc4VknLbh9Y7E=,VxD0PleIlm0gMPdguDGwviAK1Yg=
-203,95,uNaQGRNLCYDjhWXc4VknLbh9Y7E=,VxD0PleIlm0gMPdguDGwviAK1Yg=
-204,95,uNaQGRNLCYDjhWXc4VknLbh9Y7E=,VxD0PleIlm0gMPdguDGwviAK1Yg=
-205,95,uNaQGRNLCYDjhWXc4VknLbh9Y7E=,VxD0PleIlm0gMPdguDGwviAK1Yg=
-206,95,uNaQGRNLCYDjhWXc4VknLbh9Y7E=,VxD0PleIlm0gMPdguDGwviAK1Yg=
-208,80,uNaQGRNLCYDjhWXc4VknLbh9Y7E=,VxD0PleIlm0gMPdguDGwviAK1Yg=
-208,95,uNaQGRNLCYDjhWXc4VknLbh9Y7E=,VxD0PleIlm0gMPdguDGwviAK1Yg=
-193,94,uNaQGRNLCYDjhWXc4VknLbh9Y7E=,VxD0PleIlm0gMPdguDGwviAK1Yg=
-208,81,uNaQGRNLCYDjhWXc4VknLbh9Y7E=,VxD0PleIlm0gMPdguDGwviAK1Yg=
-195,94,uNaQGRNLCYDjhWXc4VknLbh9Y7E=,VxD0PleIlm0gMPdguDGwviAK1Yg=
-194,94,uNaQGRNLCYDjhWXc4VknLbh9Y7E=,VxD0PleIlm0gMPdguDGwviAK1Yg=
-196,94,uNaQGRNLCYDjhWXc4VknLbh9Y7E=,VxD0PleIlm0gMPdguDGwviAK1Yg=
-197,94,uNaQGRNLCYDjhWXc4VknLbh9Y7E=,VxD0PleIlm0gMPdguDGwviAK1Yg=
-199,94,uNaQGRNLCYDjhWXc4VknLbh9Y7E=,VxD0PleIlm0gMPdguDGwviAK1Yg=
-200,94,uNaQGRNLCYDjhWXc4VknLbh9Y7E=,VxD0PleIlm0gMPdguDGwviAK1Yg=
-198,94,uNaQGRNLCYDjhWXc4VknLbh9Y7E=,VxD0PleIlm0gMPdguDGwviAK1Yg=
-201,94,uNaQGRNLCYDjhWXc4VknLbh9Y7E=,VxD0PleIlm0gMPdguDGwviAK1Yg=
-202,94,uNaQGRNLCYDjhWXc4VknLbh9Y7E=,VxD0PleIlm0gMPdguDGwviAK1Yg=
-204,94,uNaQGRNLCYDjhWXc4VknLbh9Y7E=,VxD0PleIlm0gMPdguDGwviAK1Yg=
-193,80,uNaQGRNLCYDjhWXc4VknLbh9Y7E=,VxD0PleIlm0gMPdguDGwviAK1Yg=
-203,94,uNaQGRNLCYDjhWXc4VknLbh9Y7E=,VxD0PleIlm0gMPdguDGwviAK1Yg=
-205,94,uNaQGRNLCYDjhWXc4VknLbh9Y7E=,VxD0PleIlm0gMPdguDGwviAK1Yg=
-207,94,uNaQGRNLCYDjhWXc4VknLbh9Y7E=,VxD0PleIlm0gMPdguDGwviAK1Yg=
-194,80,uNaQGRNLCYDjhWXc4VknLbh9Y7E=,VxD0PleIlm0gMPdguDGwviAK1Yg=
-208,94,uNaQGRNLCYDjhWXc4VknLbh9Y7E=,VxD0PleIlm0gMPdguDGwviAK1Yg=
-193,93,uNaQGRNLCYDjhWXc4VknLbh9Y7E=,VxD0PleIlm0gMPdguDGwviAK1Yg=
-194,93,uNaQGRNLCYDjhWXc4VknLbh9Y7E=,VxD0PleIlm0gMPdguDGwviAK1Yg=
-195,93,uNaQGRNLCYDjhWXc4VknLbh9Y7E=,VxD0PleIlm0gMPdguDGwviAK1Yg=
-196,93,uNaQGRNLCYDjhWXc4VknLbh9Y7E=,VxD0PleIlm0gMPdguDGwviAK1Yg=
-197,93,uNaQGRNLCYDjhWXc4VknLbh9Y7E=,VxD0PleIlm0gMPdguDGwviAK1Yg=
-198,93,uNaQGRNLCYDjhWXc4VknLbh9Y7E=,VxD0PleIlm0gMPdguDGwviAK1Yg=
-200,93,uNaQGRNLCYDjhWXc4VknLbh9Y7E=,VxD0PleIlm0gMPdguDGwviAK1Yg=
-201,93,uNaQGRNLCYDjhWXc4VknLbh9Y7E=,VxD0PleIlm0gMPdguDGwviAK1Yg=
-202,93,uNaQGRNLCYDjhWXc4VknLbh9Y7E=,VxD0PleIlm0gMPdguDGwviAK1Yg=
-199,93,uNaQGRNLCYDjhWXc4VknLbh9Y7E=,VxD0PleIlm0gMPdguDGwviAK1Yg=
-203,93,uNaQGRNLCYDjhWXc4VknLbh9Y7E=,VxD0PleIlm0gMPdguDGwviAK1Yg=
-195,80,uNaQGRNLCYDjhWXc4VknLbh9Y7E=,VxD0PleIlm0gMPdguDGwviAK1Yg=
-207,93,uNaQGRNLCYDjhWXc4VknLbh9Y7E=,VxD0PleIlm0gMPdguDGwviAK1Yg=
-208,93,uNaQGRNLCYDjhWXc4VknLbh9Y7E=,VxD0PleIlm0gMPdguDGwviAK1Yg=
-193,92,uNaQGRNLCYDjhWXc4VknLbh9Y7E=,VxD0PleIlm0gMPdguDGwviAK1Yg=
-197,92,uNaQGRNLCYDjhWXc4VknLbh9Y7E=,VxD0PleIlm0gMPdguDGwviAK1Yg=
-196,92,uNaQGRNLCYDjhWXc4VknLbh9Y7E=,VxD0PleIlm0gMPdguDGwviAK1Yg=
-195,92,uNaQGRNLCYDjhWXc4VknLbh9Y7E=,VxD0PleIlm0gMPdguDGwviAK1Yg=
-199,92,uNaQGRNLCYDjhWXc4VknLbh9Y7E=,VxD0PleIlm0gMPdguDGwviAK1Yg=
-194,92,uNaQGRNLCYDjhWXc4VknLbh9Y7E=,VxD0PleIlm0gMPdguDGwviAK1Yg=
-198,92,uNaQGRNLCYDjhWXc4VknLbh9Y7E=,VxD0PleIlm0gMPdguDGwviAK1Yg=
-200,92,uNaQGRNLCYDjhWXc4VknLbh9Y7E=,VxD0PleIlm0gMPdguDGwviAK1Yg=
-201,92,uNaQGRNLCYDjhWXc4VknLbh9Y7E=,VxD0PleIlm0gMPdguDGwviAK1Yg=
-202,92,uNaQGRNLCYDjhWXc4VknLbh9Y7E=,VxD0PleIlm0gMPdguDGwviAK1Yg=
-205,92,uNaQGRNLCYDjhWXc4VknLbh9Y7E=,VxD0PleIlm0gMPdguDGwviAK1Yg=
-203,92,uNaQGRNLCYDjhWXc4VknLbh9Y7E=,VxD0PleIlm0gMPdguDGwviAK1Yg=
-196,80,uNaQGRNLCYDjhWXc4VknLbh9Y7E=,VxD0PleIlm0gMPdguDGwviAK1Yg=
-207,92,uNaQGRNLCYDjhWXc4VknLbh9Y7E=,VxD0PleIlm0gMPdguDGwviAK1Yg=
-208,92,uNaQGRNLCYDjhWXc4VknLbh9Y7E=,VxD0PleIlm0gMPdguDGwviAK1Yg=
-206,92,uNaQGRNLCYDjhWXc4VknLbh9Y7E=,VxD0PleIlm0gMPdguDGwviAK1Yg=
-193,91,uNaQGRNLCYDjhWXc4VknLbh9Y7E=,VxD0PleIlm0gMPdguDGwviAK1Yg=
-194,91,uNaQGRNLCYDjhWXc4VknLbh9Y7E=,VxD0PleIlm0gMPdguDGwviAK1Yg=
-195,91,uNaQGRNLCYDjhWXc4VknLbh9Y7E=,VxD0PleIlm0gMPdguDGwviAK1Yg=
-196,91,uNaQGRNLCYDjhWXc4VknLbh9Y7E=,VxD0PleIlm0gMPdguDGwviAK1Yg=
-197,91,uNaQGRNLCYDjhWXc4VknLbh9Y7E=,VxD0PleIlm0gMPdguDGwviAK1Yg=
-198,91,uNaQGRNLCYDjhWXc4VknLbh9Y7E=,VxD0PleIlm0gMPdguDGwviAK1Yg=
-199,91,uNaQGRNLCYDjhWXc4VknLbh9Y7E=,VxD0PleIlm0gMPdguDGwviAK1Yg=
-201,91,uNaQGRNLCYDjhWXc4VknLbh9Y7E=,VxD0PleIlm0gMPdguDGwviAK1Yg=
-202,91,uNaQGRNLCYDjhWXc4VknLbh9Y7E=,VxD0PleIlm0gMPdguDGwviAK1Yg=
-200,91,uNaQGRNLCYDjhWXc4VknLbh9Y7E=,VxD0PleIlm0gMPdguDGwviAK1Yg=
-207,91,uNaQGRNLCYDjhWXc4VknLbh9Y7E=,VxD0PleIlm0gMPdguDGwviAK1Yg=
-208,91,uNaQGRNLCYDjhWXc4VknLbh9Y7E=,VxD0PleIlm0gMPdguDGwviAK1Yg=
-193,90,uNaQGRNLCYDjhWXc4VknLbh9Y7E=,VxD0PleIlm0gMPdguDGwviAK1Yg=
-206,91,uNaQGRNLCYDjhWXc4VknLbh9Y7E=,VxD0PleIlm0gMPdguDGwviAK1Yg=
-194,90,uNaQGRNLCYDjhWXc4VknLbh9Y7E=,VxD0PleIlm0gMPdguDGwviAK1Yg=
-195,90,uNaQGRNLCYDjhWXc4VknLbh9Y7E=,VxD0PleIlm0gMPdguDGwviAK1Yg=
-196,90,uNaQGRNLCYDjhWXc4VknLbh9Y7E=,VxD0PleIlm0gMPdguDGwviAK1Yg=
-197,90,uNaQGRNLCYDjhWXc4VknLbh9Y7E=,VxD0PleIlm0gMPdguDGwviAK1Yg=
-199,90,uNaQGRNLCYDjhWXc4VknLbh9Y7E=,VxD0PleIlm0gMPdguDGwviAK1Yg=
-200,90,uNaQGRNLCYDjhWXc4VknLbh9Y7E=,VxD0PleIlm0gMPdguDGwviAK1Yg=
-205,91,uNaQGRNLCYDjhWXc4VknLbh9Y7E=,VxD0PleIlm0gMPdguDGwviAK1Yg=
-203,90,uNaQGRNLCYDjhWXc4VknLbh9Y7E=,VxD0PleIlm0gMPdguDGwviAK1Yg=
-204,90,uNaQGRNLCYDjhWXc4VknLbh9Y7E=,VxD0PleIlm0gMPdguDGwviAK1Yg=
-206,90,uNaQGRNLCYDjhWXc4VknLbh9Y7E=,VxD0PleIlm0gMPdguDGwviAK1Yg=
-207,90,uNaQGRNLCYDjhWXc4VknLbh9Y7E=,VxD0PleIlm0gMPdguDGwviAK1Yg=
-198,80,uNaQGRNLCYDjhWXc4VknLbh9Y7E=,VxD0PleIlm0gMPdguDGwviAK1Yg=
-208,90,uNaQGRNLCYDjhWXc4VknLbh9Y7E=,VxD0PleIlm0gMPdguDGwviAK1Yg=
-193,89,uNaQGRNLCYDjhWXc4VknLbh9Y7E=,VxD0PleIlm0gMPdguDGwviAK1Yg=
-195,89,uNaQGRNLCYDjhWXc4VknLbh9Y7E=,VxD0PleIlm0gMPdguDGwviAK1Yg=
-194,89,uNaQGRNLCYDjhWXc4VknLbh9Y7E=,VxD0PleIlm0gMPdguDGwviAK1Yg=
-196,89,uNaQGRNLCYDjhWXc4VknLbh9Y7E=,VxD0PleIlm0gMPdguDGwviAK1Yg=
-206,94,uNaQGRNLCYDjhWXc4VknLbh9Y7E=,VxD0PleIlm0gMPdguDGwviAK1Yg=
-199,89,uNaQGRNLCYDjhWXc4VknLbh9Y7E=,VxD0PleIlm0gMPdguDGwviAK1Yg=
-200,89,uNaQGRNLCYDjhWXc4VknLbh9Y7E=,VxD0PleIlm0gMPdguDGwviAK1Yg=
-204,92,uNaQGRNLCYDjhWXc4VknLbh9Y7E=,VxD0PleIlm0gMPdguDGwviAK1Yg=
-202,89,uNaQGRNLCYDjhWXc4VknLbh9Y7E=,VxD0PleIlm0gMPdguDGwviAK1Yg=
-203,89,uNaQGRNLCYDjhWXc4VknLbh9Y7E=,VxD0PleIlm0gMPdguDGwviAK1Yg=
-204,91,uNaQGRNLCYDjhWXc4VknLbh9Y7E=,VxD0PleIlm0gMPdguDGwviAK1Yg=
-205,89,uNaQGRNLCYDjhWXc4VknLbh9Y7E=,VxD0PleIlm0gMPdguDGwviAK1Yg=
-207,89,uNaQGRNLCYDjhWXc4VknLbh9Y7E=,VxD0PleIlm0gMPdguDGwviAK1Yg=
-199,80,uNaQGRNLCYDjhWXc4VknLbh9Y7E=,VxD0PleIlm0gMPdguDGwviAK1Yg=
-208,89,uNaQGRNLCYDjhWXc4VknLbh9Y7E=,VxD0PleIlm0gMPdguDGwviAK1Yg=
-193,88,uNaQGRNLCYDjhWXc4VknLbh9Y7E=,VxD0PleIlm0gMPdguDGwviAK1Yg=
-194,88,uNaQGRNLCYDjhWXc4VknLbh9Y7E=,VxD0PleIlm0gMPdguDGwviAK1Yg=
-195,88,uNaQGRNLCYDjhWXc4VknLbh9Y7E=,VxD0PleIlm0gMPdguDGwviAK1Yg=
-196,88,uNaQGRNLCYDjhWXc4VknLbh9Y7E=,VxD0PleIlm0gMPdguDGwviAK1Yg=
-197,88,uNaQGRNLCYDjhWXc4VknLbh9Y7E=,VxD0PleIlm0gMPdguDGwviAK1Yg=
-198,90,uNaQGRNLCYDjhWXc4VknLbh9Y7E=,VxD0PleIlm0gMPdguDGwviAK1Yg=
-199,88,uNaQGRNLCYDjhWXc4VknLbh9Y7E=,VxD0PleIlm0gMPdguDGwviAK1Yg=
-200,88,uNaQGRNLCYDjhWXc4VknLbh9Y7E=,VxD0PleIlm0gMPdguDGwviAK1Yg=
-202,88,uNaQGRNLCYDjhWXc4VknLbh9Y7E=,VxD0PleIlm0gMPdguDGwviAK1Yg=
-203,88,uNaQGRNLCYDjhWXc4VknLbh9Y7E=,VxD0PleIlm0gMPdguDGwviAK1Yg=
-205,90,uNaQGRNLCYDjhWXc4VknLbh9Y7E=,VxD0PleIlm0gMPdguDGwviAK1Yg=
-205,88,uNaQGRNLCYDjhWXc4VknLbh9Y7E=,VxD0PleIlm0gMPdguDGwviAK1Yg=
-206,88,uNaQGRNLCYDjhWXc4VknLbh9Y7E=,VxD0PleIlm0gMPdguDGwviAK1Yg=
-207,88,uNaQGRNLCYDjhWXc4VknLbh9Y7E=,VxD0PleIlm0gMPdguDGwviAK1Yg=
-200,80,uNaQGRNLCYDjhWXc4VknLbh9Y7E=,VxD0PleIlm0gMPdguDGwviAK1Yg=
-208,88,uNaQGRNLCYDjhWXc4VknLbh9Y7E=,VxD0PleIlm0gMPdguDGwviAK1Yg=
-193,87,uNaQGRNLCYDjhWXc4VknLbh9Y7E=,VxD0PleIlm0gMPdguDGwviAK1Yg=
-194,87,uNaQGRNLCYDjhWXc4VknLbh9Y7E=,VxD0PleIlm0gMPdguDGwviAK1Yg=
-197,80,uNaQGRNLCYDjhWXc4VknLbh9Y7E=,VxD0PleIlm0gMPdguDGwviAK1Yg=
-196,87,uNaQGRNLCYDjhWXc4VknLbh9Y7E=,VxD0PleIlm0gMPdguDGwviAK1Yg=
-197,87,uNaQGRNLCYDjhWXc4VknLbh9Y7E=,VxD0PleIlm0gMPdguDGwviAK1Yg=
-203,91,uNaQGRNLCYDjhWXc4VknLbh9Y7E=,VxD0PleIlm0gMPdguDGwviAK1Yg=
-199,87,uNaQGRNLCYDjhWXc4VknLbh9Y7E=,VxD0PleIlm0gMPdguDGwviAK1Yg=
-200,87,uNaQGRNLCYDjhWXc4VknLbh9Y7E=,VxD0PleIlm0gMPdguDGwviAK1Yg=
-197,81,uNaQGRNLCYDjhWXc4VknLbh9Y7E=,VxD0PleIlm0gMPdguDGwviAK1Yg=
-204,89,uNaQGRNLCYDjhWXc4VknLbh9Y7E=,VxD0PleIlm0gMPdguDGwviAK1Yg=
-196,81,uNaQGRNLCYDjhWXc4VknLbh9Y7E=,VxD0PleIlm0gMPdguDGwviAK1Yg=
-202,87,uNaQGRNLCYDjhWXc4VknLbh9Y7E=,VxD0PleIlm0gMPdguDGwviAK1Yg=
-194,81,uNaQGRNLCYDjhWXc4VknLbh9Y7E=,VxD0PleIlm0gMPdguDGwviAK1Yg=
-195,81,uNaQGRNLCYDjhWXc4VknLbh9Y7E=,VxD0PleIlm0gMPdguDGwviAK1Yg=
-203,87,uNaQGRNLCYDjhWXc4VknLbh9Y7E=,VxD0PleIlm0gMPdguDGwviAK1Yg=
-204,87,uNaQGRNLCYDjhWXc4VknLbh9Y7E=,VxD0PleIlm0gMPdguDGwviAK1Yg=
-205,87,uNaQGRNLCYDjhWXc4VknLbh9Y7E=,VxD0PleIlm0gMPdguDGwviAK1Yg=
-206,87,uNaQGRNLCYDjhWXc4VknLbh9Y7E=,VxD0PleIlm0gMPdguDGwviAK1Yg=
-207,87,uNaQGRNLCYDjhWXc4VknLbh9Y7E=,VxD0PleIlm0gMPdguDGwviAK1Yg=
-201,80,uNaQGRNLCYDjhWXc4VknLbh9Y7E=,VxD0PleIlm0gMPdguDGwviAK1Yg=
-208,87,uNaQGRNLCYDjhWXc4VknLbh9Y7E=,VxD0PleIlm0gMPdguDGwviAK1Yg=
-193,86,uNaQGRNLCYDjhWXc4VknLbh9Y7E=,VxD0PleIlm0gMPdguDGwviAK1Yg=
-194,86,uNaQGRNLCYDjhWXc4VknLbh9Y7E=,VxD0PleIlm0gMPdguDGwviAK1Yg=
-207,95,uNaQGRNLCYDjhWXc4VknLbh9Y7E=,VxD0PleIlm0gMPdguDGwviAK1Yg=
-197,89,uNaQGRNLCYDjhWXc4VknLbh9Y7E=,VxD0PleIlm0gMPdguDGwviAK1Yg=
-197,86,uNaQGRNLCYDjhWXc4VknLbh9Y7E=,VxD0PleIlm0gMPdguDGwviAK1Yg=
-202,90,uNaQGRNLCYDjhWXc4VknLbh9Y7E=,VxD0PleIlm0gMPdguDGwviAK1Yg=
-199,86,uNaQGRNLCYDjhWXc4VknLbh9Y7E=,VxD0PleIlm0gMPdguDGwviAK1Yg=
-201,86,uNaQGRNLCYDjhWXc4VknLbh9Y7E=,VxD0PleIlm0gMPdguDGwviAK1Yg=
-202,86,uNaQGRNLCYDjhWXc4VknLbh9Y7E=,VxD0PleIlm0gMPdguDGwviAK1Yg=
-198,89,uNaQGRNLCYDjhWXc4VknLbh9Y7E=,VxD0PleIlm0gMPdguDGwviAK1Yg=
-203,86,uNaQGRNLCYDjhWXc4VknLbh9Y7E=,VxD0PleIlm0gMPdguDGwviAK1Yg=
-205,93,uNaQGRNLCYDjhWXc4VknLbh9Y7E=,VxD0PleIlm0gMPdguDGwviAK1Yg=
-205,86,uNaQGRNLCYDjhWXc4VknLbh9Y7E=,VxD0PleIlm0gMPdguDGwviAK1Yg=
-204,86,uNaQGRNLCYDjhWXc4VknLbh9Y7E=,VxD0PleIlm0gMPdguDGwviAK1Yg=
-206,86,uNaQGRNLCYDjhWXc4VknLbh9Y7E=,VxD0PleIlm0gMPdguDGwviAK1Yg=
-207,86,uNaQGRNLCYDjhWXc4VknLbh9Y7E=,VxD0PleIlm0gMPdguDGwviAK1Yg=
-202,80,uNaQGRNLCYDjhWXc4VknLbh9Y7E=,VxD0PleIlm0gMPdguDGwviAK1Yg=
-208,86,uNaQGRNLCYDjhWXc4VknLbh9Y7E=,VxD0PleIlm0gMPdguDGwviAK1Yg=
-201,90,uNaQGRNLCYDjhWXc4VknLbh9Y7E=,VxD0PleIlm0gMPdguDGwviAK1Yg=
-195,85,uNaQGRNLCYDjhWXc4VknLbh9Y7E=,VxD0PleIlm0gMPdguDGwviAK1Yg=
-206,93,uNaQGRNLCYDjhWXc4VknLbh9Y7E=,VxD0PleIlm0gMPdguDGwviAK1Yg=
-199,85,uNaQGRNLCYDjhWXc4VknLbh9Y7E=,VxD0PleIlm0gMPdguDGwviAK1Yg=
-200,85,uNaQGRNLCYDjhWXc4VknLbh9Y7E=,VxD0PleIlm0gMPdguDGwviAK1Yg=
-201,85,uNaQGRNLCYDjhWXc4VknLbh9Y7E=,VxD0PleIlm0gMPdguDGwviAK1Yg=
-202,85,uNaQGRNLCYDjhWXc4VknLbh9Y7E=,VxD0PleIlm0gMPdguDGwviAK1Yg=
-203,85,uNaQGRNLCYDjhWXc4VknLbh9Y7E=,VxD0PleIlm0gMPdguDGwviAK1Yg=
-204,85,uNaQGRNLCYDjhWXc4VknLbh9Y7E=,VxD0PleIlm0gMPdguDGwviAK1Yg=
-205,85,uNaQGRNLCYDjhWXc4VknLbh9Y7E=,VxD0PleIlm0gMPdguDGwviAK1Yg=
-206,85,uNaQGRNLCYDjhWXc4VknLbh9Y7E=,VxD0PleIlm0gMPdguDGwviAK1Yg=
-207,85,uNaQGRNLCYDjhWXc4VknLbh9Y7E=,VxD0PleIlm0gMPdguDGwviAK1Yg=
-203,80,uNaQGRNLCYDjhWXc4VknLbh9Y7E=,VxD0PleIlm0gMPdguDGwviAK1Yg=
-208,85,uNaQGRNLCYDjhWXc4VknLbh9Y7E=,VxD0PleIlm0gMPdguDGwviAK1Yg=
-201,89,uNaQGRNLCYDjhWXc4VknLbh9Y7E=,VxD0PleIlm0gMPdguDGwviAK1Yg=
-200,86,uNaQGRNLCYDjhWXc4VknLbh9Y7E=,VxD0PleIlm0gMPdguDGwviAK1Yg=
-195,84,uNaQGRNLCYDjhWXc4VknLbh9Y7E=,VxD0PleIlm0gMPdguDGwviAK1Yg=
-206,89,uNaQGRNLCYDjhWXc4VknLbh9Y7E=,VxD0PleIlm0gMPdguDGwviAK1Yg=
-193,81,uNaQGRNLCYDjhWXc4VknLbh9Y7E=,VxD0PleIlm0gMPdguDGwviAK1Yg=
-206,80,uNaQGRNLCYDjhWXc4VknLbh9Y7E=,VxD0PleIlm0gMPdguDGwviAK1Yg=
-208,82,uNaQGRNLCYDjhWXc4VknLbh9Y7E=,VxD0PleIlm0gMPdguDGwviAK1Yg=
-207,82,uNaQGRNLCYDjhWXc4VknLbh9Y7E=,VxD0PleIlm0gMPdguDGwviAK1Yg=
-206,82,uNaQGRNLCYDjhWXc4VknLbh9Y7E=,VxD0PleIlm0gMPdguDGwviAK1Yg=
-205,82,uNaQGRNLCYDjhWXc4VknLbh9Y7E=,VxD0PleIlm0gMPdguDGwviAK1Yg=
-204,82,uNaQGRNLCYDjhWXc4VknLbh9Y7E=,VxD0PleIlm0gMPdguDGwviAK1Yg=
-202,82,uNaQGRNLCYDjhWXc4VknLbh9Y7E=,VxD0PleIlm0gMPdguDGwviAK1Yg=
-203,82,uNaQGRNLCYDjhWXc4VknLbh9Y7E=,VxD0PleIlm0gMPdguDGwviAK1Yg=
-201,82,uNaQGRNLCYDjhWXc4VknLbh9Y7E=,VxD0PleIlm0gMPdguDGwviAK1Yg=
-200,82,uNaQGRNLCYDjhWXc4VknLbh9Y7E=,VxD0PleIlm0gMPdguDGwviAK1Yg=
-199,84,uNaQGRNLCYDjhWXc4VknLbh9Y7E=,VxD0PleIlm0gMPdguDGwviAK1Yg=
-200,84,uNaQGRNLCYDjhWXc4VknLbh9Y7E=,VxD0PleIlm0gMPdguDGwviAK1Yg=
-201,84,uNaQGRNLCYDjhWXc4VknLbh9Y7E=,VxD0PleIlm0gMPdguDGwviAK1Yg=
-202,84,uNaQGRNLCYDjhWXc4VknLbh9Y7E=,VxD0PleIlm0gMPdguDGwviAK1Yg=
-204,84,uNaQGRNLCYDjhWXc4VknLbh9Y7E=,VxD0PleIlm0gMPdguDGwviAK1Yg=
-203,84,uNaQGRNLCYDjhWXc4VknLbh9Y7E=,VxD0PleIlm0gMPdguDGwviAK1Yg=
-205,84,uNaQGRNLCYDjhWXc4VknLbh9Y7E=,VxD0PleIlm0gMPdguDGwviAK1Yg=
-206,84,uNaQGRNLCYDjhWXc4VknLbh9Y7E=,VxD0PleIlm0gMPdguDGwviAK1Yg=
-207,84,uNaQGRNLCYDjhWXc4VknLbh9Y7E=,VxD0PleIlm0gMPdguDGwviAK1Yg=
-204,80,uNaQGRNLCYDjhWXc4VknLbh9Y7E=,VxD0PleIlm0gMPdguDGwviAK1Yg=
-208,84,uNaQGRNLCYDjhWXc4VknLbh9Y7E=,VxD0PleIlm0gMPdguDGwviAK1Yg=
-193,83,uNaQGRNLCYDjhWXc4VknLbh9Y7E=,VxD0PleIlm0gMPdguDGwviAK1Yg=
-194,83,uNaQGRNLCYDjhWXc4VknLbh9Y7E=,VxD0PleIlm0gMPdguDGwviAK1Yg=
-196,84,uNaQGRNLCYDjhWXc4VknLbh9Y7E=,VxD0PleIlm0gMPdguDGwviAK1Yg=
-197,85,uNaQGRNLCYDjhWXc4VknLbh9Y7E=,VxD0PleIlm0gMPdguDGwviAK1Yg=
-199,83,uNaQGRNLCYDjhWXc4VknLbh9Y7E=,VxD0PleIlm0gMPdguDGwviAK1Yg=
-200,83,uNaQGRNLCYDjhWXc4VknLbh9Y7E=,VxD0PleIlm0gMPdguDGwviAK1Yg=
-201,83,uNaQGRNLCYDjhWXc4VknLbh9Y7E=,VxD0PleIlm0gMPdguDGwviAK1Yg=
-202,83,uNaQGRNLCYDjhWXc4VknLbh9Y7E=,VxD0PleIlm0gMPdguDGwviAK1Yg=
-204,83,uNaQGRNLCYDjhWXc4VknLbh9Y7E=,VxD0PleIlm0gMPdguDGwviAK1Yg=
-203,83,uNaQGRNLCYDjhWXc4VknLbh9Y7E=,VxD0PleIlm0gMPdguDGwviAK1Yg=
-205,83,uNaQGRNLCYDjhWXc4VknLbh9Y7E=,VxD0PleIlm0gMPdguDGwviAK1Yg=
-206,83,uNaQGRNLCYDjhWXc4VknLbh9Y7E=,VxD0PleIlm0gMPdguDGwviAK1Yg=
-207,83,uNaQGRNLCYDjhWXc4VknLbh9Y7E=,VxD0PleIlm0gMPdguDGwviAK1Yg=
-205,80,uNaQGRNLCYDjhWXc4VknLbh9Y7E=,VxD0PleIlm0gMPdguDGwviAK1Yg=
-208,83,uNaQGRNLCYDjhWXc4VknLbh9Y7E=,VxD0PleIlm0gMPdguDGwviAK1Yg=
-195,83,uNaQGRNLCYDjhWXc4VknLbh9Y7E=,VxD0PleIlm0gMPdguDGwviAK1Yg=
-194,85,uNaQGRNLCYDjhWXc4VknLbh9Y7E=,VxD0PleIlm0gMPdguDGwviAK1Yg=
-195,82,uNaQGRNLCYDjhWXc4VknLbh9Y7E=,VxD0PleIlm0gMPdguDGwviAK1Yg=
-196,82,uNaQGRNLCYDjhWXc4VknLbh9Y7E=,VxD0PleIlm0gMPdguDGwviAK1Yg=
-197,82,uNaQGRNLCYDjhWXc4VknLbh9Y7E=,VxD0PleIlm0gMPdguDGwviAK1Yg=
-193,85,uNaQGRNLCYDjhWXc4VknLbh9Y7E=,VxD0PleIlm0gMPdguDGwviAK1Yg=
-198,88,uNaQGRNLCYDjhWXc4VknLbh9Y7E=,VxD0PleIlm0gMPdguDGwviAK1Yg=
-196,83,uNaQGRNLCYDjhWXc4VknLbh9Y7E=,VxD0PleIlm0gMPdguDGwviAK1Yg=
-198,87,uNaQGRNLCYDjhWXc4VknLbh9Y7E=,VxD0PleIlm0gMPdguDGwviAK1Yg=
-194,84,uNaQGRNLCYDjhWXc4VknLbh9Y7E=,VxD0PleIlm0gMPdguDGwviAK1Yg=
-201,87,uNaQGRNLCYDjhWXc4VknLbh9Y7E=,VxD0PleIlm0gMPdguDGwviAK1Yg=
-193,84,uNaQGRNLCYDjhWXc4VknLbh9Y7E=,VxD0PleIlm0gMPdguDGwviAK1Yg=
-204,88,uNaQGRNLCYDjhWXc4VknLbh9Y7E=,VxD0PleIlm0gMPdguDGwviAK1Yg=
-196,85,uNaQGRNLCYDjhWXc4VknLbh9Y7E=,VxD0PleIlm0gMPdguDGwviAK1Yg=
-194,82,uNaQGRNLCYDjhWXc4VknLbh9Y7E=,VxD0PleIlm0gMPdguDGwviAK1Yg=
-201,88,uNaQGRNLCYDjhWXc4VknLbh9Y7E=,VxD0PleIlm0gMPdguDGwviAK1Yg=
-198,86,uNaQGRNLCYDjhWXc4VknLbh9Y7E=,VxD0PleIlm0gMPdguDGwviAK1Yg=
-193,82,uNaQGRNLCYDjhWXc4VknLbh9Y7E=,VxD0PleIlm0gMPdguDGwviAK1Yg=
-198,83,uNaQGRNLCYDjhWXc4VknLbh9Y7E=,VxD0PleIlm0gMPdguDGwviAK1Yg=
-197,83,uNaQGRNLCYDjhWXc4VknLbh9Y7E=,VxD0PleIlm0gMPdguDGwviAK1Yg=
-199,82,uNaQGRNLCYDjhWXc4VknLbh9Y7E=,VxD0PleIlm0gMPdguDGwviAK1Yg=
-198,84,uNaQGRNLCYDjhWXc4VknLbh9Y7E=,VxD0PleIlm0gMPdguDGwviAK1Yg=
-198,85,uNaQGRNLCYDjhWXc4VknLbh9Y7E=,VxD0PleIlm0gMPdguDGwviAK1Yg=
-195,86,uNaQGRNLCYDjhWXc4VknLbh9Y7E=,VxD0PleIlm0gMPdguDGwviAK1Yg=
-197,84,uNaQGRNLCYDjhWXc4VknLbh9Y7E=,VxD0PleIlm0gMPdguDGwviAK1Yg=
-198,82,uNaQGRNLCYDjhWXc4VknLbh9Y7E=,VxD0PleIlm0gMPdguDGwviAK1Yg=
-204,93,uNaQGRNLCYDjhWXc4VknLbh9Y7E=,VxD0PleIlm0gMPdguDGwviAK1Yg=
-195,87,uNaQGRNLCYDjhWXc4VknLbh9Y7E=,VxD0PleIlm0gMPdguDGwviAK1Yg=
-196,86,uNaQGRNLCYDjhWXc4VknLbh9Y7E=,VxD0PleIlm0gMPdguDGwviAK1Yg=
