2,33,WwjMvcK0s6OVBpYQWs/7S0tR/PU=,ybTclvpe8n12drJRK+Vr0aNXq/M=
3,33,WwjMvcK0s6OVBpYQWs/7S0tR/PU=,ybTclvpe8n12drJRK+Vr0aNXq/M=
4,33,WwjMvcK0s6OVBpYQWs/7S0tR/PU=,ybTclvpe8n12drJRK+Vr0aNXq/M=
5,33,WwjMvcK0s6OVBpYQWs/7S0tR/PU=,ybTclvpe8n12drJRK+Vr0aNXq/M=
1,33,WwjMvcK0s6OVBpYQWs/7S0tR/PU=,ybTclvpe8n12drJRK+Vr0aNXq/M=
0,33,WwjMvcK0s6OVBpYQWs/7S0tR/PU=,ybTclvpe8n12drJRK+Vr0aNXq/M=
15,47,WwjMvcK0s6OVBpYQWs/7S0tR/PU=,ybTclvpe8n12drJRK+Vr0aNXq/M=
14,47,WwjMvcK0s6OVBpYQWs/7S0tR/PU=,ybTclvpe8n12drJRK+Vr0aNXq/M=
13,47,WwjMvcK0s6OVBpYQWs/7S0tR/PU=,ybTclvpe8n12drJRK+Vr0aNXq/M=
12,47,WwjMvcK0s6OVBpYQWs/7S0tR/PU=,ybTclvpe8n12drJRK+Vr0aNXq/M=
11,47,WwjMvcK0s6OVBpYQWs/7S0tR/PU=,ybTclvpe8n12drJRK+Vr0aNXq/M=
10,47,WwjMvcK0s6OVBpYQWs/7S0tR/PU=,ybTclvpe8n12drJRK+Vr0aNXq/M=
9,47,WwjMvcK0s6OVBpYQWs/7S0tR/PU=,ybTclvpe8n12drJRK+Vr0aNXq/M=
7,47,WwjMvcK0s6OVBpYQWs/7S0tR/PU=,ybTclvpe8n12drJRK+Vr0aNXq/M=
6,47,WwjMvcK0s6OVBpYQWs/7S0tR/PU=,ybTclvpe8n12drJRK+Vr0aNXq/M=
5,47,WwjMvcK0s6OVBpYQWs/7S0tR/PU=,ybTclvpe8n12drJRK+Vr0aNXq/M=
4,47,WwjMvcK0s6OVBpYQWs/7S0tR/PU=,ybTclvpe8n12drJRK+Vr0aNXq/M=
8,47,WwjMvcK0s6OVBpYQWs/7S0tR/PU=,ybTclvpe8n12drJRK+Vr0aNXq/M=
3,47,WwjMvcK0s6OVBpYQWs/7S0tR/PU=,ybTclvpe8n12drJRK+Vr0aNXq/M=
2,47,WwjMvcK0s6OVBpYQWs/7S0tR/PU=,ybTclvpe8n12drJRK+Vr0aNXq/M=
1,47,WwjMvcK0s6OVBpYQWs/7S0tR/PU=,ybTclvpe8n12drJRK+Vr0aNXq/M=
0,47,WwjMvcK0s6OVBpYQWs/7S0tR/PU=,ybTclvpe8n12drJRK+Vr0aNXq/M=
14,46,WwjMvcK0s6OVBpYQWs/7S0tR/PU=,ybTclvpe8n12drJRK+Vr0aNXq/M=
13,46,WwjMvcK0s6OVBpYQWs/7S0tR/PU=,ybTclvpe8n12drJRK+Vr0aNXq/M=
12,46,WwjMvcK0s6OVBpYQWs/7S0tR/PU=,ybTclvpe8n12drJRK+Vr0aNXq/M=
15,46,WwjMvcK0s6OVBpYQWs/7S0tR/PU=,ybTclvpe8n12drJRK+Vr0aNXq/M=
11,46,WwjMvcK0s6OVBpYQWs/7S0tR/PU=,ybTclvpe8n12drJRK+Vr0aNXq/M=
10,46,WwjMvcK0s6OVBpYQWs/7S0tR/PU=,ybTclvpe8n12drJRK+Vr0aNXq/M=
9,46,WwjMvcK0s6OVBpYQWs/7S0tR/PU=,ybTclvpe8n12drJRK+Vr0aNXq/M=
8,46,WwjMvcK0s6OVBpYQWs/7S0tR/PU=,ybTclvpe8n12drJRK+Vr0aNXq/M=
7,46,WwjMvcK0s6OVBpYQWs/7S0tR/PU=,ybTclvpe8n12drJRK+Vr0aNXq/M=
6,46,WwjMvcK0s6OVBpYQWs/7S0tR/PU=,ybTclvpe8n12drJRK+Vr0aNXq/M=
5,46,WwjMvcK0s6OVBpYQWs/7S0tR/PU=,ybTclvpe8n12drJRK+Vr0aNXq/M=
4,46,WwjMvcK0s6OVBpYQWs/7S0tR/PU=,ybTclvpe8n12drJRK+Vr0aNXq/M=
3,46,WwjMvcK0s6OVBpYQWs/7S0tR/PU=,ybTclvpe8n12drJRK+Vr0aNXq/M=
2,46,WwjMvcK0s6OVBpYQWs/7S0tR/PU=,ybTclvpe8n12drJRK+Vr0aNXq/M=
1,46,WwjMvcK0s6OVBpYQWs/7S0tR/PU=,ybTclvpe8n12drJRK+Vr0aNXq/M=
0,46,WwjMvcK0s6OVBpYQWs/7S0tR/PU=,ybTclvpe8n12drJRK+Vr0aNXq/M=
15,45,WwjMvcK0s6OVBpYQWs/7S0tR/PU=,ybTclvpe8n12drJRK+Vr0aNXq/M=
14,45,WwjMvcK0s6OVBpYQWs/7S0tR/PU=,ybTclvpe8n12drJRK+Vr0aNXq/M=
13,45,WwjMvcK0s6OVBpYQWs/7S0tR/PU=,ybTclvpe8n12drJRK+Vr0aNXq/M=
12,45,WwjMvcK0s6OVBpYQWs/7S0tR/PU=,ybTclvpe8n12drJRK+Vr0aNXq/M=
9,45,WwjMvcK0s6OVBpYQWs/7S0tR/PU=,ybTclvpe8n12drJRK+Vr0aNXq/M=
8,45,WwjMvcK0s6OVBpYQWs/7S0tR/PU=,ybTclvpe8n12drJRK+Vr0aNXq/M=
7,45,WwjMvcK0s6OVBpYQWs/7S0tR/PU=,ybTclvpe8n12drJRK+Vr0aNXq/M=
6,45,WwjMvcK0s6OVBpYQWs/7S0tR/PU=,ybTclvpe8n12drJRK+Vr0aNXq/M=
5,45,WwjMvcK0s6OVBpYQWs/7S0tR/PU=,ybTclvpe8n12drJRK+Vr0aNXq/M=
4,45,WwjMvcK0s6OVBpYQWs/7S0tR/PU=,ybTclvpe8n12drJRK+Vr0aNXq/M=
3,45,WwjMvcK0s6OVBpYQWs/7S0tR/PU=,ybTclvpe8n12drJRK+Vr0aNXq/M=
2,45,WwjMvcK0s6OVBpYQWs/7S0tR/PU=,ybTclvpe8n12drJRK+Vr0aNXq/M=
1,45,WwjMvcK0s6OVBpYQWs/7S0tR/PU=,ybTclvpe8n12drJRK+Vr0aNXq/M=
0,45,WwjMvcK0s6OVBpYQWs/7S0tR/PU=,ybTclvpe8n12drJRK+Vr0aNXq/M=
15,44,WwjMvcK0s6OVBpYQWs/7S0tR/PU=,ybTclvpe8n12drJRK+Vr0aNXq/M=
14,44,WwjMvcK0s6OVBpYQWs/7S0tR/PU=,ybTclvpe8n12drJRK+Vr0aNXq/M=
13,44,WwjMvcK0s6OVBpYQWs/7S0tR/PU=,ybTclvpe8n12drJRK+Vr0aNXq/M=
12,44,WwjMvcK0s6OVBpYQWs/7S0tR/PU=,ybTclvpe8n12drJRK+Vr0aNXq/M=
9,44,WwjMvcK0s6OVBpYQWs/7S0tR/PU=,ybTclvpe8n12drJRK+Vr0aNXq/M=
8,44,WwjMvcK0s6OVBpYQWs/7S0tR/PU=,ybTclvpe8n12drJRK+Vr0aNXq/M=
7,44,WwjMvcK0s6OVBpYQWs/7S0tR/PU=,ybTclvpe8n12drJRK+Vr0aNXq/M=
6,44,WwjMvcK0s6OVBpYQWs/7S0tR/PU=,ybTclvpe8n12drJRK+Vr0aNXq/M=
5,44,WwjMvcK0s6OVBpYQWs/7S0tR/PU=,ybTclvpe8n12drJRK+Vr0aNXq/M=
4,44,WwjMvcK0s6OVBpYQWs/7S0tR/PU=,ybTclvpe8n12drJRK+Vr0aNXq/M=
3,44,WwjMvcK0s6OVBpYQWs/7S0tR/PU=,ybTclvpe8n12drJRK+Vr0aNXq/M=
2,44,WwjMvcK0s6OVBpYQWs/7S0tR/PU=,ybTclvpe8n12drJRK+Vr0aNXq/M=
1,44,WwjMvcK0s6OVBpYQWs/7S0tR/PU=,ybTclvpe8n12drJRK+Vr0aNXq/M=
0,44,WwjMvcK0s6OVBpYQWs/7S0tR/PU=,ybTclvpe8n12drJRK+Vr0aNXq/M=
14,43,WwjMvcK0s6OVBpYQWs/7S0tR/PU=,ybTclvpe8n12drJRK+Vr0aNXq/M=
15,43,WwjMvcK0s6OVBpYQWs/7S0tR/PU=,ybTclvpe8n12drJRK+Vr0aNXq/M=
13,43,WwjMvcK0s6OVBpYQWs/7S0tR/PU=,ybTclvpe8n12drJRK+Vr0aNXq/M=
9,43,WwjMvcK0s6OVBpYQWs/7S0tR/PU=,ybTclvpe8n12drJRK+Vr0aNXq/M=
8,43,WwjMvcK0s6OVBpYQWs/7S0tR/PU=,ybTclvpe8n12drJRK+Vr0aNXq/M=
7,43,WwjMvcK0s6OVBpYQWs/7S0tR/PU=,ybTclvpe8n12drJRK+Vr0aNXq/M=
6,43,WwjMvcK0s6OVBpYQWs/7S0tR/PU=,ybTclvpe8n12drJRK+Vr0aNXq/M=
5,43,WwjMvcK0s6OVBpYQWs/7S0tR/PU=,ybTclvpe8n12drJRK+Vr0aNXq/M=
4,43,WwjMvcK0s6OVBpYQWs/7S0tR/PU=,ybTclvpe8n12drJRK+Vr0aNXq/M=
3,43,WwjMvcK0s6OVBpYQWs/7S0tR/PU=,ybTclvpe8n12drJRK+Vr0aNXq/M=
2,43,WwjMvcK0s6OVBpYQWs/7S0tR/PU=,ybTclvpe8n12drJRK+Vr0aNXq/M=
1,43,WwjMvcK0s6OVBpYQWs/7S0tR/PU=,ybTclvpe8n12drJRK+Vr0aNXq/M=
0,43,WwjMvcK0s6OVBpYQWs/7S0tR/PU=,ybTclvpe8n12drJRK+Vr0aNXq/M=
15,42,WwjMvcK0s6OVBpYQWs/7S0tR/PU=,ybTclvpe8n12drJRK+Vr0aNXq/M=
14,42,WwjMvcK0s6OVBpYQWs/7S0tR/PU=,ybTclvpe8n12drJRK+Vr0aNXq/M=
13,42,WwjMvcK0s6OVBpYQWs/7S0tR/PU=,ybTclvpe8n12drJRK+Vr0aNXq/M=
9,42,WwjMvcK0s6OVBpYQWs/7S0tR/PU=,ybTclvpe8n12drJRK+Vr0aNXq/M=
8,42,WwjMvcK0s6OVBpYQWs/7S0tR/PU=,ybTclvpe8n12drJRK+Vr0aNXq/M=
7,42,WwjMvcK0s6OVBpYQWs/7S0tR/PU=,ybTclvpe8n12drJRK+Vr0aNXq/M=
6,42,WwjMvcK0s6OVBpYQWs/7S0tR/PU=,ybTclvpe8n12drJRK+Vr0aNXq/M=
5,42,WwjMvcK0s6OVBpYQWs/7S0tR/PU=,ybTclvpe8n12drJRK+Vr0aNXq/M=
4,42,WwjMvcK0s6OVBpYQWs/7S0tR/PU=,ybTclvpe8n12drJRK+Vr0aNXq/M=
2,42,WwjMvcK0s6OVBpYQWs/7S0tR/PU=,ybTclvpe8n12drJRK+Vr0aNXq/M=
3,42,WwjMvcK0s6OVBpYQWs/7S0tR/PU=,ybTclvpe8n12drJRK+Vr0aNXq/M=
1,42,WwjMvcK0s6OVBpYQWs/7S0tR/PU=,ybTclvpe8n12drJRK+Vr0aNXq/M=
0,42,WwjMvcK0s6OVBpYQWs/7S0tR/PU=,ybTclvpe8n12drJRK+Vr0aNXq/M=
15,41,WwjMvcK0s6OVBpYQWs/7S0tR/PU=,ybTclvpe8n12drJRK+Vr0aNXq/M=
9,41,WwjMvcK0s6OVBpYQWs/7S0tR/PU=,ybTclvpe8n12drJRK+Vr0aNXq/M=
5,41,WwjMvcK0s6OVBpYQWs/7S0tR/PU=,ybTclvpe8n12drJRK+Vr0aNXq/M=
4,41,WwjMvcK0s6OVBpYQWs/7S0tR/PU=,ybTclvpe8n12drJRK+Vr0aNXq/M=
3,41,WwjMvcK0s6OVBpYQWs/7S0tR/PU=,ybTclvpe8n12drJRK+Vr0aNXq/M=
2,41,WwjMvcK0s6OVBpYQWs/7S0tR/PU=,ybTclvpe8n12drJRK+Vr0aNXq/M=
0,41,WwjMvcK0s6OVBpYQWs/7S0tR/PU=,ybTclvpe8n12drJRK+Vr0aNXq/M=
1,41,WwjMvcK0s6OVBpYQWs/7S0tR/PU=,ybTclvpe8n12drJRK+Vr0aNXq/M=
15,40,WwjMvcK0s6OVBpYQWs/7S0tR/PU=,ybTclvpe8n12drJRK+Vr0aNXq/M=
5,40,WwjMvcK0s6OVBpYQWs/7S0tR/PU=,ybTclvpe8n12drJRK+Vr0aNXq/M=
4,40,WwjMvcK0s6OVBpYQWs/7S0tR/PU=,ybTclvpe8n12drJRK+Vr0aNXq/M=
3,40,WwjMvcK0s6OVBpYQWs/7S0tR/PU=,ybTclvpe8n12drJRK+Vr0aNXq/M=
2,40,WwjMvcK0s6OVBpYQWs/7S0tR/PU=,ybTclvpe8n12drJRK+Vr0aNXq/M=
1,40,WwjMvcK0s6OVBpYQWs/7S0tR/PU=,ybTclvpe8n12drJRK+Vr0aNXq/M=
0,40,WwjMvcK0s6OVBpYQWs/7S0tR/PU=,ybTclvpe8n12drJRK+Vr0aNXq/M=
15,39,WwjMvcK0s6OVBpYQWs/7S0tR/PU=,ybTclvpe8n12drJRK+Vr0aNXq/M=
14,39,WwjMvcK0s6OVBpYQWs/7S0tR/PU=,ybTclvpe8n12drJRK+Vr0aNXq/M=
6,39,WwjMvcK0s6OVBpYQWs/7S0tR/PU=,ybTclvpe8n12drJRK+Vr0aNXq/M=
5,39,WwjMvcK0s6OVBpYQWs/7S0tR/PU=,ybTclvpe8n12drJRK+Vr0aNXq/M=
3,39,WwjMvcK0s6OVBpYQWs/7S0tR/PU=,ybTclvpe8n12drJRK+Vr0aNXq/M=
4,39,WwjMvcK0s6OVBpYQWs/7S0tR/PU=,ybTclvpe8n12drJRK+Vr0aNXq/M=
2,39,WwjMvcK0s6OVBpYQWs/7S0tR/PU=,ybTclvpe8n12drJRK+Vr0aNXq/M=
0,39,WwjMvcK0s6OVBpYQWs/7S0tR/PU=,ybTclvpe8n12drJRK+Vr0aNXq/M=
1,39,WwjMvcK0s6OVBpYQWs/7S0tR/PU=,ybTclvpe8n12drJRK+Vr0aNXq/M=
14,38,WwjMvcK0s6OVBpYQWs/7S0tR/PU=,ybTclvpe8n12drJRK+Vr0aNXq/M=
6,38,WwjMvcK0s6OVBpYQWs/7S0tR/PU=,ybTclvpe8n12drJRK+Vr0aNXq/M=
5,38,WwjMvcK0s6OVBpYQWs/7S0tR/PU=,ybTclvpe8n12drJRK+Vr0aNXq/M=
4,38,WwjMvcK0s6OVBpYQWs/7S0tR/PU=,ybTclvpe8n12drJRK+Vr0aNXq/M=
3,38,WwjMvcK0s6OVBpYQWs/7S0tR/PU=,ybTclvpe8n12drJRK+Vr0aNXq/M=
2,38,WwjMvcK0s6OVBpYQWs/7S0tR/PU=,ybTclvpe8n12drJRK+Vr0aNXq/M=
1,38,WwjMvcK0s6OVBpYQWs/7S0tR/PU=,ybTclvpe8n12drJRK+Vr0aNXq/M=
7,37,WwjMvcK0s6OVBpYQWs/7S0tR/PU=,ybTclvpe8n12drJRK+Vr0aNXq/M=
6,37,WwjMvcK0s6OVBpYQWs/7S0tR/PU=,ybTclvpe8n12drJRK+Vr0aNXq/M=
0,38,WwjMvcK0s6OVBpYQWs/7S0tR/PU=,ybTclvpe8n12drJRK+Vr0aNXq/M=
4,37,WwjMvcK0s6OVBpYQWs/7S0tR/PU=,ybTclvpe8n12drJRK+Vr0aNXq/M=
5,37,WwjMvcK0s6OVBpYQWs/7S0tR/PU=,ybTclvpe8n12drJRK+Vr0aNXq/M=
3,37,WwjMvcK0s6OVBpYQWs/7S0tR/PU=,ybTclvpe8n12drJRK+Vr0aNXq/M=
2,37,WwjMvcK0s6OVBpYQWs/7S0tR/PU=,ybTclvpe8n12drJRK+Vr0aNXq/M=
1,37,WwjMvcK0s6OVBpYQWs/7S0tR/PU=,ybTclvpe8n12drJRK+Vr0aNXq/M=
0,37,WwjMvcK0s6OVBpYQWs/7S0tR/PU=,ybTclvpe8n12drJRK+Vr0aNXq/M=
10,36,WwjMvcK0s6OVBpYQWs/7S0tR/PU=,ybTclvpe8n12drJRK+Vr0aNXq/M=
8,36,WwjMvcK0s6OVBpYQWs/7S0tR/PU=,ybTclvpe8n12drJRK+Vr0aNXq/M=
6,36,WwjMvcK0s6OVBpYQWs/7S0tR/PU=,ybTclvpe8n12drJRK+Vr0aNXq/M=
7,36,WwjMvcK0s6OVBpYQWs/7S0tR/PU=,ybTclvpe8n12drJRK+Vr0aNXq/M=
5,36,WwjMvcK0s6OVBpYQWs/7S0tR/PU=,ybTclvpe8n12drJRK+Vr0aNXq/M=
4,36,WwjMvcK0s6OVBpYQWs/7S0tR/PU=,ybTclvpe8n12drJRK+Vr0aNXq/M=
3,36,WwjMvcK0s6OVBpYQWs/7S0tR/PU=,ybTclvpe8n12drJRK+Vr0aNXq/M=
2,36,WwjMvcK0s6OVBpYQWs/7S0tR/PU=,ybTclvpe8n12drJRK+Vr0aNXq/M=
1,36,WwjMvcK0s6OVBpYQWs/7S0tR/PU=,ybTclvpe8n12drJRK+Vr0aNXq/M=
0,36,WwjMvcK0s6OVBpYQWs/7S0tR/PU=,ybTclvpe8n12drJRK+Vr0aNXq/M=
15,35,WwjMvcK0s6OVBpYQWs/7S0tR/PU=,ybTclvpe8n12drJRK+Vr0aNXq/M=
10,35,WwjMvcK0s6OVBpYQWs/7S0tR/PU=,ybTclvpe8n12drJRK+Vr0aNXq/M=
9,35,WwjMvcK0s6OVBpYQWs/7S0tR/PU=,ybTclvpe8n12drJRK+Vr0aNXq/M=
8,35,WwjMvcK0s6OVBpYQWs/7S0tR/PU=,ybTclvpe8n12drJRK+Vr0aNXq/M=
5,35,WwjMvcK0s6OVBpYQWs/7S0tR/PU=,ybTclvpe8n12drJRK+Vr0aNXq/M=
6,35,WwjMvcK0s6OVBpYQWs/7S0tR/PU=,ybTclvpe8n12drJRK+Vr0aNXq/M=
7,35,WwjMvcK0s6OVBpYQWs/7S0tR/PU=,ybTclvpe8n12drJRK+Vr0aNXq/M=
4,35,WwjMvcK0s6OVBpYQWs/7S0tR/PU=,ybTclvpe8n12drJRK+Vr0aNXq/M=
3,35,WwjMvcK0s6OVBpYQWs/7S0tR/PU=,ybTclvpe8n12drJRK+Vr0aNXq/M=
0,35,WwjMvcK0s6OVBpYQWs/7S0tR/PU=,ybTclvpe8n12drJRK+Vr0aNXq/M=
1,35,WwjMvcK0s6OVBpYQWs/7S0tR/PU=,ybTclvpe8n12drJRK+Vr0aNXq/M=
2,35,WwjMvcK0s6OVBpYQWs/7S0tR/PU=,ybTclvpe8n12drJRK+Vr0aNXq/M=
10,34,WwjMvcK0s6OVBpYQWs/7S0tR/PU=,ybTclvpe8n12drJRK+Vr0aNXq/M=
9,34,WwjMvcK0s6OVBpYQWs/7S0tR/PU=,ybTclvpe8n12drJRK+Vr0aNXq/M=
6,34,WwjMvcK0s6OVBpYQWs/7S0tR/PU=,ybTclvpe8n12drJRK+Vr0aNXq/M=
5,34,WwjMvcK0s6OVBpYQWs/7S0tR/PU=,ybTclvpe8n12drJRK+Vr0aNXq/M=
8,34,WwjMvcK0s6OVBpYQWs/7S0tR/PU=,ybTclvpe8n12drJRK+Vr0aNXq/M=
7,34,WwjMvcK0s6OVBpYQWs/7S0tR/PU=,ybTclvpe8n12drJRK+Vr0aNXq/M=
4,34,WwjMvcK0s6OVBpYQWs/7S0tR/PU=,ybTclvpe8n12drJRK+Vr0aNXq/M=
3,34,WwjMvcK0s6OVBpYQWs/7S0tR/PU=,ybTclvpe8n12drJRK+Vr0aNXq/M=
1,34,WwjMvcK0s6OVBpYQWs/7S0tR/PU=,ybTclvpe8n12drJRK+Vr0aNXq/M=
2,34,WwjMvcK0s6OVBpYQWs/7S0tR/PU=,ybTclvpe8n12drJRK+Vr0aNXq/M=
14,33,WwjMvcK0s6OVBpYQWs/7S0tR/PU=,ybTclvpe8n12drJRK+Vr0aNXq/M=
0,34,WwjMvcK0s6OVBpYQWs/7S0tR/PU=,ybTclvpe8n12drJRK+Vr0aNXq/M=
9,33,WwjMvcK0s6OVBpYQWs/7S0tR/PU=,ybTclvpe8n12drJRK+Vr0aNXq/M=
8,33,WwjMvcK0s6OVBpYQWs/7S0tR/PU=,ybTclvpe8n12drJRK+Vr0aNXq/M=
7,33,WwjMvcK0s6OVBpYQWs/7S0tR/PU=,ybTclvpe8n12drJRK+Vr0aNXq/M=
6,33,WwjMvcK0s6OVBpYQWs/7S0tR/PU=,ybTclvpe8n12drJRK+Vr0aNXq/M=
0,32,WwjMvcK0s6OVBpYQWs/7S0tR/PU=,ybTclvpe8n12drJRK+Vr0aNXq/M=
15,32,WwjMvcK0s6OVBpYQWs/7S0tR/PU=,ybTclvpe8n12drJRK+Vr0aNXq/M=
1,32,WwjMvcK0s6OVBpYQWs/7S0tR/PU=,ybTclvpe8n12drJRK+Vr0aNXq/M=
3,32,WwjMvcK0s6OVBpYQWs/7S0tR/PU=,ybTclvpe8n12drJRK+Vr0aNXq/M=
2,32,WwjMvcK0s6OVBpYQWs/7S0tR/PU=,ybTclvpe8n12drJRK+Vr0aNXq/M=
4,32,WwjMvcK0s6OVBpYQWs/7S0tR/PU=,ybTclvpe8n12drJRK+Vr0aNXq/M=
5,32,WwjMvcK0s6OVBpYQWs/7S0tR/PU=,ybTclvpe8n12drJRK+Vr0aNXq/M=
6,32,WwjMvcK0s6OVBpYQWs/7S0tR/PU=,ybTclvpe8n12drJRK+Vr0aNXq/M=
7,32,WwjMvcK0s6OVBpYQWs/7S0tR/PU=,ybTclvpe8n12drJRK+Vr0aNXq/M=
8,32,WwjMvcK0s6OVBpYQWs/7S0tR/PU=,ybTclvpe8n12drJRK+Vr0aNXq/M=
11,45,WwjMvcK0s6OVBpYQWs/7S0tR/PU=,ybTclvpe8n12drJRK+Vr0aNXq/M=
9,32,AgBddFBJZ6GG8zs2yl+2HkqPtLM=,ybTclvpe8n12drJRK+Vr0aNXq/M=
12,43,WwjMvcK0s6OVBpYQWs/7S0tR/PU=,ybTclvpe8n12drJRK+Vr0aNXq/M=
11,44,WwjMvcK0s6OVBpYQWs/7S0tR/PU=,ybTclvpe8n12drJRK+Vr0aNXq/M=
12,42,WwjMvcK0s6OVBpYQWs/7S0tR/PU=,ybTclvpe8n12drJRK+Vr0aNXq/M=
10,43,WwjMvcK0s6OVBpYQWs/7S0tR/PU=,ybTclvpe8n12drJRK+Vr0aNXq/M=
13,32,WwjMvcK0s6OVBpYQWs/7S0tR/PU=,ybTclvpe8n12drJRK+Vr0aNXq/M=
12,32,WwjMvcK0s6OVBpYQWs/7S0tR/PU=,ybTclvpe8n12drJRK+Vr0aNXq/M=
10,42,WwjMvcK0s6OVBpYQWs/7S0tR/PU=,ybTclvpe8n12drJRK+Vr0aNXq/M=
11,42,WwjMvcK0s6OVBpYQWs/7S0tR/PU=,ybTclvpe8n12drJRK+Vr0aNXq/M=
10,45,WwjMvcK0s6OVBpYQWs/7S0tR/PU=,ybTclvpe8n12drJRK+Vr0aNXq/M=
14,32,WwjMvcK0s6OVBpYQWs/7S0tR/PU=,ybTclvpe8n12drJRK+Vr0aNXq/M=
12,41,WwjMvcK0s6OVBpYQWs/7S0tR/PU=,ybTclvpe8n12drJRK+Vr0aNXq/M=
10,32,WwjMvcK0s6OVBpYQWs/7S0tR/PU=,ybTclvpe8n12drJRK+Vr0aNXq/M=
10,44,WwjMvcK0s6OVBpYQWs/7S0tR/PU=,ybTclvpe8n12drJRK+Vr0aNXq/M=
8,41,WwjMvcK0s6OVBpYQWs/7S0tR/PU=,ybTclvpe8n12drJRK+Vr0aNXq/M=
7,41,WwjMvcK0s6OVBpYQWs/7S0tR/PU=,ybTclvpe8n12drJRK+Vr0aNXq/M=
6,41,WwjMvcK0s6OVBpYQWs/7S0tR/PU=,ybTclvpe8n12drJRK+Vr0aNXq/M=
11,33,WwjMvcK0s6OVBpYQWs/7S0tR/PU=,ybTclvpe8n12drJRK+Vr0aNXq/M=
13,41,WwjMvcK0s6OVBpYQWs/7S0tR/PU=,ybTclvpe8n12drJRK+Vr0aNXq/M=
11,40,WwjMvcK0s6OVBpYQWs/7S0tR/PU=,ybTclvpe8n12drJRK+Vr0aNXq/M=
11,41,WwjMvcK0s6OVBpYQWs/7S0tR/PU=,ybTclvpe8n12drJRK+Vr0aNXq/M=
10,41,WwjMvcK0s6OVBpYQWs/7S0tR/PU=,ybTclvpe8n12drJRK+Vr0aNXq/M=
11,43,WwjMvcK0s6OVBpYQWs/7S0tR/PU=,ybTclvpe8n12drJRK+Vr0aNXq/M=
12,40,WwjMvcK0s6OVBpYQWs/7S0tR/PU=,ybTclvpe8n12drJRK+Vr0aNXq/M=
7,40,WwjMvcK0s6OVBpYQWs/7S0tR/PU=,ybTclvpe8n12drJRK+Vr0aNXq/M=
13,40,WwjMvcK0s6OVBpYQWs/7S0tR/PU=,ybTclvpe8n12drJRK+Vr0aNXq/M=
6,40,WwjMvcK0s6OVBpYQWs/7S0tR/PU=,ybTclvpe8n12drJRK+Vr0aNXq/M=
12,39,WwjMvcK0s6OVBpYQWs/7S0tR/PU=,ybTclvpe8n12drJRK+Vr0aNXq/M=
7,39,WwjMvcK0s6OVBpYQWs/7S0tR/PU=,ybTclvpe8n12drJRK+Vr0aNXq/M=
14,41,WwjMvcK0s6OVBpYQWs/7S0tR/PU=,ybTclvpe8n12drJRK+Vr0aNXq/M=
14,40,WwjMvcK0s6OVBpYQWs/7S0tR/PU=,ybTclvpe8n12drJRK+Vr0aNXq/M=
8,39,WwjMvcK0s6OVBpYQWs/7S0tR/PU=,ybTclvpe8n12drJRK+Vr0aNXq/M=
9,40,WwjMvcK0s6OVBpYQWs/7S0tR/PU=,ybTclvpe8n12drJRK+Vr0aNXq/M=
13,39,WwjMvcK0s6OVBpYQWs/7S0tR/PU=,ybTclvpe8n12drJRK+Vr0aNXq/M=
11,32,WwjMvcK0s6OVBpYQWs/7S0tR/PU=,ybTclvpe8n12drJRK+Vr0aNXq/M=
13,38,WwjMvcK0s6OVBpYQWs/7S0tR/PU=,ybTclvpe8n12drJRK+Vr0aNXq/M=
11,39,WwjMvcK0s6OVBpYQWs/7S0tR/PU=,ybTclvpe8n12drJRK+Vr0aNXq/M=
15,37,WwjMvcK0s6OVBpYQWs/7S0tR/PU=,ybTclvpe8n12drJRK+Vr0aNXq/M=
12,38,WwjMvcK0s6OVBpYQWs/7S0tR/PU=,ybTclvpe8n12drJRK+Vr0aNXq/M=
14,37,WwjMvcK0s6OVBpYQWs/7S0tR/PU=,ybTclvpe8n12drJRK+Vr0aNXq/M=
7,38,WwjMvcK0s6OVBpYQWs/7S0tR/PU=,ybTclvpe8n12drJRK+Vr0aNXq/M=
10,33,WwjMvcK0s6OVBpYQWs/7S0tR/PU=,ybTclvpe8n12drJRK+Vr0aNXq/M=
13,37,WwjMvcK0s6OVBpYQWs/7S0tR/PU=,ybTclvpe8n12drJRK+Vr0aNXq/M=
10,38,WwjMvcK0s6OVBpYQWs/7S0tR/PU=,ybTclvpe8n12drJRK+Vr0aNXq/M=
9,38,WwjMvcK0s6OVBpYQWs/7S0tR/PU=,ybTclvpe8n12drJRK+Vr0aNXq/M=
8,37,WwjMvcK0s6OVBpYQWs/7S0tR/PU=,ybTclvpe8n12drJRK+Vr0aNXq/M=
11,37,WwjMvcK0s6OVBpYQWs/7S0tR/PU=,ybTclvpe8n12drJRK+Vr0aNXq/M=
15,36,WwjMvcK0s6OVBpYQWs/7S0tR/PU=,ybTclvpe8n12drJRK+Vr0aNXq/M=
12,37,WwjMvcK0s6OVBpYQWs/7S0tR/PU=,ybTclvpe8n12drJRK+Vr0aNXq/M=
8,40,WwjMvcK0s6OVBpYQWs/7S0tR/PU=,ybTclvpe8n12drJRK+Vr0aNXq/M=
12,33,WwjMvcK0s6OVBpYQWs/7S0tR/PU=,ybTclvpe8n12drJRK+Vr0aNXq/M=
10,40,WwjMvcK0s6OVBpYQWs/7S0tR/PU=,ybTclvpe8n12drJRK+Vr0aNXq/M=
15,38,WwjMvcK0s6OVBpYQWs/7S0tR/PU=,ybTclvpe8n12drJRK+Vr0aNXq/M=
10,37,WwjMvcK0s6OVBpYQWs/7S0tR/PU=,ybTclvpe8n12drJRK+Vr0aNXq/M=
10,39,WwjMvcK0s6OVBpYQWs/7S0tR/PU=,ybTclvpe8n12drJRK+Vr0aNXq/M=
11,38,WwjMvcK0s6OVBpYQWs/7S0tR/PU=,ybTclvpe8n12drJRK+Vr0aNXq/M=
12,35,WwjMvcK0s6OVBpYQWs/7S0tR/PU=,ybTclvpe8n12drJRK+Vr0aNXq/M=
9,39,WwjMvcK0s6OVBpYQWs/7S0tR/PU=,ybTclvpe8n12drJRK+Vr0aNXq/M=
13,35,WwjMvcK0s6OVBpYQWs/7S0tR/PU=,ybTclvpe8n12drJRK+Vr0aNXq/M=
11,35,WwjMvcK0s6OVBpYQWs/7S0tR/PU=,ybTclvpe8n12drJRK+Vr0aNXq/M=
8,38,WwjMvcK0s6OVBpYQWs/7S0tR/PU=,ybTclvpe8n12drJRK+Vr0aNXq/M=
13,36,WwjMvcK0s6OVBpYQWs/7S0tR/PU=,ybTclvpe8n12drJRK+Vr0aNXq/M=
11,34,WwjMvcK0s6OVBpYQWs/7S0tR/PU=,ybTclvpe8n12drJRK+Vr0aNXq/M=
14,36,WwjMvcK0s6OVBpYQWs/7S0tR/PU=,ybTclvpe8n12drJRK+Vr0aNXq/M=
14,35,WwjMvcK0s6OVBpYQWs/7S0tR/PU=,ybTclvpe8n12drJRK+Vr0aNXq/M=
12,36,WwjMvcK0s6OVBpYQWs/7S0tR/PU=,ybTclvpe8n12drJRK+Vr0aNXq/M=
9,36,WwjMvcK0s6OVBpYQWs/7S0tR/PU=,ybTclvpe8n12drJRK+Vr0aNXq/M=
11,36,WwjMvcK0s6OVBpYQWs/7S0tR/PU=,ybTclvpe8n12drJRK+Vr0aNXq/M=
15,34,WwjMvcK0s6OVBpYQWs/7S0tR/PU=,ybTclvpe8n12drJRK+Vr0aNXq/M=
13,33,WwjMvcK0s6OVBpYQWs/7S0tR/PU=,ybTclvpe8n12drJRK+Vr0aNXq/M=
15,33,WwjMvcK0s6OVBpYQWs/7S0tR/PU=,ybTclvpe8n12drJRK+Vr0aNXq/M=
9,37,WwjMvcK0s6OVBpYQWs/7S0tR/PU=,ybTclvpe8n12drJRK+Vr0aNXq/M=
12,34,WwjMvcK0s6OVBpYQWs/7S0tR/PU=,ybTclvpe8n12drJRK+Vr0aNXq/M=
14,34,WwjMvcK0s6OVBpYQWs/7S0tR/PU=,ybTclvpe8n12drJRK+Vr0aNXq/M=
13,34,WwjMvcK0s6OVBpYQWs/7S0tR/PU=,ybTclvpe8n12drJRK+Vr0aNXq/M=
20,34,WwjMvcK0s6OVBpYQWs/7S0tR/PU=,ybTclvpe8n12drJRK+Vr0aNXq/M=
21,34,WwjMvcK0s6OVBpYQWs/7S0tR/PU=,ybTclvpe8n12drJRK+Vr0aNXq/M=
22,34,WwjMvcK0s6OVBpYQWs/7S0tR/PU=,ybTclvpe8n12drJRK+Vr0aNXq/M=
18,34,WwjMvcK0s6OVBpYQWs/7S0tR/PU=,ybTclvpe8n12drJRK+Vr0aNXq/M=
17,34,WwjMvcK0s6OVBpYQWs/7S0tR/PU=,ybTclvpe8n12drJRK+Vr0aNXq/M=
16,34,WwjMvcK0s6OVBpYQWs/7S0tR/PU=,ybTclvpe8n12drJRK+Vr0aNXq/M=
31,33,WwjMvcK0s6OVBpYQWs/7S0tR/PU=,ybTclvpe8n12drJRK+Vr0aNXq/M=
30,33,U6BQ8pDxiv/+DHGk4UueYUvyv9s=,ybTclvpe8n12drJRK+Vr0aNXq/M=
28,33,WwjMvcK0s6OVBpYQWs/7S0tR/PU=,ybTclvpe8n12drJRK+Vr0aNXq/M=
29,33,WwjMvcK0s6OVBpYQWs/7S0tR/PU=,ybTclvpe8n12drJRK+Vr0aNXq/M=
27,33,WwjMvcK0s6OVBpYQWs/7S0tR/PU=,ybTclvpe8n12drJRK+Vr0aNXq/M=
26,33,WwjMvcK0s6OVBpYQWs/7S0tR/PU=,ybTclvpe8n12drJRK+Vr0aNXq/M=
25,33,WwjMvcK0s6OVBpYQWs/7S0tR/PU=,ybTclvpe8n12drJRK+Vr0aNXq/M=
24,33,WwjMvcK0s6OVBpYQWs/7S0tR/PU=,ybTclvpe8n12drJRK+Vr0aNXq/M=
23,33,WwjMvcK0s6OVBpYQWs/7S0tR/PU=,ybTclvpe8n12drJRK+Vr0aNXq/M=
22,33,WwjMvcK0s6OVBpYQWs/7S0tR/PU=,ybTclvpe8n12drJRK+Vr0aNXq/M=
21,33,WwjMvcK0s6OVBpYQWs/7S0tR/PU=,ybTclvpe8n12drJRK+Vr0aNXq/M=
20,33,WwjMvcK0s6OVBpYQWs/7S0tR/PU=,ybTclvpe8n12drJRK+Vr0aNXq/M=
19,33,WwjMvcK0s6OVBpYQWs/7S0tR/PU=,ybTclvpe8n12drJRK+Vr0aNXq/M=
31,47,WwjMvcK0s6OVBpYQWs/7S0tR/PU=,ybTclvpe8n12drJRK+Vr0aNXq/M=
30,47,WwjMvcK0s6OVBpYQWs/7S0tR/PU=,ybTclvpe8n12drJRK+Vr0aNXq/M=
29,47,WwjMvcK0s6OVBpYQWs/7S0tR/PU=,ybTclvpe8n12drJRK+Vr0aNXq/M=
28,47,WwjMvcK0s6OVBpYQWs/7S0tR/PU=,ybTclvpe8n12drJRK+Vr0aNXq/M=
27,47,U6BQ8pDxiv/+DHGk4UueYUvyv9s=,ybTclvpe8n12drJRK+Vr0aNXq/M=
26,47,U6BQ8pDxiv/+DHGk4UueYUvyv9s=,ybTclvpe8n12drJRK+Vr0aNXq/M=
25,47,WwjMvcK0s6OVBpYQWs/7S0tR/PU=,ybTclvpe8n12drJRK+Vr0aNXq/M=
24,47,WwjMvcK0s6OVBpYQWs/7S0tR/PU=,ybTclvpe8n12drJRK+Vr0aNXq/M=
23,47,WwjMvcK0s6OVBpYQWs/7S0tR/PU=,ybTclvpe8n12drJRK+Vr0aNXq/M=
22,47,U6BQ8pDxiv/+DHGk4UueYUvyv9s=,ybTclvpe8n12drJRK+Vr0aNXq/M=
19,47,U6BQ8pDxiv/+DHGk4UueYUvyv9s=,ybTclvpe8n12drJRK+Vr0aNXq/M=
21,47,U6BQ8pDxiv/+DHGk4UueYUvyv9s=,ybTclvpe8n12drJRK+Vr0aNXq/M=
20,47,U6BQ8pDxiv/+DHGk4UueYUvyv9s=,ybTclvpe8n12drJRK+Vr0aNXq/M=
18,47,U6BQ8pDxiv/+DHGk4UueYUvyv9s=,ybTclvpe8n12drJRK+Vr0aNXq/M=
17,47,U6BQ8pDxiv/+DHGk4UueYUvyv9s=,ybTclvpe8n12drJRK+Vr0aNXq/M=
16,47,U6BQ8pDxiv/+DHGk4UueYUvyv9s=,ybTclvpe8n12drJRK+Vr0aNXq/M=
31,46,U6BQ8pDxiv/+DHGk4UueYUvyv9s=,ybTclvpe8n12drJRK+Vr0aNXq/M=
30,46,U6BQ8pDxiv/+DHGk4UueYUvyv9s=,ybTclvpe8n12drJRK+Vr0aNXq/M=
28,46,U6BQ8pDxiv/+DHGk4UueYUvyv9s=,ybTclvpe8n12drJRK+Vr0aNXq/M=
29,46,U6BQ8pDxiv/+DHGk4UueYUvyv9s=,ybTclvpe8n12drJRK+Vr0aNXq/M=
27,46,U6BQ8pDxiv/+DHGk4UueYUvyv9s=,ybTclvpe8n12drJRK+Vr0aNXq/M=
26,46,U6BQ8pDxiv/+DHGk4UueYUvyv9s=,ybTclvpe8n12drJRK+Vr0aNXq/M=
25,46,U6BQ8pDxiv/+DHGk4UueYUvyv9s=,ybTclvpe8n12drJRK+Vr0aNXq/M=
24,46,U6BQ8pDxiv/+DHGk4UueYUvyv9s=,ybTclvpe8n12drJRK+Vr0aNXq/M=
23,46,U6BQ8pDxiv/+DHGk4UueYUvyv9s=,ybTclvpe8n12drJRK+Vr0aNXq/M=
22,46,U6BQ8pDxiv/+DHGk4UueYUvyv9s=,ybTclvpe8n12drJRK+Vr0aNXq/M=
20,46,U6BQ8pDxiv/+DHGk4UueYUvyv9s=,ybTclvpe8n12drJRK+Vr0aNXq/M=
21,46,U6BQ8pDxiv/+DHGk4UueYUvyv9s=,ybTclvpe8n12drJRK+Vr0aNXq/M=
19,46,U6BQ8pDxiv/+DHGk4UueYUvyv9s=,ybTclvpe8n12drJRK+Vr0aNXq/M=
17,46,BiUesfI8q9JBjQ/AQy0D87V6xJ4=,ybTclvpe8n12drJRK+Vr0aNXq/M=
16,46,U6BQ8pDxiv/+DHGk4UueYUvyv9s=,ybTclvpe8n12drJRK+Vr0aNXq/M=
18,46,BiUesfI8q9JBjQ/AQy0D87V6xJ4=,ybTclvpe8n12drJRK+Vr0aNXq/M=
30,45,U6BQ8pDxiv/+DHGk4UueYUvyv9s=,ybTclvpe8n12drJRK+Vr0aNXq/M=
29,45,U6BQ8pDxiv/+DHGk4UueYUvyv9s=,ybTclvpe8n12drJRK+Vr0aNXq/M=
31,45,U6BQ8pDxiv/+DHGk4UueYUvyv9s=,ybTclvpe8n12drJRK+Vr0aNXq/M=
28,45,U6BQ8pDxiv/+DHGk4UueYUvyv9s=,ybTclvpe8n12drJRK+Vr0aNXq/M=
27,45,U6BQ8pDxiv/+DHGk4UueYUvyv9s=,ybTclvpe8n12drJRK+Vr0aNXq/M=
26,45,U6BQ8pDxiv/+DHGk4UueYUvyv9s=,ybTclvpe8n12drJRK+Vr0aNXq/M=
25,45,U6BQ8pDxiv/+DHGk4UueYUvyv9s=,ybTclvpe8n12drJRK+Vr0aNXq/M=
23,45,U6BQ8pDxiv/+DHGk4UueYUvyv9s=,ybTclvpe8n12drJRK+Vr0aNXq/M=
24,45,U6BQ8pDxiv/+DHGk4UueYUvyv9s=,ybTclvpe8n12drJRK+Vr0aNXq/M=
22,45,U6BQ8pDxiv/+DHGk4UueYUvyv9s=,ybTclvpe8n12drJRK+Vr0aNXq/M=
21,45,BiUesfI8q9JBjQ/AQy0D87V6xJ4=,ybTclvpe8n12drJRK+Vr0aNXq/M=
20,45,BiUesfI8q9JBjQ/AQy0D87V6xJ4=,ybTclvpe8n12drJRK+Vr0aNXq/M=
19,45,BiUesfI8q9JBjQ/AQy0D87V6xJ4=,ybTclvpe8n12drJRK+Vr0aNXq/M=
18,45,BiUesfI8q9JBjQ/AQy0D87V6xJ4=,ybTclvpe8n12drJRK+Vr0aNXq/M=
17,45,BiUesfI8q9JBjQ/AQy0D87V6xJ4=,ybTclvpe8n12drJRK+Vr0aNXq/M=
16,45,BiUesfI8q9JBjQ/AQy0D87V6xJ4=,ybTclvpe8n12drJRK+Vr0aNXq/M=
30,44,BiUesfI8q9JBjQ/AQy0D87V6xJ4=,ybTclvpe8n12drJRK+Vr0aNXq/M=
31,44,BiUesfI8q9JBjQ/AQy0D87V6xJ4=,ybTclvpe8n12drJRK+Vr0aNXq/M=
29,44,BiUesfI8q9JBjQ/AQy0D87V6xJ4=,ybTclvpe8n12drJRK+Vr0aNXq/M=
28,44,BiUesfI8q9JBjQ/AQy0D87V6xJ4=,ybTclvpe8n12drJRK+Vr0aNXq/M=
27,44,BiUesfI8q9JBjQ/AQy0D87V6xJ4=,ybTclvpe8n12drJRK+Vr0aNXq/M=
26,44,BiUesfI8q9JBjQ/AQy0D87V6xJ4=,ybTclvpe8n12drJRK+Vr0aNXq/M=
25,44,BiUesfI8q9JBjQ/AQy0D87V6xJ4=,ybTclvpe8n12drJRK+Vr0aNXq/M=
24,44,BiUesfI8q9JBjQ/AQy0D87V6xJ4=,ybTclvpe8n12drJRK+Vr0aNXq/M=
23,44,BiUesfI8q9JBjQ/AQy0D87V6xJ4=,ybTclvpe8n12drJRK+Vr0aNXq/M=
22,44,BiUesfI8q9JBjQ/AQy0D87V6xJ4=,ybTclvpe8n12drJRK+Vr0aNXq/M=
21,44,BiUesfI8q9JBjQ/AQy0D87V6xJ4=,ybTclvpe8n12drJRK+Vr0aNXq/M=
20,44,BiUesfI8q9JBjQ/AQy0D87V6xJ4=,ybTclvpe8n12drJRK+Vr0aNXq/M=
19,44,BiUesfI8q9JBjQ/AQy0D87V6xJ4=,ybTclvpe8n12drJRK+Vr0aNXq/M=
18,44,BiUesfI8q9JBjQ/AQy0D87V6xJ4=,ybTclvpe8n12drJRK+Vr0aNXq/M=
17,44,BiUesfI8q9JBjQ/AQy0D87V6xJ4=,ybTclvpe8n12drJRK+Vr0aNXq/M=
16,44,BiUesfI8q9JBjQ/AQy0D87V6xJ4=,ybTclvpe8n12drJRK+Vr0aNXq/M=
31,43,BiUesfI8q9JBjQ/AQy0D87V6xJ4=,ybTclvpe8n12drJRK+Vr0aNXq/M=
30,43,BiUesfI8q9JBjQ/AQy0D87V6xJ4=,ybTclvpe8n12drJRK+Vr0aNXq/M=
29,43,BiUesfI8q9JBjQ/AQy0D87V6xJ4=,ybTclvpe8n12drJRK+Vr0aNXq/M=
28,43,BiUesfI8q9JBjQ/AQy0D87V6xJ4=,ybTclvpe8n12drJRK+Vr0aNXq/M=
27,43,BiUesfI8q9JBjQ/AQy0D87V6xJ4=,ybTclvpe8n12drJRK+Vr0aNXq/M=
26,43,BiUesfI8q9JBjQ/AQy0D87V6xJ4=,ybTclvpe8n12drJRK+Vr0aNXq/M=
25,43,BiUesfI8q9JBjQ/AQy0D87V6xJ4=,ybTclvpe8n12drJRK+Vr0aNXq/M=
24,43,BiUesfI8q9JBjQ/AQy0D87V6xJ4=,ybTclvpe8n12drJRK+Vr0aNXq/M=
23,43,BiUesfI8q9JBjQ/AQy0D87V6xJ4=,ybTclvpe8n12drJRK+Vr0aNXq/M=
21,43,BiUesfI8q9JBjQ/AQy0D87V6xJ4=,ybTclvpe8n12drJRK+Vr0aNXq/M=
22,43,BiUesfI8q9JBjQ/AQy0D87V6xJ4=,ybTclvpe8n12drJRK+Vr0aNXq/M=
20,43,BiUesfI8q9JBjQ/AQy0D87V6xJ4=,ybTclvpe8n12drJRK+Vr0aNXq/M=
19,43,BiUesfI8q9JBjQ/AQy0D87V6xJ4=,ybTclvpe8n12drJRK+Vr0aNXq/M=
18,43,BiUesfI8q9JBjQ/AQy0D87V6xJ4=,ybTclvpe8n12drJRK+Vr0aNXq/M=
17,43,BiUesfI8q9JBjQ/AQy0D87V6xJ4=,ybTclvpe8n12drJRK+Vr0aNXq/M=
16,43,BiUesfI8q9JBjQ/AQy0D87V6xJ4=,ybTclvpe8n12drJRK+Vr0aNXq/M=
31,42,BiUesfI8q9JBjQ/AQy0D87V6xJ4=,ybTclvpe8n12drJRK+Vr0aNXq/M=
30,42,BiUesfI8q9JBjQ/AQy0D87V6xJ4=,ybTclvpe8n12drJRK+Vr0aNXq/M=
29,42,BiUesfI8q9JBjQ/AQy0D87V6xJ4=,ybTclvpe8n12drJRK+Vr0aNXq/M=
28,42,BiUesfI8q9JBjQ/AQy0D87V6xJ4=,ybTclvpe8n12drJRK+Vr0aNXq/M=
27,42,BiUesfI8q9JBjQ/AQy0D87V6xJ4=,ybTclvpe8n12drJRK+Vr0aNXq/M=
25,42,BiUesfI8q9JBjQ/AQy0D87V6xJ4=,ybTclvpe8n12drJRK+Vr0aNXq/M=
26,42,BiUesfI8q9JBjQ/AQy0D87V6xJ4=,ybTclvpe8n12drJRK+Vr0aNXq/M=
24,42,BiUesfI8q9JBjQ/AQy0D87V6xJ4=,ybTclvpe8n12drJRK+Vr0aNXq/M=
22,42,BiUesfI8q9JBjQ/AQy0D87V6xJ4=,ybTclvpe8n12drJRK+Vr0aNXq/M=
23,42,BiUesfI8q9JBjQ/AQy0D87V6xJ4=,ybTclvpe8n12drJRK+Vr0aNXq/M=
21,42,BiUesfI8q9JBjQ/AQy0D87V6xJ4=,ybTclvpe8n12drJRK+Vr0aNXq/M=
20,42,BiUesfI8q9JBjQ/AQy0D87V6xJ4=,ybTclvpe8n12drJRK+Vr0aNXq/M=
19,42,BiUesfI8q9JBjQ/AQy0D87V6xJ4=,ybTclvpe8n12drJRK+Vr0aNXq/M=
18,42,BiUesfI8q9JBjQ/AQy0D87V6xJ4=,ybTclvpe8n12drJRK+Vr0aNXq/M=
17,42,BiUesfI8q9JBjQ/AQy0D87V6xJ4=,ybTclvpe8n12drJRK+Vr0aNXq/M=
16,42,BiUesfI8q9JBjQ/AQy0D87V6xJ4=,ybTclvpe8n12drJRK+Vr0aNXq/M=
31,41,BiUesfI8q9JBjQ/AQy0D87V6xJ4=,ybTclvpe8n12drJRK+Vr0aNXq/M=
30,41,BiUesfI8q9JBjQ/AQy0D87V6xJ4=,ybTclvpe8n12drJRK+Vr0aNXq/M=
29,41,BiUesfI8q9JBjQ/AQy0D87V6xJ4=,ybTclvpe8n12drJRK+Vr0aNXq/M=
28,41,BiUesfI8q9JBjQ/AQy0D87V6xJ4=,ybTclvpe8n12drJRK+Vr0aNXq/M=
27,41,BiUesfI8q9JBjQ/AQy0D87V6xJ4=,ybTclvpe8n12drJRK+Vr0aNXq/M=
26,41,BiUesfI8q9JBjQ/AQy0D87V6xJ4=,ybTclvpe8n12drJRK+Vr0aNXq/M=
25,41,BiUesfI8q9JBjQ/AQy0D87V6xJ4=,ybTclvpe8n12drJRK+Vr0aNXq/M=
24,41,BiUesfI8q9JBjQ/AQy0D87V6xJ4=,ybTclvpe8n12drJRK+Vr0aNXq/M=
23,41,BiUesfI8q9JBjQ/AQy0D87V6xJ4=,ybTclvpe8n12drJRK+Vr0aNXq/M=
22,41,BiUesfI8q9JBjQ/AQy0D87V6xJ4=,ybTclvpe8n12drJRK+Vr0aNXq/M=
21,41,BiUesfI8q9JBjQ/AQy0D87V6xJ4=,ybTclvpe8n12drJRK+Vr0aNXq/M=
20,41,BiUesfI8q9JBjQ/AQy0D87V6xJ4=,ybTclvpe8n12drJRK+Vr0aNXq/M=
19,41,BiUesfI8q9JBjQ/AQy0D87V6xJ4=,ybTclvpe8n12drJRK+Vr0aNXq/M=
18,41,BiUesfI8q9JBjQ/AQy0D87V6xJ4=,ybTclvpe8n12drJRK+Vr0aNXq/M=
17,41,BiUesfI8q9JBjQ/AQy0D87V6xJ4=,ybTclvpe8n12drJRK+Vr0aNXq/M=
16,41,BiUesfI8q9JBjQ/AQy0D87V6xJ4=,ybTclvpe8n12drJRK+Vr0aNXq/M=
31,40,BiUesfI8q9JBjQ/AQy0D87V6xJ4=,ybTclvpe8n12drJRK+Vr0aNXq/M=
30,40,BiUesfI8q9JBjQ/AQy0D87V6xJ4=,ybTclvpe8n12drJRK+Vr0aNXq/M=
29,40,BiUesfI8q9JBjQ/AQy0D87V6xJ4=,ybTclvpe8n12drJRK+Vr0aNXq/M=
28,40,BiUesfI8q9JBjQ/AQy0D87V6xJ4=,ybTclvpe8n12drJRK+Vr0aNXq/M=
26,40,BiUesfI8q9JBjQ/AQy0D87V6xJ4=,ybTclvpe8n12drJRK+Vr0aNXq/M=
27,40,BiUesfI8q9JBjQ/AQy0D87V6xJ4=,ybTclvpe8n12drJRK+Vr0aNXq/M=
25,40,BiUesfI8q9JBjQ/AQy0D87V6xJ4=,ybTclvpe8n12drJRK+Vr0aNXq/M=
24,40,BiUesfI8q9JBjQ/AQy0D87V6xJ4=,ybTclvpe8n12drJRK+Vr0aNXq/M=
23,40,BiUesfI8q9JBjQ/AQy0D87V6xJ4=,ybTclvpe8n12drJRK+Vr0aNXq/M=
22,40,BiUesfI8q9JBjQ/AQy0D87V6xJ4=,ybTclvpe8n12drJRK+Vr0aNXq/M=
21,40,BiUesfI8q9JBjQ/AQy0D87V6xJ4=,ybTclvpe8n12drJRK+Vr0aNXq/M=
20,40,BiUesfI8q9JBjQ/AQy0D87V6xJ4=,ybTclvpe8n12drJRK+Vr0aNXq/M=
19,40,BiUesfI8q9JBjQ/AQy0D87V6xJ4=,ybTclvpe8n12drJRK+Vr0aNXq/M=
18,40,BiUesfI8q9JBjQ/AQy0D87V6xJ4=,ybTclvpe8n12drJRK+Vr0aNXq/M=
17,40,BiUesfI8q9JBjQ/AQy0D87V6xJ4=,ybTclvpe8n12drJRK+Vr0aNXq/M=
16,40,BiUesfI8q9JBjQ/AQy0D87V6xJ4=,ybTclvpe8n12drJRK+Vr0aNXq/M=
31,39,BiUesfI8q9JBjQ/AQy0D87V6xJ4=,ybTclvpe8n12drJRK+Vr0aNXq/M=
30,39,BiUesfI8q9JBjQ/AQy0D87V6xJ4=,ybTclvpe8n12drJRK+Vr0aNXq/M=
29,39,BiUesfI8q9JBjQ/AQy0D87V6xJ4=,ybTclvpe8n12drJRK+Vr0aNXq/M=
28,39,BiUesfI8q9JBjQ/AQy0D87V6xJ4=,ybTclvpe8n12drJRK+Vr0aNXq/M=
27,39,BiUesfI8q9JBjQ/AQy0D87V6xJ4=,ybTclvpe8n12drJRK+Vr0aNXq/M=
26,39,BiUesfI8q9JBjQ/AQy0D87V6xJ4=,ybTclvpe8n12drJRK+Vr0aNXq/M=
25,39,BiUesfI8q9JBjQ/AQy0D87V6xJ4=,ybTclvpe8n12drJRK+Vr0aNXq/M=
24,39,BiUesfI8q9JBjQ/AQy0D87V6xJ4=,ybTclvpe8n12drJRK+Vr0aNXq/M=
23,39,BiUesfI8q9JBjQ/AQy0D87V6xJ4=,ybTclvpe8n12drJRK+Vr0aNXq/M=
21,39,BiUesfI8q9JBjQ/AQy0D87V6xJ4=,ybTclvpe8n12drJRK+Vr0aNXq/M=
22,39,BiUesfI8q9JBjQ/AQy0D87V6xJ4=,ybTclvpe8n12drJRK+Vr0aNXq/M=
20,39,BiUesfI8q9JBjQ/AQy0D87V6xJ4=,ybTclvpe8n12drJRK+Vr0aNXq/M=
19,39,BiUesfI8q9JBjQ/AQy0D87V6xJ4=,ybTclvpe8n12drJRK+Vr0aNXq/M=
18,39,BiUesfI8q9JBjQ/AQy0D87V6xJ4=,ybTclvpe8n12drJRK+Vr0aNXq/M=
17,39,BiUesfI8q9JBjQ/AQy0D87V6xJ4=,ybTclvpe8n12drJRK+Vr0aNXq/M=
16,39,BiUesfI8q9JBjQ/AQy0D87V6xJ4=,ybTclvpe8n12drJRK+Vr0aNXq/M=
31,38,BiUesfI8q9JBjQ/AQy0D87V6xJ4=,ybTclvpe8n12drJRK+Vr0aNXq/M=
30,38,BiUesfI8q9JBjQ/AQy0D87V6xJ4=,ybTclvpe8n12drJRK+Vr0aNXq/M=
29,38,BiUesfI8q9JBjQ/AQy0D87V6xJ4=,ybTclvpe8n12drJRK+Vr0aNXq/M=
28,38,BiUesfI8q9JBjQ/AQy0D87V6xJ4=,ybTclvpe8n12drJRK+Vr0aNXq/M=
27,38,BiUesfI8q9JBjQ/AQy0D87V6xJ4=,ybTclvpe8n12drJRK+Vr0aNXq/M=
26,38,BiUesfI8q9JBjQ/AQy0D87V6xJ4=,ybTclvpe8n12drJRK+Vr0aNXq/M=
25,38,BiUesfI8q9JBjQ/AQy0D87V6xJ4=,ybTclvpe8n12drJRK+Vr0aNXq/M=
24,38,BiUesfI8q9JBjQ/AQy0D87V6xJ4=,ybTclvpe8n12drJRK+Vr0aNXq/M=
23,38,BiUesfI8q9JBjQ/AQy0D87V6xJ4=,ybTclvpe8n12drJRK+Vr0aNXq/M=
22,38,BiUesfI8q9JBjQ/AQy0D87V6xJ4=,ybTclvpe8n12drJRK+Vr0aNXq/M=
21,38,BiUesfI8q9JBjQ/AQy0D87V6xJ4=,ybTclvpe8n12drJRK+Vr0aNXq/M=
20,38,BiUesfI8q9JBjQ/AQy0D87V6xJ4=,ybTclvpe8n12drJRK+Vr0aNXq/M=
19,38,BiUesfI8q9JBjQ/AQy0D87V6xJ4=,ybTclvpe8n12drJRK+Vr0aNXq/M=
18,38,BiUesfI8q9JBjQ/AQy0D87V6xJ4=,ybTclvpe8n12drJRK+Vr0aNXq/M=
17,38,BiUesfI8q9JBjQ/AQy0D87V6xJ4=,ybTclvpe8n12drJRK+Vr0aNXq/M=
31,37,BiUesfI8q9JBjQ/AQy0D87V6xJ4=,ybTclvpe8n12drJRK+Vr0aNXq/M=
16,38,BiUesfI8q9JBjQ/AQy0D87V6xJ4=,ybTclvpe8n12drJRK+Vr0aNXq/M=
30,37,BiUesfI8q9JBjQ/AQy0D87V6xJ4=,ybTclvpe8n12drJRK+Vr0aNXq/M=
29,37,BiUesfI8q9JBjQ/AQy0D87V6xJ4=,ybTclvpe8n12drJRK+Vr0aNXq/M=
28,37,BiUesfI8q9JBjQ/AQy0D87V6xJ4=,ybTclvpe8n12drJRK+Vr0aNXq/M=
27,37,BiUesfI8q9JBjQ/AQy0D87V6xJ4=,ybTclvpe8n12drJRK+Vr0aNXq/M=
26,37,BiUesfI8q9JBjQ/AQy0D87V6xJ4=,ybTclvpe8n12drJRK+Vr0aNXq/M=
25,37,BiUesfI8q9JBjQ/AQy0D87V6xJ4=,ybTclvpe8n12drJRK+Vr0aNXq/M=
24,37,BiUesfI8q9JBjQ/AQy0D87V6xJ4=,ybTclvpe8n12drJRK+Vr0aNXq/M=
22,37,BiUesfI8q9JBjQ/AQy0D87V6xJ4=,ybTclvpe8n12drJRK+Vr0aNXq/M=
23,37,BiUesfI8q9JBjQ/AQy0D87V6xJ4=,ybTclvpe8n12drJRK+Vr0aNXq/M=
21,37,BiUesfI8q9JBjQ/AQy0D87V6xJ4=,ybTclvpe8n12drJRK+Vr0aNXq/M=
20,37,BiUesfI8q9JBjQ/AQy0D87V6xJ4=,ybTclvpe8n12drJRK+Vr0aNXq/M=
19,37,BiUesfI8q9JBjQ/AQy0D87V6xJ4=,ybTclvpe8n12drJRK+Vr0aNXq/M=
18,37,BiUesfI8q9JBjQ/AQy0D87V6xJ4=,ybTclvpe8n12drJRK+Vr0aNXq/M=
17,37,BiUesfI8q9JBjQ/AQy0D87V6xJ4=,ybTclvpe8n12drJRK+Vr0aNXq/M=
31,36,BiUesfI8q9JBjQ/AQy0D87V6xJ4=,ybTclvpe8n12drJRK+Vr0aNXq/M=
30,36,BiUesfI8q9JBjQ/AQy0D87V6xJ4=,ybTclvpe8n12drJRK+Vr0aNXq/M=
29,36,BiUesfI8q9JBjQ/AQy0D87V6xJ4=,ybTclvpe8n12drJRK+Vr0aNXq/M=
28,36,BiUesfI8q9JBjQ/AQy0D87V6xJ4=,ybTclvpe8n12drJRK+Vr0aNXq/M=
27,36,BiUesfI8q9JBjQ/AQy0D87V6xJ4=,ybTclvpe8n12drJRK+Vr0aNXq/M=
26,36,BiUesfI8q9JBjQ/AQy0D87V6xJ4=,ybTclvpe8n12drJRK+Vr0aNXq/M=
25,36,BiUesfI8q9JBjQ/AQy0D87V6xJ4=,ybTclvpe8n12drJRK+Vr0aNXq/M=
24,36,BiUesfI8q9JBjQ/AQy0D87V6xJ4=,ybTclvpe8n12drJRK+Vr0aNXq/M=
23,36,BiUesfI8q9JBjQ/AQy0D87V6xJ4=,ybTclvpe8n12drJRK+Vr0aNXq/M=
22,36,BiUesfI8q9JBjQ/AQy0D87V6xJ4=,ybTclvpe8n12drJRK+Vr0aNXq/M=
21,36,BiUesfI8q9JBjQ/AQy0D87V6xJ4=,ybTclvpe8n12drJRK+Vr0aNXq/M=
20,36,BiUesfI8q9JBjQ/AQy0D87V6xJ4=,ybTclvpe8n12drJRK+Vr0aNXq/M=
19,36,BiUesfI8q9JBjQ/AQy0D87V6xJ4=,ybTclvpe8n12drJRK+Vr0aNXq/M=
18,36,BiUesfI8q9JBjQ/AQy0D87V6xJ4=,ybTclvpe8n12drJRK+Vr0aNXq/M=
17,36,BiUesfI8q9JBjQ/AQy0D87V6xJ4=,ybTclvpe8n12drJRK+Vr0aNXq/M=
16,36,BiUesfI8q9JBjQ/AQy0D87V6xJ4=,ybTclvpe8n12drJRK+Vr0aNXq/M=
31,35,BiUesfI8q9JBjQ/AQy0D87V6xJ4=,ybTclvpe8n12drJRK+Vr0aNXq/M=
30,35,BiUesfI8q9JBjQ/AQy0D87V6xJ4=,ybTclvpe8n12drJRK+Vr0aNXq/M=
29,35,BiUesfI8q9JBjQ/AQy0D87V6xJ4=,ybTclvpe8n12drJRK+Vr0aNXq/M=
28,35,BiUesfI8q9JBjQ/AQy0D87V6xJ4=,ybTclvpe8n12drJRK+Vr0aNXq/M=
27,35,BiUesfI8q9JBjQ/AQy0D87V6xJ4=,ybTclvpe8n12drJRK+Vr0aNXq/M=
26,35,BiUesfI8q9JBjQ/AQy0D87V6xJ4=,ybTclvpe8n12drJRK+Vr0aNXq/M=
25,35,BiUesfI8q9JBjQ/AQy0D87V6xJ4=,ybTclvpe8n12drJRK+Vr0aNXq/M=
24,35,BiUesfI8q9JBjQ/AQy0D87V6xJ4=,ybTclvpe8n12drJRK+Vr0aNXq/M=
23,35,BiUesfI8q9JBjQ/AQy0D87V6xJ4=,ybTclvpe8n12drJRK+Vr0aNXq/M=
22,35,BiUesfI8q9JBjQ/AQy0D87V6xJ4=,ybTclvpe8n12drJRK+Vr0aNXq/M=
21,35,BiUesfI8q9JBjQ/AQy0D87V6xJ4=,ybTclvpe8n12drJRK+Vr0aNXq/M=
20,35,BiUesfI8q9JBjQ/AQy0D87V6xJ4=,ybTclvpe8n12drJRK+Vr0aNXq/M=
18,35,BiUesfI8q9JBjQ/AQy0D87V6xJ4=,ybTclvpe8n12drJRK+Vr0aNXq/M=
17,35,BiUesfI8q9JBjQ/AQy0D87V6xJ4=,ybTclvpe8n12drJRK+Vr0aNXq/M=
16,35,BiUesfI8q9JBjQ/AQy0D87V6xJ4=,ybTclvpe8n12drJRK+Vr0aNXq/M=
31,34,BiUesfI8q9JBjQ/AQy0D87V6xJ4=,ybTclvpe8n12drJRK+Vr0aNXq/M=
30,34,BiUesfI8q9JBjQ/AQy0D87V6xJ4=,ybTclvpe8n12drJRK+Vr0aNXq/M=
29,34,U6BQ8pDxiv/+DHGk4UueYUvyv9s=,ybTclvpe8n12drJRK+Vr0aNXq/M=
28,34,U6BQ8pDxiv/+DHGk4UueYUvyv9s=,ybTclvpe8n12drJRK+Vr0aNXq/M=
27,34,U6BQ8pDxiv/+DHGk4UueYUvyv9s=,ybTclvpe8n12drJRK+Vr0aNXq/M=
26,34,U6BQ8pDxiv/+DHGk4UueYUvyv9s=,ybTclvpe8n12drJRK+Vr0aNXq/M=
25,34,U6BQ8pDxiv/+DHGk4UueYUvyv9s=,ybTclvpe8n12drJRK+Vr0aNXq/M=
24,34,WwjMvcK0s6OVBpYQWs/7S0tR/PU=,ybTclvpe8n12drJRK+Vr0aNXq/M=
23,34,WwjMvcK0s6OVBpYQWs/7S0tR/PU=,ybTclvpe8n12drJRK+Vr0aNXq/M=
31,32,U6BQ8pDxiv/+DHGk4UueYUvyv9s=,ybTclvpe8n12drJRK+Vr0aNXq/M=
29,32,U6BQ8pDxiv/+DHGk4UueYUvyv9s=,ybTclvpe8n12drJRK+Vr0aNXq/M=
30,32,U6BQ8pDxiv/+DHGk4UueYUvyv9s=,ybTclvpe8n12drJRK+Vr0aNXq/M=
28,32,BiUesfI8q9JBjQ/AQy0D87V6xJ4=,ybTclvpe8n12drJRK+Vr0aNXq/M=
27,32,BiUesfI8q9JBjQ/AQy0D87V6xJ4=,ybTclvpe8n12drJRK+Vr0aNXq/M=
26,32,BiUesfI8q9JBjQ/AQy0D87V6xJ4=,ybTclvpe8n12drJRK+Vr0aNXq/M=
25,32,BiUesfI8q9JBjQ/AQy0D87V6xJ4=,ybTclvpe8n12drJRK+Vr0aNXq/M=
24,32,BiUesfI8q9JBjQ/AQy0D87V6xJ4=,ybTclvpe8n12drJRK+Vr0aNXq/M=
21,32,BiUesfI8q9JBjQ/AQy0D87V6xJ4=,ybTclvpe8n12drJRK+Vr0aNXq/M=
22,32,BiUesfI8q9JBjQ/AQy0D87V6xJ4=,ybTclvpe8n12drJRK+Vr0aNXq/M=
23,32,BiUesfI8q9JBjQ/AQy0D87V6xJ4=,ybTclvpe8n12drJRK+Vr0aNXq/M=
19,34,WwjMvcK0s6OVBpYQWs/7S0tR/PU=,ybTclvpe8n12drJRK+Vr0aNXq/M=
16,37,BiUesfI8q9JBjQ/AQy0D87V6xJ4=,ybTclvpe8n12drJRK+Vr0aNXq/M=
18,32,BiUesfI8q9JBjQ/AQy0D87V6xJ4=,ybTclvpe8n12drJRK+Vr0aNXq/M=
17,32,WwjMvcK0s6OVBpYQWs/7S0tR/PU=,ybTclvpe8n12drJRK+Vr0aNXq/M=
18,33,WwjMvcK0s6OVBpYQWs/7S0tR/PU=,ybTclvpe8n12drJRK+Vr0aNXq/M=
19,35,BiUesfI8q9JBjQ/AQy0D87V6xJ4=,ybTclvpe8n12drJRK+Vr0aNXq/M=
16,32,WwjMvcK0s6OVBpYQWs/7S0tR/PU=,ybTclvpe8n12drJRK+Vr0aNXq/M=
19,32,BiUesfI8q9JBjQ/AQy0D87V6xJ4=,ybTclvpe8n12drJRK+Vr0aNXq/M=
16,33,WwjMvcK0s6OVBpYQWs/7S0tR/PU=,ybTclvpe8n12drJRK+Vr0aNXq/M=
17,33,U6BQ8pDxiv/+DHGk4UueYUvyv9s=,ybTclvpe8n12drJRK+Vr0aNXq/M=
20,32,BiUesfI8q9JBjQ/AQy0D87V6xJ4=,ybTclvpe8n12drJRK+Vr0aNXq/M=
1,48,lb+1tZ9eYpcvIPZjdxFMsD+0qWk=,ybTclvpe8n12drJRK+Vr0aNXq/M=
3,49,lb+1tZ9eYpcvIPZjdxFMsD+0qWk=,ybTclvpe8n12drJRK+Vr0aNXq/M=
4,49,lb+1tZ9eYpcvIPZjdxFMsD+0qWk=,ybTclvpe8n12drJRK+Vr0aNXq/M=
2,49,KiHcWGDvMKQf4DBc2nPWjsCm/JU=,ybTclvpe8n12drJRK+Vr0aNXq/M=
5,49,lb+1tZ9eYpcvIPZjdxFMsD+0qWk=,ybTclvpe8n12drJRK+Vr0aNXq/M=
15,63,KiHcWGDvMKQf4DBc2nPWjsCm/JU=,ybTclvpe8n12drJRK+Vr0aNXq/M=
7,49,lb+1tZ9eYpcvIPZjdxFMsD+0qWk=,ybTclvpe8n12drJRK+Vr0aNXq/M=
6,49,lb+1tZ9eYpcvIPZjdxFMsD+0qWk=,ybTclvpe8n12drJRK+Vr0aNXq/M=
8,49,lb+1tZ9eYpcvIPZjdxFMsD+0qWk=,ybTclvpe8n12drJRK+Vr0aNXq/M=
14,63,KiHcWGDvMKQf4DBc2nPWjsCm/JU=,ybTclvpe8n12drJRK+Vr0aNXq/M=
9,49,lb+1tZ9eYpcvIPZjdxFMsD+0qWk=,ybTclvpe8n12drJRK+Vr0aNXq/M=
13,63,KiHcWGDvMKQf4DBc2nPWjsCm/JU=,ybTclvpe8n12drJRK+Vr0aNXq/M=
12,63,KiHcWGDvMKQf4DBc2nPWjsCm/JU=,ybTclvpe8n12drJRK+Vr0aNXq/M=
10,49,lb+1tZ9eYpcvIPZjdxFMsD+0qWk=,ybTclvpe8n12drJRK+Vr0aNXq/M=
11,63,KiHcWGDvMKQf4DBc2nPWjsCm/JU=,ybTclvpe8n12drJRK+Vr0aNXq/M=
11,49,lb+1tZ9eYpcvIPZjdxFMsD+0qWk=,ybTclvpe8n12drJRK+Vr0aNXq/M=
12,49,lb+1tZ9eYpcvIPZjdxFMsD+0qWk=,ybTclvpe8n12drJRK+Vr0aNXq/M=
13,49,lb+1tZ9eYpcvIPZjdxFMsD+0qWk=,ybTclvpe8n12drJRK+Vr0aNXq/M=
9,63,KiHcWGDvMKQf4DBc2nPWjsCm/JU=,ybTclvpe8n12drJRK+Vr0aNXq/M=
8,63,lb+1tZ9eYpcvIPZjdxFMsD+0qWk=,ybTclvpe8n12drJRK+Vr0aNXq/M=
7,63,KiHcWGDvMKQf4DBc2nPWjsCm/JU=,ybTclvpe8n12drJRK+Vr0aNXq/M=
10,63,KiHcWGDvMKQf4DBc2nPWjsCm/JU=,ybTclvpe8n12drJRK+Vr0aNXq/M=
15,49,lb+1tZ9eYpcvIPZjdxFMsD+0qWk=,ybTclvpe8n12drJRK+Vr0aNXq/M=
6,63,KiHcWGDvMKQf4DBc2nPWjsCm/JU=,ybTclvpe8n12drJRK+Vr0aNXq/M=
5,63,KiHcWGDvMKQf4DBc2nPWjsCm/JU=,ybTclvpe8n12drJRK+Vr0aNXq/M=
0,50,lb+1tZ9eYpcvIPZjdxFMsD+0qWk=,ybTclvpe8n12drJRK+Vr0aNXq/M=
4,63,KiHcWGDvMKQf4DBc2nPWjsCm/JU=,ybTclvpe8n12drJRK+Vr0aNXq/M=
14,49,lb+1tZ9eYpcvIPZjdxFMsD+0qWk=,ybTclvpe8n12drJRK+Vr0aNXq/M=
3,63,KiHcWGDvMKQf4DBc2nPWjsCm/JU=,ybTclvpe8n12drJRK+Vr0aNXq/M=
2,48,lb+1tZ9eYpcvIPZjdxFMsD+0qWk=,ybTclvpe8n12drJRK+Vr0aNXq/M=
2,63,KiHcWGDvMKQf4DBc2nPWjsCm/JU=,ybTclvpe8n12drJRK+Vr0aNXq/M=
1,50,lb+1tZ9eYpcvIPZjdxFMsD+0qWk=,ybTclvpe8n12drJRK+Vr0aNXq/M=
1,63,KiHcWGDvMKQf4DBc2nPWjsCm/JU=,ybTclvpe8n12drJRK+Vr0aNXq/M=
2,50,lb+1tZ9eYpcvIPZjdxFMsD+0qWk=,ybTclvpe8n12drJRK+Vr0aNXq/M=
0,63,KiHcWGDvMKQf4DBc2nPWjsCm/JU=,ybTclvpe8n12drJRK+Vr0aNXq/M=
1,49,KiHcWGDvMKQf4DBc2nPWjsCm/JU=,ybTclvpe8n12drJRK+Vr0aNXq/M=
15,62,KiHcWGDvMKQf4DBc2nPWjsCm/JU=,ybTclvpe8n12drJRK+Vr0aNXq/M=
3,50,lb+1tZ9eYpcvIPZjdxFMsD+0qWk=,ybTclvpe8n12drJRK+Vr0aNXq/M=
15,48,lb+1tZ9eYpcvIPZjdxFMsD+0qWk=,ybTclvpe8n12drJRK+Vr0aNXq/M=
0,49,KiHcWGDvMKQf4DBc2nPWjsCm/JU=,ybTclvpe8n12drJRK+Vr0aNXq/M=
14,62,KiHcWGDvMKQf4DBc2nPWjsCm/JU=,ybTclvpe8n12drJRK+Vr0aNXq/M=
13,62,KiHcWGDvMKQf4DBc2nPWjsCm/JU=,ybTclvpe8n12drJRK+Vr0aNXq/M=
12,62,KiHcWGDvMKQf4DBc2nPWjsCm/JU=,ybTclvpe8n12drJRK+Vr0aNXq/M=
5,50,lb+1tZ9eYpcvIPZjdxFMsD+0qWk=,ybTclvpe8n12drJRK+Vr0aNXq/M=
4,50,lb+1tZ9eYpcvIPZjdxFMsD+0qWk=,ybTclvpe8n12drJRK+Vr0aNXq/M=
6,50,lb+1tZ9eYpcvIPZjdxFMsD+0qWk=,ybTclvpe8n12drJRK+Vr0aNXq/M=
10,62,lb+1tZ9eYpcvIPZjdxFMsD+0qWk=,ybTclvpe8n12drJRK+Vr0aNXq/M=
9,62,KiHcWGDvMKQf4DBc2nPWjsCm/JU=,ybTclvpe8n12drJRK+Vr0aNXq/M=
11,62,KiHcWGDvMKQf4DBc2nPWjsCm/JU=,ybTclvpe8n12drJRK+Vr0aNXq/M=
8,62,lb+1tZ9eYpcvIPZjdxFMsD+0qWk=,ybTclvpe8n12drJRK+Vr0aNXq/M=
7,50,lb+1tZ9eYpcvIPZjdxFMsD+0qWk=,ybTclvpe8n12drJRK+Vr0aNXq/M=
7,62,KiHcWGDvMKQf4DBc2nPWjsCm/JU=,ybTclvpe8n12drJRK+Vr0aNXq/M=
5,62,KiHcWGDvMKQf4DBc2nPWjsCm/JU=,ybTclvpe8n12drJRK+Vr0aNXq/M=
8,50,lb+1tZ9eYpcvIPZjdxFMsD+0qWk=,ybTclvpe8n12drJRK+Vr0aNXq/M=
6,62,lb+1tZ9eYpcvIPZjdxFMsD+0qWk=,ybTclvpe8n12drJRK+Vr0aNXq/M=
4,62,KiHcWGDvMKQf4DBc2nPWjsCm/JU=,ybTclvpe8n12drJRK+Vr0aNXq/M=
0,48,KiHcWGDvMKQf4DBc2nPWjsCm/JU=,ybTclvpe8n12drJRK+Vr0aNXq/M=
3,62,lb+1tZ9eYpcvIPZjdxFMsD+0qWk=,ybTclvpe8n12drJRK+Vr0aNXq/M=
9,50,lb+1tZ9eYpcvIPZjdxFMsD+0qWk=,ybTclvpe8n12drJRK+Vr0aNXq/M=
2,62,lb+1tZ9eYpcvIPZjdxFMsD+0qWk=,ybTclvpe8n12drJRK+Vr0aNXq/M=
1,62,lb+1tZ9eYpcvIPZjdxFMsD+0qWk=,ybTclvpe8n12drJRK+Vr0aNXq/M=
10,50,lb+1tZ9eYpcvIPZjdxFMsD+0qWk=,ybTclvpe8n12drJRK+Vr0aNXq/M=
15,61,KiHcWGDvMKQf4DBc2nPWjsCm/JU=,ybTclvpe8n12drJRK+Vr0aNXq/M=
11,50,lb+1tZ9eYpcvIPZjdxFMsD+0qWk=,ybTclvpe8n12drJRK+Vr0aNXq/M=
14,61,KiHcWGDvMKQf4DBc2nPWjsCm/JU=,ybTclvpe8n12drJRK+Vr0aNXq/M=
0,62,KiHcWGDvMKQf4DBc2nPWjsCm/JU=,ybTclvpe8n12drJRK+Vr0aNXq/M=
13,61,KiHcWGDvMKQf4DBc2nPWjsCm/JU=,ybTclvpe8n12drJRK+Vr0aNXq/M=
11,61,lb+1tZ9eYpcvIPZjdxFMsD+0qWk=,ybTclvpe8n12drJRK+Vr0aNXq/M=
12,61,KiHcWGDvMKQf4DBc2nPWjsCm/JU=,ybTclvpe8n12drJRK+Vr0aNXq/M=
12,50,lb+1tZ9eYpcvIPZjdxFMsD+0qWk=,ybTclvpe8n12drJRK+Vr0aNXq/M=
10,61,lb+1tZ9eYpcvIPZjdxFMsD+0qWk=,ybTclvpe8n12drJRK+Vr0aNXq/M=
9,61,lb+1tZ9eYpcvIPZjdxFMsD+0qWk=,ybTclvpe8n12drJRK+Vr0aNXq/M=
14,50,lb+1tZ9eYpcvIPZjdxFMsD+0qWk=,ybTclvpe8n12drJRK+Vr0aNXq/M=
7,61,lb+1tZ9eYpcvIPZjdxFMsD+0qWk=,ybTclvpe8n12drJRK+Vr0aNXq/M=
8,61,lb+1tZ9eYpcvIPZjdxFMsD+0qWk=,ybTclvpe8n12drJRK+Vr0aNXq/M=
13,50,lb+1tZ9eYpcvIPZjdxFMsD+0qWk=,ybTclvpe8n12drJRK+Vr0aNXq/M=
6,61,lb+1tZ9eYpcvIPZjdxFMsD+0qWk=,ybTclvpe8n12drJRK+Vr0aNXq/M=
5,61,lb+1tZ9eYpcvIPZjdxFMsD+0qWk=,ybTclvpe8n12drJRK+Vr0aNXq/M=
15,50,lb+1tZ9eYpcvIPZjdxFMsD+0qWk=,ybTclvpe8n12drJRK+Vr0aNXq/M=
4,61,lb+1tZ9eYpcvIPZjdxFMsD+0qWk=,ybTclvpe8n12drJRK+Vr0aNXq/M=
3,61,lb+1tZ9eYpcvIPZjdxFMsD+0qWk=,ybTclvpe8n12drJRK+Vr0aNXq/M=
3,48,lb+1tZ9eYpcvIPZjdxFMsD+0qWk=,ybTclvpe8n12drJRK+Vr0aNXq/M=
0,51,lb+1tZ9eYpcvIPZjdxFMsD+0qWk=,ybTclvpe8n12drJRK+Vr0aNXq/M=
1,61,lb+1tZ9eYpcvIPZjdxFMsD+0qWk=,ybTclvpe8n12drJRK+Vr0aNXq/M=
15,60,lb+1tZ9eYpcvIPZjdxFMsD+0qWk=,ybTclvpe8n12drJRK+Vr0aNXq/M=
0,61,lb+1tZ9eYpcvIPZjdxFMsD+0qWk=,ybTclvpe8n12drJRK+Vr0aNXq/M=
14,48,lb+1tZ9eYpcvIPZjdxFMsD+0qWk=,ybTclvpe8n12drJRK+Vr0aNXq/M=
1,51,lb+1tZ9eYpcvIPZjdxFMsD+0qWk=,ybTclvpe8n12drJRK+Vr0aNXq/M=
13,60,lb+1tZ9eYpcvIPZjdxFMsD+0qWk=,ybTclvpe8n12drJRK+Vr0aNXq/M=
14,60,lb+1tZ9eYpcvIPZjdxFMsD+0qWk=,ybTclvpe8n12drJRK+Vr0aNXq/M=
2,51,lb+1tZ9eYpcvIPZjdxFMsD+0qWk=,ybTclvpe8n12drJRK+Vr0aNXq/M=
2,61,lb+1tZ9eYpcvIPZjdxFMsD+0qWk=,ybTclvpe8n12drJRK+Vr0aNXq/M=
12,60,lb+1tZ9eYpcvIPZjdxFMsD+0qWk=,ybTclvpe8n12drJRK+Vr0aNXq/M=
9,60,lb+1tZ9eYpcvIPZjdxFMsD+0qWk=,ybTclvpe8n12drJRK+Vr0aNXq/M=
8,60,lb+1tZ9eYpcvIPZjdxFMsD+0qWk=,ybTclvpe8n12drJRK+Vr0aNXq/M=
11,60,lb+1tZ9eYpcvIPZjdxFMsD+0qWk=,ybTclvpe8n12drJRK+Vr0aNXq/M=
3,51,lb+1tZ9eYpcvIPZjdxFMsD+0qWk=,ybTclvpe8n12drJRK+Vr0aNXq/M=
10,60,lb+1tZ9eYpcvIPZjdxFMsD+0qWk=,ybTclvpe8n12drJRK+Vr0aNXq/M=
6,60,lb+1tZ9eYpcvIPZjdxFMsD+0qWk=,ybTclvpe8n12drJRK+Vr0aNXq/M=
13,48,lb+1tZ9eYpcvIPZjdxFMsD+0qWk=,ybTclvpe8n12drJRK+Vr0aNXq/M=
7,60,lb+1tZ9eYpcvIPZjdxFMsD+0qWk=,ybTclvpe8n12drJRK+Vr0aNXq/M=
5,60,lb+1tZ9eYpcvIPZjdxFMsD+0qWk=,ybTclvpe8n12drJRK+Vr0aNXq/M=
4,51,lb+1tZ9eYpcvIPZjdxFMsD+0qWk=,ybTclvpe8n12drJRK+Vr0aNXq/M=
4,60,lb+1tZ9eYpcvIPZjdxFMsD+0qWk=,ybTclvpe8n12drJRK+Vr0aNXq/M=
2,60,lb+1tZ9eYpcvIPZjdxFMsD+0qWk=,ybTclvpe8n12drJRK+Vr0aNXq/M=
5,51,lb+1tZ9eYpcvIPZjdxFMsD+0qWk=,ybTclvpe8n12drJRK+Vr0aNXq/M=
1,60,lb+1tZ9eYpcvIPZjdxFMsD+0qWk=,ybTclvpe8n12drJRK+Vr0aNXq/M=
3,60,lb+1tZ9eYpcvIPZjdxFMsD+0qWk=,ybTclvpe8n12drJRK+Vr0aNXq/M=
0,60,lb+1tZ9eYpcvIPZjdxFMsD+0qWk=,ybTclvpe8n12drJRK+Vr0aNXq/M=
15,59,lb+1tZ9eYpcvIPZjdxFMsD+0qWk=,ybTclvpe8n12drJRK+Vr0aNXq/M=
14,59,lb+1tZ9eYpcvIPZjdxFMsD+0qWk=,ybTclvpe8n12drJRK+Vr0aNXq/M=
6,51,lb+1tZ9eYpcvIPZjdxFMsD+0qWk=,ybTclvpe8n12drJRK+Vr0aNXq/M=
13,59,lb+1tZ9eYpcvIPZjdxFMsD+0qWk=,ybTclvpe8n12drJRK+Vr0aNXq/M=
11,59,lb+1tZ9eYpcvIPZjdxFMsD+0qWk=,ybTclvpe8n12drJRK+Vr0aNXq/M=
10,59,lb+1tZ9eYpcvIPZjdxFMsD+0qWk=,ybTclvpe8n12drJRK+Vr0aNXq/M=
9,59,lb+1tZ9eYpcvIPZjdxFMsD+0qWk=,ybTclvpe8n12drJRK+Vr0aNXq/M=
8,59,lb+1tZ9eYpcvIPZjdxFMsD+0qWk=,ybTclvpe8n12drJRK+Vr0aNXq/M=
7,51,lb+1tZ9eYpcvIPZjdxFMsD+0qWk=,ybTclvpe8n12drJRK+Vr0aNXq/M=
6,59,lb+1tZ9eYpcvIPZjdxFMsD+0qWk=,ybTclvpe8n12drJRK+Vr0aNXq/M=
12,48,lb+1tZ9eYpcvIPZjdxFMsD+0qWk=,ybTclvpe8n12drJRK+Vr0aNXq/M=
5,59,lb+1tZ9eYpcvIPZjdxFMsD+0qWk=,ybTclvpe8n12drJRK+Vr0aNXq/M=
8,51,lb+1tZ9eYpcvIPZjdxFMsD+0qWk=,ybTclvpe8n12drJRK+Vr0aNXq/M=
3,59,lb+1tZ9eYpcvIPZjdxFMsD+0qWk=,ybTclvpe8n12drJRK+Vr0aNXq/M=
2,59,lb+1tZ9eYpcvIPZjdxFMsD+0qWk=,ybTclvpe8n12drJRK+Vr0aNXq/M=
7,59,lb+1tZ9eYpcvIPZjdxFMsD+0qWk=,ybTclvpe8n12drJRK+Vr0aNXq/M=
12,59,lb+1tZ9eYpcvIPZjdxFMsD+0qWk=,ybTclvpe8n12drJRK+Vr0aNXq/M=
9,51,lb+1tZ9eYpcvIPZjdxFMsD+0qWk=,ybTclvpe8n12drJRK+Vr0aNXq/M=
1,59,lb+1tZ9eYpcvIPZjdxFMsD+0qWk=,ybTclvpe8n12drJRK+Vr0aNXq/M=
0,59,lb+1tZ9eYpcvIPZjdxFMsD+0qWk=,ybTclvpe8n12drJRK+Vr0aNXq/M=
14,58,lb+1tZ9eYpcvIPZjdxFMsD+0qWk=,ybTclvpe8n12drJRK+Vr0aNXq/M=
15,58,lb+1tZ9eYpcvIPZjdxFMsD+0qWk=,ybTclvpe8n12drJRK+Vr0aNXq/M=
10,51,lb+1tZ9eYpcvIPZjdxFMsD+0qWk=,ybTclvpe8n12drJRK+Vr0aNXq/M=
12,58,lb+1tZ9eYpcvIPZjdxFMsD+0qWk=,ybTclvpe8n12drJRK+Vr0aNXq/M=
11,58,lb+1tZ9eYpcvIPZjdxFMsD+0qWk=,ybTclvpe8n12drJRK+Vr0aNXq/M=
10,58,lb+1tZ9eYpcvIPZjdxFMsD+0qWk=,ybTclvpe8n12drJRK+Vr0aNXq/M=
9,58,lb+1tZ9eYpcvIPZjdxFMsD+0qWk=,ybTclvpe8n12drJRK+Vr0aNXq/M=
11,51,lb+1tZ9eYpcvIPZjdxFMsD+0qWk=,ybTclvpe8n12drJRK+Vr0aNXq/M=
13,58,lb+1tZ9eYpcvIPZjdxFMsD+0qWk=,ybTclvpe8n12drJRK+Vr0aNXq/M=
8,58,lb+1tZ9eYpcvIPZjdxFMsD+0qWk=,ybTclvpe8n12drJRK+Vr0aNXq/M=
11,48,lb+1tZ9eYpcvIPZjdxFMsD+0qWk=,ybTclvpe8n12drJRK+Vr0aNXq/M=
12,51,lb+1tZ9eYpcvIPZjdxFMsD+0qWk=,ybTclvpe8n12drJRK+Vr0aNXq/M=
7,58,lb+1tZ9eYpcvIPZjdxFMsD+0qWk=,ybTclvpe8n12drJRK+Vr0aNXq/M=
4,58,lb+1tZ9eYpcvIPZjdxFMsD+0qWk=,ybTclvpe8n12drJRK+Vr0aNXq/M=
6,58,lb+1tZ9eYpcvIPZjdxFMsD+0qWk=,ybTclvpe8n12drJRK+Vr0aNXq/M=
13,51,lb+1tZ9eYpcvIPZjdxFMsD+0qWk=,ybTclvpe8n12drJRK+Vr0aNXq/M=
3,58,lb+1tZ9eYpcvIPZjdxFMsD+0qWk=,ybTclvpe8n12drJRK+Vr0aNXq/M=
2,58,lb+1tZ9eYpcvIPZjdxFMsD+0qWk=,ybTclvpe8n12drJRK+Vr0aNXq/M=
5,58,lb+1tZ9eYpcvIPZjdxFMsD+0qWk=,ybTclvpe8n12drJRK+Vr0aNXq/M=
0,58,lb+1tZ9eYpcvIPZjdxFMsD+0qWk=,ybTclvpe8n12drJRK+Vr0aNXq/M=
4,59,lb+1tZ9eYpcvIPZjdxFMsD+0qWk=,ybTclvpe8n12drJRK+Vr0aNXq/M=
15,57,lb+1tZ9eYpcvIPZjdxFMsD+0qWk=,ybTclvpe8n12drJRK+Vr0aNXq/M=
1,58,lb+1tZ9eYpcvIPZjdxFMsD+0qWk=,ybTclvpe8n12drJRK+Vr0aNXq/M=
14,51,lb+1tZ9eYpcvIPZjdxFMsD+0qWk=,ybTclvpe8n12drJRK+Vr0aNXq/M=
14,57,lb+1tZ9eYpcvIPZjdxFMsD+0qWk=,ybTclvpe8n12drJRK+Vr0aNXq/M=
12,57,lb+1tZ9eYpcvIPZjdxFMsD+0qWk=,ybTclvpe8n12drJRK+Vr0aNXq/M=
13,57,lb+1tZ9eYpcvIPZjdxFMsD+0qWk=,ybTclvpe8n12drJRK+Vr0aNXq/M=
9,57,lb+1tZ9eYpcvIPZjdxFMsD+0qWk=,ybTclvpe8n12drJRK+Vr0aNXq/M=
4,48,lb+1tZ9eYpcvIPZjdxFMsD+0qWk=,ybTclvpe8n12drJRK+Vr0aNXq/M=
10,48,lb+1tZ9eYpcvIPZjdxFMsD+0qWk=,ybTclvpe8n12drJRK+Vr0aNXq/M=
7,57,lb+1tZ9eYpcvIPZjdxFMsD+0qWk=,ybTclvpe8n12drJRK+Vr0aNXq/M=
8,57,lb+1tZ9eYpcvIPZjdxFMsD+0qWk=,ybTclvpe8n12drJRK+Vr0aNXq/M=
11,57,lb+1tZ9eYpcvIPZjdxFMsD+0qWk=,ybTclvpe8n12drJRK+Vr0aNXq/M=
6,57,lb+1tZ9eYpcvIPZjdxFMsD+0qWk=,ybTclvpe8n12drJRK+Vr0aNXq/M=
10,57,lb+1tZ9eYpcvIPZjdxFMsD+0qWk=,ybTclvpe8n12drJRK+Vr0aNXq/M=
5,57,lb+1tZ9eYpcvIPZjdxFMsD+0qWk=,ybTclvpe8n12drJRK+Vr0aNXq/M=
3,57,lb+1tZ9eYpcvIPZjdxFMsD+0qWk=,ybTclvpe8n12drJRK+Vr0aNXq/M=
15,51,lb+1tZ9eYpcvIPZjdxFMsD+0qWk=,ybTclvpe8n12drJRK+Vr0aNXq/M=
1,57,lb+1tZ9eYpcvIPZjdxFMsD+0qWk=,ybTclvpe8n12drJRK+Vr0aNXq/M=
2,57,lb+1tZ9eYpcvIPZjdxFMsD+0qWk=,ybTclvpe8n12drJRK+Vr0aNXq/M=
0,57,lb+1tZ9eYpcvIPZjdxFMsD+0qWk=,ybTclvpe8n12drJRK+Vr0aNXq/M=
4,57,lb+1tZ9eYpcvIPZjdxFMsD+0qWk=,ybTclvpe8n12drJRK+Vr0aNXq/M=
15,56,lb+1tZ9eYpcvIPZjdxFMsD+0qWk=,ybTclvpe8n12drJRK+Vr0aNXq/M=
14,56,lb+1tZ9eYpcvIPZjdxFMsD+0qWk=,ybTclvpe8n12drJRK+Vr0aNXq/M=
13,56,lb+1tZ9eYpcvIPZjdxFMsD+0qWk=,ybTclvpe8n12drJRK+Vr0aNXq/M=
0,52,lb+1tZ9eYpcvIPZjdxFMsD+0qWk=,ybTclvpe8n12drJRK+Vr0aNXq/M=
11,56,lb+1tZ9eYpcvIPZjdxFMsD+0qWk=,ybTclvpe8n12drJRK+Vr0aNXq/M=
10,56,lb+1tZ9eYpcvIPZjdxFMsD+0qWk=,ybTclvpe8n12drJRK+Vr0aNXq/M=
9,48,lb+1tZ9eYpcvIPZjdxFMsD+0qWk=,ybTclvpe8n12drJRK+Vr0aNXq/M=
12,56,lb+1tZ9eYpcvIPZjdxFMsD+0qWk=,ybTclvpe8n12drJRK+Vr0aNXq/M=
1,52,lb+1tZ9eYpcvIPZjdxFMsD+0qWk=,ybTclvpe8n12drJRK+Vr0aNXq/M=
9,56,lb+1tZ9eYpcvIPZjdxFMsD+0qWk=,ybTclvpe8n12drJRK+Vr0aNXq/M=
8,56,lb+1tZ9eYpcvIPZjdxFMsD+0qWk=,ybTclvpe8n12drJRK+Vr0aNXq/M=
6,56,lb+1tZ9eYpcvIPZjdxFMsD+0qWk=,ybTclvpe8n12drJRK+Vr0aNXq/M=
5,56,lb+1tZ9eYpcvIPZjdxFMsD+0qWk=,ybTclvpe8n12drJRK+Vr0aNXq/M=
4,56,lb+1tZ9eYpcvIPZjdxFMsD+0qWk=,ybTclvpe8n12drJRK+Vr0aNXq/M=
7,56,lb+1tZ9eYpcvIPZjdxFMsD+0qWk=,ybTclvpe8n12drJRK+Vr0aNXq/M=
2,56,lb+1tZ9eYpcvIPZjdxFMsD+0qWk=,ybTclvpe8n12drJRK+Vr0aNXq/M=
3,56,lb+1tZ9eYpcvIPZjdxFMsD+0qWk=,ybTclvpe8n12drJRK+Vr0aNXq/M=
2,52,lb+1tZ9eYpcvIPZjdxFMsD+0qWk=,ybTclvpe8n12drJRK+Vr0aNXq/M=
1,56,lb+1tZ9eYpcvIPZjdxFMsD+0qWk=,ybTclvpe8n12drJRK+Vr0aNXq/M=
15,55,lb+1tZ9eYpcvIPZjdxFMsD+0qWk=,ybTclvpe8n12drJRK+Vr0aNXq/M=
0,56,lb+1tZ9eYpcvIPZjdxFMsD+0qWk=,ybTclvpe8n12drJRK+Vr0aNXq/M=
3,52,lb+1tZ9eYpcvIPZjdxFMsD+0qWk=,ybTclvpe8n12drJRK+Vr0aNXq/M=
13,55,lb+1tZ9eYpcvIPZjdxFMsD+0qWk=,ybTclvpe8n12drJRK+Vr0aNXq/M=
14,55,lb+1tZ9eYpcvIPZjdxFMsD+0qWk=,ybTclvpe8n12drJRK+Vr0aNXq/M=
12,55,lb+1tZ9eYpcvIPZjdxFMsD+0qWk=,ybTclvpe8n12drJRK+Vr0aNXq/M=
8,48,lb+1tZ9eYpcvIPZjdxFMsD+0qWk=,ybTclvpe8n12drJRK+Vr0aNXq/M=
10,55,lb+1tZ9eYpcvIPZjdxFMsD+0qWk=,ybTclvpe8n12drJRK+Vr0aNXq/M=
11,55,lb+1tZ9eYpcvIPZjdxFMsD+0qWk=,ybTclvpe8n12drJRK+Vr0aNXq/M=
9,55,lb+1tZ9eYpcvIPZjdxFMsD+0qWk=,ybTclvpe8n12drJRK+Vr0aNXq/M=
4,52,lb+1tZ9eYpcvIPZjdxFMsD+0qWk=,ybTclvpe8n12drJRK+Vr0aNXq/M=
8,55,lb+1tZ9eYpcvIPZjdxFMsD+0qWk=,ybTclvpe8n12drJRK+Vr0aNXq/M=
7,55,lb+1tZ9eYpcvIPZjdxFMsD+0qWk=,ybTclvpe8n12drJRK+Vr0aNXq/M=
5,55,lb+1tZ9eYpcvIPZjdxFMsD+0qWk=,ybTclvpe8n12drJRK+Vr0aNXq/M=
6,55,lb+1tZ9eYpcvIPZjdxFMsD+0qWk=,ybTclvpe8n12drJRK+Vr0aNXq/M=
5,52,lb+1tZ9eYpcvIPZjdxFMsD+0qWk=,ybTclvpe8n12drJRK+Vr0aNXq/M=
3,55,lb+1tZ9eYpcvIPZjdxFMsD+0qWk=,ybTclvpe8n12drJRK+Vr0aNXq/M=
2,55,lb+1tZ9eYpcvIPZjdxFMsD+0qWk=,ybTclvpe8n12drJRK+Vr0aNXq/M=
4,55,lb+1tZ9eYpcvIPZjdxFMsD+0qWk=,ybTclvpe8n12drJRK+Vr0aNXq/M=
0,55,lb+1tZ9eYpcvIPZjdxFMsD+0qWk=,ybTclvpe8n12drJRK+Vr0aNXq/M=
14,54,lb+1tZ9eYpcvIPZjdxFMsD+0qWk=,ybTclvpe8n12drJRK+Vr0aNXq/M=
1,55,lb+1tZ9eYpcvIPZjdxFMsD+0qWk=,ybTclvpe8n12drJRK+Vr0aNXq/M=
15,54,lb+1tZ9eYpcvIPZjdxFMsD+0qWk=,ybTclvpe8n12drJRK+Vr0aNXq/M=
6,52,lb+1tZ9eYpcvIPZjdxFMsD+0qWk=,ybTclvpe8n12drJRK+Vr0aNXq/M=
12,54,lb+1tZ9eYpcvIPZjdxFMsD+0qWk=,ybTclvpe8n12drJRK+Vr0aNXq/M=
7,48,lb+1tZ9eYpcvIPZjdxFMsD+0qWk=,ybTclvpe8n12drJRK+Vr0aNXq/M=
13,54,lb+1tZ9eYpcvIPZjdxFMsD+0qWk=,ybTclvpe8n12drJRK+Vr0aNXq/M=
10,54,lb+1tZ9eYpcvIPZjdxFMsD+0qWk=,ybTclvpe8n12drJRK+Vr0aNXq/M=
9,54,lb+1tZ9eYpcvIPZjdxFMsD+0qWk=,ybTclvpe8n12drJRK+Vr0aNXq/M=
11,54,lb+1tZ9eYpcvIPZjdxFMsD+0qWk=,ybTclvpe8n12drJRK+Vr0aNXq/M=
7,52,lb+1tZ9eYpcvIPZjdxFMsD+0qWk=,ybTclvpe8n12drJRK+Vr0aNXq/M=
6,54,lb+1tZ9eYpcvIPZjdxFMsD+0qWk=,ybTclvpe8n12drJRK+Vr0aNXq/M=
7,54,lb+1tZ9eYpcvIPZjdxFMsD+0qWk=,ybTclvpe8n12drJRK+Vr0aNXq/M=
3,54,lb+1tZ9eYpcvIPZjdxFMsD+0qWk=,ybTclvpe8n12drJRK+Vr0aNXq/M=
4,54,lb+1tZ9eYpcvIPZjdxFMsD+0qWk=,ybTclvpe8n12drJRK+Vr0aNXq/M=
5,54,lb+1tZ9eYpcvIPZjdxFMsD+0qWk=,ybTclvpe8n12drJRK+Vr0aNXq/M=
8,54,lb+1tZ9eYpcvIPZjdxFMsD+0qWk=,ybTclvpe8n12drJRK+Vr0aNXq/M=
2,54,lb+1tZ9eYpcvIPZjdxFMsD+0qWk=,ybTclvpe8n12drJRK+Vr0aNXq/M=
8,52,lb+1tZ9eYpcvIPZjdxFMsD+0qWk=,ybTclvpe8n12drJRK+Vr0aNXq/M=
1,54,lb+1tZ9eYpcvIPZjdxFMsD+0qWk=,ybTclvpe8n12drJRK+Vr0aNXq/M=
13,53,lb+1tZ9eYpcvIPZjdxFMsD+0qWk=,ybTclvpe8n12drJRK+Vr0aNXq/M=
15,53,lb+1tZ9eYpcvIPZjdxFMsD+0qWk=,ybTclvpe8n12drJRK+Vr0aNXq/M=
14,53,lb+1tZ9eYpcvIPZjdxFMsD+0qWk=,ybTclvpe8n12drJRK+Vr0aNXq/M=
9,52,lb+1tZ9eYpcvIPZjdxFMsD+0qWk=,ybTclvpe8n12drJRK+Vr0aNXq/M=
6,48,lb+1tZ9eYpcvIPZjdxFMsD+0qWk=,ybTclvpe8n12drJRK+Vr0aNXq/M=
0,54,lb+1tZ9eYpcvIPZjdxFMsD+0qWk=,ybTclvpe8n12drJRK+Vr0aNXq/M=
12,53,lb+1tZ9eYpcvIPZjdxFMsD+0qWk=,ybTclvpe8n12drJRK+Vr0aNXq/M=
11,53,lb+1tZ9eYpcvIPZjdxFMsD+0qWk=,ybTclvpe8n12drJRK+Vr0aNXq/M=
10,52,lb+1tZ9eYpcvIPZjdxFMsD+0qWk=,ybTclvpe8n12drJRK+Vr0aNXq/M=
10,53,lb+1tZ9eYpcvIPZjdxFMsD+0qWk=,ybTclvpe8n12drJRK+Vr0aNXq/M=
9,53,lb+1tZ9eYpcvIPZjdxFMsD+0qWk=,ybTclvpe8n12drJRK+Vr0aNXq/M=
7,53,lb+1tZ9eYpcvIPZjdxFMsD+0qWk=,ybTclvpe8n12drJRK+Vr0aNXq/M=
8,53,lb+1tZ9eYpcvIPZjdxFMsD+0qWk=,ybTclvpe8n12drJRK+Vr0aNXq/M=
6,53,lb+1tZ9eYpcvIPZjdxFMsD+0qWk=,ybTclvpe8n12drJRK+Vr0aNXq/M=
11,52,lb+1tZ9eYpcvIPZjdxFMsD+0qWk=,ybTclvpe8n12drJRK+Vr0aNXq/M=
5,53,lb+1tZ9eYpcvIPZjdxFMsD+0qWk=,ybTclvpe8n12drJRK+Vr0aNXq/M=
3,53,lb+1tZ9eYpcvIPZjdxFMsD+0qWk=,ybTclvpe8n12drJRK+Vr0aNXq/M=
4,53,lb+1tZ9eYpcvIPZjdxFMsD+0qWk=,ybTclvpe8n12drJRK+Vr0aNXq/M=
2,53,lb+1tZ9eYpcvIPZjdxFMsD+0qWk=,ybTclvpe8n12drJRK+Vr0aNXq/M=
0,53,lb+1tZ9eYpcvIPZjdxFMsD+0qWk=,ybTclvpe8n12drJRK+Vr0aNXq/M=
1,53,lb+1tZ9eYpcvIPZjdxFMsD+0qWk=,ybTclvpe8n12drJRK+Vr0aNXq/M=
12,52,lb+1tZ9eYpcvIPZjdxFMsD+0qWk=,ybTclvpe8n12drJRK+Vr0aNXq/M=
15,52,lb+1tZ9eYpcvIPZjdxFMsD+0qWk=,ybTclvpe8n12drJRK+Vr0aNXq/M=
14,52,lb+1tZ9eYpcvIPZjdxFMsD+0qWk=,ybTclvpe8n12drJRK+Vr0aNXq/M=
13,52,lb+1tZ9eYpcvIPZjdxFMsD+0qWk=,ybTclvpe8n12drJRK+Vr0aNXq/M=
5,48,lb+1tZ9eYpcvIPZjdxFMsD+0qWk=,ybTclvpe8n12drJRK+Vr0aNXq/M=
19,49,lb+1tZ9eYpcvIPZjdxFMsD+0qWk=,ybTclvpe8n12drJRK+Vr0aNXq/M=
17,48,lb+1tZ9eYpcvIPZjdxFMsD+0qWk=,ybTclvpe8n12drJRK+Vr0aNXq/M=
21,49,lb+1tZ9eYpcvIPZjdxFMsD+0qWk=,ybTclvpe8n12drJRK+Vr0aNXq/M=
20,49,lb+1tZ9eYpcvIPZjdxFMsD+0qWk=,ybTclvpe8n12drJRK+Vr0aNXq/M=
22,49,gMDBfaWxzCi5OtRt0ZCZqcEcKGk=,ybTclvpe8n12drJRK+Vr0aNXq/M=
23,49,gMDBfaWxzCi5OtRt0ZCZqcEcKGk=,ybTclvpe8n12drJRK+Vr0aNXq/M=
24,49,gMDBfaWxzCi5OtRt0ZCZqcEcKGk=,ybTclvpe8n12drJRK+Vr0aNXq/M=
25,49,gMDBfaWxzCi5OtRt0ZCZqcEcKGk=,ybTclvpe8n12drJRK+Vr0aNXq/M=
26,49,gMDBfaWxzCi5OtRt0ZCZqcEcKGk=,ybTclvpe8n12drJRK+Vr0aNXq/M=
27,49,gMDBfaWxzCi5OtRt0ZCZqcEcKGk=,ybTclvpe8n12drJRK+Vr0aNXq/M=
28,49,gMDBfaWxzCi5OtRt0ZCZqcEcKGk=,ybTclvpe8n12drJRK+Vr0aNXq/M=
29,49,gMDBfaWxzCi5OtRt0ZCZqcEcKGk=,ybTclvpe8n12drJRK+Vr0aNXq/M=
30,49,gMDBfaWxzCi5OtRt0ZCZqcEcKGk=,ybTclvpe8n12drJRK+Vr0aNXq/M=
31,49,gMDBfaWxzCi5OtRt0ZCZqcEcKGk=,ybTclvpe8n12drJRK+Vr0aNXq/M=
17,50,gMDBfaWxzCi5OtRt0ZCZqcEcKGk=,ybTclvpe8n12drJRK+Vr0aNXq/M=
16,50,gMDBfaWxzCi5OtRt0ZCZqcEcKGk=,ybTclvpe8n12drJRK+Vr0aNXq/M=
18,50,gMDBfaWxzCi5OtRt0ZCZqcEcKGk=,ybTclvpe8n12drJRK+Vr0aNXq/M=
18,48,gMDBfaWxzCi5OtRt0ZCZqcEcKGk=,ybTclvpe8n12drJRK+Vr0aNXq/M=
19,50,gMDBfaWxzCi5OtRt0ZCZqcEcKGk=,ybTclvpe8n12drJRK+Vr0aNXq/M=
21,50,gMDBfaWxzCi5OtRt0ZCZqcEcKGk=,ybTclvpe8n12drJRK+Vr0aNXq/M=
18,49,lb+1tZ9eYpcvIPZjdxFMsD+0qWk=,ybTclvpe8n12drJRK+Vr0aNXq/M=
22,50,gMDBfaWxzCi5OtRt0ZCZqcEcKGk=,ybTclvpe8n12drJRK+Vr0aNXq/M=
20,50,gMDBfaWxzCi5OtRt0ZCZqcEcKGk=,ybTclvpe8n12drJRK+Vr0aNXq/M=
17,49,lb+1tZ9eYpcvIPZjdxFMsD+0qWk=,ybTclvpe8n12drJRK+Vr0aNXq/M=
24,50,gMDBfaWxzCi5OtRt0ZCZqcEcKGk=,ybTclvpe8n12drJRK+Vr0aNXq/M=
23,50,gMDBfaWxzCi5OtRt0ZCZqcEcKGk=,ybTclvpe8n12drJRK+Vr0aNXq/M=
25,50,gMDBfaWxzCi5OtRt0ZCZqcEcKGk=,ybTclvpe8n12drJRK+Vr0aNXq/M=
26,50,gMDBfaWxzCi5OtRt0ZCZqcEcKGk=,ybTclvpe8n12drJRK+Vr0aNXq/M=
27,50,gMDBfaWxzCi5OtRt0ZCZqcEcKGk=,ybTclvpe8n12drJRK+Vr0aNXq/M=
31,63,lb+1tZ9eYpcvIPZjdxFMsD+0qWk=,ybTclvpe8n12drJRK+Vr0aNXq/M=
30,63,gMDBfaWxzCi5OtRt0ZCZqcEcKGk=,ybTclvpe8n12drJRK+Vr0aNXq/M=
28,50,gMDBfaWxzCi5OtRt0ZCZqcEcKGk=,ybTclvpe8n12drJRK+Vr0aNXq/M=
29,63,gMDBfaWxzCi5OtRt0ZCZqcEcKGk=,ybTclvpe8n12drJRK+Vr0aNXq/M=
29,50,gMDBfaWxzCi5OtRt0ZCZqcEcKGk=,ybTclvpe8n12drJRK+Vr0aNXq/M=
28,63,gMDBfaWxzCi5OtRt0ZCZqcEcKGk=,ybTclvpe8n12drJRK+Vr0aNXq/M=
27,63,lb+1tZ9eYpcvIPZjdxFMsD+0qWk=,ybTclvpe8n12drJRK+Vr0aNXq/M=
30,50,gMDBfaWxzCi5OtRt0ZCZqcEcKGk=,ybTclvpe8n12drJRK+Vr0aNXq/M=
31,50,gMDBfaWxzCi5OtRt0ZCZqcEcKGk=,ybTclvpe8n12drJRK+Vr0aNXq/M=
26,63,lb+1tZ9eYpcvIPZjdxFMsD+0qWk=,ybTclvpe8n12drJRK+Vr0aNXq/M=
16,51,gMDBfaWxzCi5OtRt0ZCZqcEcKGk=,ybTclvpe8n12drJRK+Vr0aNXq/M=
19,48,gMDBfaWxzCi5OtRt0ZCZqcEcKGk=,ybTclvpe8n12drJRK+Vr0aNXq/M=
17,51,gMDBfaWxzCi5OtRt0ZCZqcEcKGk=,ybTclvpe8n12drJRK+Vr0aNXq/M=
24,63,lb+1tZ9eYpcvIPZjdxFMsD+0qWk=,ybTclvpe8n12drJRK+Vr0aNXq/M=
18,51,gMDBfaWxzCi5OtRt0ZCZqcEcKGk=,ybTclvpe8n12drJRK+Vr0aNXq/M=
25,63,lb+1tZ9eYpcvIPZjdxFMsD+0qWk=,ybTclvpe8n12drJRK+Vr0aNXq/M=
23,63,lb+1tZ9eYpcvIPZjdxFMsD+0qWk=,ybTclvpe8n12drJRK+Vr0aNXq/M=
19,51,gMDBfaWxzCi5OtRt0ZCZqcEcKGk=,ybTclvpe8n12drJRK+Vr0aNXq/M=
22,63,lb+1tZ9eYpcvIPZjdxFMsD+0qWk=,ybTclvpe8n12drJRK+Vr0aNXq/M=
20,51,gMDBfaWxzCi5OtRt0ZCZqcEcKGk=,ybTclvpe8n12drJRK+Vr0aNXq/M=
21,63,lb+1tZ9eYpcvIPZjdxFMsD+0qWk=,ybTclvpe8n12drJRK+Vr0aNXq/M=
21,51,gMDBfaWxzCi5OtRt0ZCZqcEcKGk=,ybTclvpe8n12drJRK+Vr0aNXq/M=
22,51,gMDBfaWxzCi5OtRt0ZCZqcEcKGk=,ybTclvpe8n12drJRK+Vr0aNXq/M=
20,63,lb+1tZ9eYpcvIPZjdxFMsD+0qWk=,ybTclvpe8n12drJRK+Vr0aNXq/M=
19,63,lb+1tZ9eYpcvIPZjdxFMsD+0qWk=,ybTclvpe8n12drJRK+Vr0aNXq/M=
23,51,gMDBfaWxzCi5OtRt0ZCZqcEcKGk=,ybTclvpe8n12drJRK+Vr0aNXq/M=
24,51,gMDBfaWxzCi5OtRt0ZCZqcEcKGk=,ybTclvpe8n12drJRK+Vr0aNXq/M=
18,63,lb+1tZ9eYpcvIPZjdxFMsD+0qWk=,ybTclvpe8n12drJRK+Vr0aNXq/M=
25,51,gMDBfaWxzCi5OtRt0ZCZqcEcKGk=,ybTclvpe8n12drJRK+Vr0aNXq/M=
16,48,lb+1tZ9eYpcvIPZjdxFMsD+0qWk=,ybTclvpe8n12drJRK+Vr0aNXq/M=
26,51,gMDBfaWxzCi5OtRt0ZCZqcEcKGk=,ybTclvpe8n12drJRK+Vr0aNXq/M=
27,51,gMDBfaWxzCi5OtRt0ZCZqcEcKGk=,ybTclvpe8n12drJRK+Vr0aNXq/M=
28,51,gMDBfaWxzCi5OtRt0ZCZqcEcKGk=,ybTclvpe8n12drJRK+Vr0aNXq/M=
16,63,lb+1tZ9eYpcvIPZjdxFMsD+0qWk=,ybTclvpe8n12drJRK+Vr0aNXq/M=
29,51,gMDBfaWxzCi5OtRt0ZCZqcEcKGk=,ybTclvpe8n12drJRK+Vr0aNXq/M=
17,63,lb+1tZ9eYpcvIPZjdxFMsD+0qWk=,ybTclvpe8n12drJRK+Vr0aNXq/M=
16,49,lb+1tZ9eYpcvIPZjdxFMsD+0qWk=,ybTclvpe8n12drJRK+Vr0aNXq/M=
30,51,gMDBfaWxzCi5OtRt0ZCZqcEcKGk=,ybTclvpe8n12drJRK+Vr0aNXq/M=
31,51,gMDBfaWxzCi5OtRt0ZCZqcEcKGk=,ybTclvpe8n12drJRK+Vr0aNXq/M=
30,62,gMDBfaWxzCi5OtRt0ZCZqcEcKGk=,ybTclvpe8n12drJRK+Vr0aNXq/M=
31,62,lb+1tZ9eYpcvIPZjdxFMsD+0qWk=,ybTclvpe8n12drJRK+Vr0aNXq/M=
16,52,gMDBfaWxzCi5OtRt0ZCZqcEcKGk=,ybTclvpe8n12drJRK+Vr0aNXq/M=
29,62,gMDBfaWxzCi5OtRt0ZCZqcEcKGk=,ybTclvpe8n12drJRK+Vr0aNXq/M=
20,48,gMDBfaWxzCi5OtRt0ZCZqcEcKGk=,ybTclvpe8n12drJRK+Vr0aNXq/M=
28,62,gMDBfaWxzCi5OtRt0ZCZqcEcKGk=,ybTclvpe8n12drJRK+Vr0aNXq/M=
26,62,gMDBfaWxzCi5OtRt0ZCZqcEcKGk=,ybTclvpe8n12drJRK+Vr0aNXq/M=
18,52,gMDBfaWxzCi5OtRt0ZCZqcEcKGk=,ybTclvpe8n12drJRK+Vr0aNXq/M=
27,62,gMDBfaWxzCi5OtRt0ZCZqcEcKGk=,ybTclvpe8n12drJRK+Vr0aNXq/M=
19,52,gMDBfaWxzCi5OtRt0ZCZqcEcKGk=,ybTclvpe8n12drJRK+Vr0aNXq/M=
17,52,gMDBfaWxzCi5OtRt0ZCZqcEcKGk=,ybTclvpe8n12drJRK+Vr0aNXq/M=
25,62,gMDBfaWxzCi5OtRt0ZCZqcEcKGk=,ybTclvpe8n12drJRK+Vr0aNXq/M=
24,62,gMDBfaWxzCi5OtRt0ZCZqcEcKGk=,ybTclvpe8n12drJRK+Vr0aNXq/M=
23,62,gMDBfaWxzCi5OtRt0ZCZqcEcKGk=,ybTclvpe8n12drJRK+Vr0aNXq/M=
22,62,gMDBfaWxzCi5OtRt0ZCZqcEcKGk=,ybTclvpe8n12drJRK+Vr0aNXq/M=
21,52,gMDBfaWxzCi5OtRt0ZCZqcEcKGk=,ybTclvpe8n12drJRK+Vr0aNXq/M=
20,52,gMDBfaWxzCi5OtRt0ZCZqcEcKGk=,ybTclvpe8n12drJRK+Vr0aNXq/M=
21,62,gMDBfaWxzCi5OtRt0ZCZqcEcKGk=,ybTclvpe8n12drJRK+Vr0aNXq/M=
20,62,gMDBfaWxzCi5OtRt0ZCZqcEcKGk=,ybTclvpe8n12drJRK+Vr0aNXq/M=
22,52,gMDBfaWxzCi5OtRt0ZCZqcEcKGk=,ybTclvpe8n12drJRK+Vr0aNXq/M=
31,48,gMDBfaWxzCi5OtRt0ZCZqcEcKGk=,ybTclvpe8n12drJRK+Vr0aNXq/M=
19,62,gMDBfaWxzCi5OtRt0ZCZqcEcKGk=,ybTclvpe8n12drJRK+Vr0aNXq/M=
23,52,gMDBfaWxzCi5OtRt0ZCZqcEcKGk=,ybTclvpe8n12drJRK+Vr0aNXq/M=
18,62,gMDBfaWxzCi5OtRt0ZCZqcEcKGk=,ybTclvpe8n12drJRK+Vr0aNXq/M=
17,62,gMDBfaWxzCi5OtRt0ZCZqcEcKGk=,ybTclvpe8n12drJRK+Vr0aNXq/M=
24,52,gMDBfaWxzCi5OtRt0ZCZqcEcKGk=,ybTclvpe8n12drJRK+Vr0aNXq/M=
16,62,gMDBfaWxzCi5OtRt0ZCZqcEcKGk=,ybTclvpe8n12drJRK+Vr0aNXq/M=
30,48,gMDBfaWxzCi5OtRt0ZCZqcEcKGk=,ybTclvpe8n12drJRK+Vr0aNXq/M=
25,52,gMDBfaWxzCi5OtRt0ZCZqcEcKGk=,ybTclvpe8n12drJRK+Vr0aNXq/M=
31,61,gMDBfaWxzCi5OtRt0ZCZqcEcKGk=,ybTclvpe8n12drJRK+Vr0aNXq/M=
30,61,gMDBfaWxzCi5OtRt0ZCZqcEcKGk=,ybTclvpe8n12drJRK+Vr0aNXq/M=
26,52,gMDBfaWxzCi5OtRt0ZCZqcEcKGk=,ybTclvpe8n12drJRK+Vr0aNXq/M=
27,52,gMDBfaWxzCi5OtRt0ZCZqcEcKGk=,ybTclvpe8n12drJRK+Vr0aNXq/M=
29,61,gMDBfaWxzCi5OtRt0ZCZqcEcKGk=,ybTclvpe8n12drJRK+Vr0aNXq/M=
28,61,gMDBfaWxzCi5OtRt0ZCZqcEcKGk=,ybTclvpe8n12drJRK+Vr0aNXq/M=
27,61,gMDBfaWxzCi5OtRt0ZCZqcEcKGk=,ybTclvpe8n12drJRK+Vr0aNXq/M=
28,52,gMDBfaWxzCi5OtRt0ZCZqcEcKGk=,ybTclvpe8n12drJRK+Vr0aNXq/M=
26,61,gMDBfaWxzCi5OtRt0ZCZqcEcKGk=,ybTclvpe8n12drJRK+Vr0aNXq/M=
25,61,gMDBfaWxzCi5OtRt0ZCZqcEcKGk=,ybTclvpe8n12drJRK+Vr0aNXq/M=
29,52,gMDBfaWxzCi5OtRt0ZCZqcEcKGk=,ybTclvpe8n12drJRK+Vr0aNXq/M=
24,61,gMDBfaWxzCi5OtRt0ZCZqcEcKGk=,ybTclvpe8n12drJRK+Vr0aNXq/M=
23,61,gMDBfaWxzCi5OtRt0ZCZqcEcKGk=,ybTclvpe8n12drJRK+Vr0aNXq/M=
30,52,gMDBfaWxzCi5OtRt0ZCZqcEcKGk=,ybTclvpe8n12drJRK+Vr0aNXq/M=
22,61,gMDBfaWxzCi5OtRt0ZCZqcEcKGk=,ybTclvpe8n12drJRK+Vr0aNXq/M=
31,52,gMDBfaWxzCi5OtRt0ZCZqcEcKGk=,ybTclvpe8n12drJRK+Vr0aNXq/M=
21,61,gMDBfaWxzCi5OtRt0ZCZqcEcKGk=,ybTclvpe8n12drJRK+Vr0aNXq/M=
16,53,gMDBfaWxzCi5OtRt0ZCZqcEcKGk=,ybTclvpe8n12drJRK+Vr0aNXq/M=
20,61,gMDBfaWxzCi5OtRt0ZCZqcEcKGk=,ybTclvpe8n12drJRK+Vr0aNXq/M=
21,48,gMDBfaWxzCi5OtRt0ZCZqcEcKGk=,ybTclvpe8n12drJRK+Vr0aNXq/M=
18,61,gMDBfaWxzCi5OtRt0ZCZqcEcKGk=,ybTclvpe8n12drJRK+Vr0aNXq/M=
17,61,gMDBfaWxzCi5OtRt0ZCZqcEcKGk=,ybTclvpe8n12drJRK+Vr0aNXq/M=
17,53,gMDBfaWxzCi5OtRt0ZCZqcEcKGk=,ybTclvpe8n12drJRK+Vr0aNXq/M=
19,61,gMDBfaWxzCi5OtRt0ZCZqcEcKGk=,ybTclvpe8n12drJRK+Vr0aNXq/M=
16,61,gMDBfaWxzCi5OtRt0ZCZqcEcKGk=,ybTclvpe8n12drJRK+Vr0aNXq/M=
31,60,gMDBfaWxzCi5OtRt0ZCZqcEcKGk=,ybTclvpe8n12drJRK+Vr0aNXq/M=
18,53,gMDBfaWxzCi5OtRt0ZCZqcEcKGk=,ybTclvpe8n12drJRK+Vr0aNXq/M=
30,60,gMDBfaWxzCi5OtRt0ZCZqcEcKGk=,ybTclvpe8n12drJRK+Vr0aNXq/M=
19,53,gMDBfaWxzCi5OtRt0ZCZqcEcKGk=,ybTclvpe8n12drJRK+Vr0aNXq/M=
29,60,gMDBfaWxzCi5OtRt0ZCZqcEcKGk=,ybTclvpe8n12drJRK+Vr0aNXq/M=
20,53,gMDBfaWxzCi5OtRt0ZCZqcEcKGk=,ybTclvpe8n12drJRK+Vr0aNXq/M=
29,48,gMDBfaWxzCi5OtRt0ZCZqcEcKGk=,ybTclvpe8n12drJRK+Vr0aNXq/M=
28,60,gMDBfaWxzCi5OtRt0ZCZqcEcKGk=,ybTclvpe8n12drJRK+Vr0aNXq/M=
26,60,gMDBfaWxzCi5OtRt0ZCZqcEcKGk=,ybTclvpe8n12drJRK+Vr0aNXq/M=
27,60,gMDBfaWxzCi5OtRt0ZCZqcEcKGk=,ybTclvpe8n12drJRK+Vr0aNXq/M=
21,53,gMDBfaWxzCi5OtRt0ZCZqcEcKGk=,ybTclvpe8n12drJRK+Vr0aNXq/M=
25,60,gMDBfaWxzCi5OtRt0ZCZqcEcKGk=,ybTclvpe8n12drJRK+Vr0aNXq/M=
22,53,gMDBfaWxzCi5OtRt0ZCZqcEcKGk=,ybTclvpe8n12drJRK+Vr0aNXq/M=
24,60,gMDBfaWxzCi5OtRt0ZCZqcEcKGk=,ybTclvpe8n12drJRK+Vr0aNXq/M=
22,60,gMDBfaWxzCi5OtRt0ZCZqcEcKGk=,ybTclvpe8n12drJRK+Vr0aNXq/M=
23,53,gMDBfaWxzCi5OtRt0ZCZqcEcKGk=,ybTclvpe8n12drJRK+Vr0aNXq/M=
23,60,gMDBfaWxzCi5OtRt0ZCZqcEcKGk=,ybTclvpe8n12drJRK+Vr0aNXq/M=
20,60,gMDBfaWxzCi5OtRt0ZCZqcEcKGk=,ybTclvpe8n12drJRK+Vr0aNXq/M=
21,60,gMDBfaWxzCi5OtRt0ZCZqcEcKGk=,ybTclvpe8n12drJRK+Vr0aNXq/M=
24,53,gMDBfaWxzCi5OtRt0ZCZqcEcKGk=,ybTclvpe8n12drJRK+Vr0aNXq/M=
19,60,gMDBfaWxzCi5OtRt0ZCZqcEcKGk=,ybTclvpe8n12drJRK+Vr0aNXq/M=
25,53,gMDBfaWxzCi5OtRt0ZCZqcEcKGk=,ybTclvpe8n12drJRK+Vr0aNXq/M=
18,60,gMDBfaWxzCi5OtRt0ZCZqcEcKGk=,ybTclvpe8n12drJRK+Vr0aNXq/M=
28,48,gMDBfaWxzCi5OtRt0ZCZqcEcKGk=,ybTclvpe8n12drJRK+Vr0aNXq/M=
17,60,gMDBfaWxzCi5OtRt0ZCZqcEcKGk=,ybTclvpe8n12drJRK+Vr0aNXq/M=
16,60,gMDBfaWxzCi5OtRt0ZCZqcEcKGk=,ybTclvpe8n12drJRK+Vr0aNXq/M=
26,53,gMDBfaWxzCi5OtRt0ZCZqcEcKGk=,ybTclvpe8n12drJRK+Vr0aNXq/M=
31,59,gMDBfaWxzCi5OtRt0ZCZqcEcKGk=,ybTclvpe8n12drJRK+Vr0aNXq/M=
27,53,gMDBfaWxzCi5OtRt0ZCZqcEcKGk=,ybTclvpe8n12drJRK+Vr0aNXq/M=
29,59,gMDBfaWxzCi5OtRt0ZCZqcEcKGk=,ybTclvpe8n12drJRK+Vr0aNXq/M=
30,59,gMDBfaWxzCi5OtRt0ZCZqcEcKGk=,ybTclvpe8n12drJRK+Vr0aNXq/M=
28,59,gMDBfaWxzCi5OtRt0ZCZqcEcKGk=,ybTclvpe8n12drJRK+Vr0aNXq/M=
27,59,gMDBfaWxzCi5OtRt0ZCZqcEcKGk=,ybTclvpe8n12drJRK+Vr0aNXq/M=
28,53,gMDBfaWxzCi5OtRt0ZCZqcEcKGk=,ybTclvpe8n12drJRK+Vr0aNXq/M=
25,59,gMDBfaWxzCi5OtRt0ZCZqcEcKGk=,ybTclvpe8n12drJRK+Vr0aNXq/M=
24,59,gMDBfaWxzCi5OtRt0ZCZqcEcKGk=,ybTclvpe8n12drJRK+Vr0aNXq/M=
26,59,gMDBfaWxzCi5OtRt0ZCZqcEcKGk=,ybTclvpe8n12drJRK+Vr0aNXq/M=
29,53,gMDBfaWxzCi5OtRt0ZCZqcEcKGk=,ybTclvpe8n12drJRK+Vr0aNXq/M=
21,59,gMDBfaWxzCi5OtRt0ZCZqcEcKGk=,ybTclvpe8n12drJRK+Vr0aNXq/M=
23,59,gMDBfaWxzCi5OtRt0ZCZqcEcKGk=,ybTclvpe8n12drJRK+Vr0aNXq/M=
22,59,gMDBfaWxzCi5OtRt0ZCZqcEcKGk=,ybTclvpe8n12drJRK+Vr0aNXq/M=
17,59,gMDBfaWxzCi5OtRt0ZCZqcEcKGk=,ybTclvpe8n12drJRK+Vr0aNXq/M=
30,53,gMDBfaWxzCi5OtRt0ZCZqcEcKGk=,ybTclvpe8n12drJRK+Vr0aNXq/M=
18,59,gMDBfaWxzCi5OtRt0ZCZqcEcKGk=,ybTclvpe8n12drJRK+Vr0aNXq/M=
27,48,gMDBfaWxzCi5OtRt0ZCZqcEcKGk=,ybTclvpe8n12drJRK+Vr0aNXq/M=
16,59,gMDBfaWxzCi5OtRt0ZCZqcEcKGk=,ybTclvpe8n12drJRK+Vr0aNXq/M=
20,59,gMDBfaWxzCi5OtRt0ZCZqcEcKGk=,ybTclvpe8n12drJRK+Vr0aNXq/M=
31,53,gMDBfaWxzCi5OtRt0ZCZqcEcKGk=,ybTclvpe8n12drJRK+Vr0aNXq/M=
29,58,gMDBfaWxzCi5OtRt0ZCZqcEcKGk=,ybTclvpe8n12drJRK+Vr0aNXq/M=
19,59,gMDBfaWxzCi5OtRt0ZCZqcEcKGk=,ybTclvpe8n12drJRK+Vr0aNXq/M=
31,58,gMDBfaWxzCi5OtRt0ZCZqcEcKGk=,ybTclvpe8n12drJRK+Vr0aNXq/M=
28,58,gMDBfaWxzCi5OtRt0ZCZqcEcKGk=,ybTclvpe8n12drJRK+Vr0aNXq/M=
27,58,gMDBfaWxzCi5OtRt0ZCZqcEcKGk=,ybTclvpe8n12drJRK+Vr0aNXq/M=
26,58,gMDBfaWxzCi5OtRt0ZCZqcEcKGk=,ybTclvpe8n12drJRK+Vr0aNXq/M=
16,54,gMDBfaWxzCi5OtRt0ZCZqcEcKGk=,ybTclvpe8n12drJRK+Vr0aNXq/M=
24,58,gMDBfaWxzCi5OtRt0ZCZqcEcKGk=,ybTclvpe8n12drJRK+Vr0aNXq/M=
30,58,gMDBfaWxzCi5OtRt0ZCZqcEcKGk=,ybTclvpe8n12drJRK+Vr0aNXq/M=
25,58,gMDBfaWxzCi5OtRt0ZCZqcEcKGk=,ybTclvpe8n12drJRK+Vr0aNXq/M=
23,58,gMDBfaWxzCi5OtRt0ZCZqcEcKGk=,ybTclvpe8n12drJRK+Vr0aNXq/M=
22,58,gMDBfaWxzCi5OtRt0ZCZqcEcKGk=,ybTclvpe8n12drJRK+Vr0aNXq/M=
21,58,gMDBfaWxzCi5OtRt0ZCZqcEcKGk=,ybTclvpe8n12drJRK+Vr0aNXq/M=
20,58,gMDBfaWxzCi5OtRt0ZCZqcEcKGk=,ybTclvpe8n12drJRK+Vr0aNXq/M=
22,48,gMDBfaWxzCi5OtRt0ZCZqcEcKGk=,ybTclvpe8n12drJRK+Vr0aNXq/M=
19,58,gMDBfaWxzCi5OtRt0ZCZqcEcKGk=,ybTclvpe8n12drJRK+Vr0aNXq/M=
17,58,gMDBfaWxzCi5OtRt0ZCZqcEcKGk=,ybTclvpe8n12drJRK+Vr0aNXq/M=
26,48,gMDBfaWxzCi5OtRt0ZCZqcEcKGk=,ybTclvpe8n12drJRK+Vr0aNXq/M=
18,58,gMDBfaWxzCi5OtRt0ZCZqcEcKGk=,ybTclvpe8n12drJRK+Vr0aNXq/M=
29,57,gMDBfaWxzCi5OtRt0ZCZqcEcKGk=,ybTclvpe8n12drJRK+Vr0aNXq/M=
17,54,gMDBfaWxzCi5OtRt0ZCZqcEcKGk=,ybTclvpe8n12drJRK+Vr0aNXq/M=
31,57,gMDBfaWxzCi5OtRt0ZCZqcEcKGk=,ybTclvpe8n12drJRK+Vr0aNXq/M=
30,57,gMDBfaWxzCi5OtRt0ZCZqcEcKGk=,ybTclvpe8n12drJRK+Vr0aNXq/M=
27,57,gMDBfaWxzCi5OtRt0ZCZqcEcKGk=,ybTclvpe8n12drJRK+Vr0aNXq/M=
28,57,gMDBfaWxzCi5OtRt0ZCZqcEcKGk=,ybTclvpe8n12drJRK+Vr0aNXq/M=
16,58,gMDBfaWxzCi5OtRt0ZCZqcEcKGk=,ybTclvpe8n12drJRK+Vr0aNXq/M=
23,57,gMDBfaWxzCi5OtRt0ZCZqcEcKGk=,ybTclvpe8n12drJRK+Vr0aNXq/M=
26,57,gMDBfaWxzCi5OtRt0ZCZqcEcKGk=,ybTclvpe8n12drJRK+Vr0aNXq/M=
25,57,gMDBfaWxzCi5OtRt0ZCZqcEcKGk=,ybTclvpe8n12drJRK+Vr0aNXq/M=
24,57,gMDBfaWxzCi5OtRt0ZCZqcEcKGk=,ybTclvpe8n12drJRK+Vr0aNXq/M=
18,54,gMDBfaWxzCi5OtRt0ZCZqcEcKGk=,ybTclvpe8n12drJRK+Vr0aNXq/M=
20,57,gMDBfaWxzCi5OtRt0ZCZqcEcKGk=,ybTclvpe8n12drJRK+Vr0aNXq/M=
19,57,gMDBfaWxzCi5OtRt0ZCZqcEcKGk=,ybTclvpe8n12drJRK+Vr0aNXq/M=
21,57,gMDBfaWxzCi5OtRt0ZCZqcEcKGk=,ybTclvpe8n12drJRK+Vr0aNXq/M=
22,57,gMDBfaWxzCi5OtRt0ZCZqcEcKGk=,ybTclvpe8n12drJRK+Vr0aNXq/M=
18,57,gMDBfaWxzCi5OtRt0ZCZqcEcKGk=,ybTclvpe8n12drJRK+Vr0aNXq/M=
17,57,gMDBfaWxzCi5OtRt0ZCZqcEcKGk=,ybTclvpe8n12drJRK+Vr0aNXq/M=
25,48,gMDBfaWxzCi5OtRt0ZCZqcEcKGk=,ybTclvpe8n12drJRK+Vr0aNXq/M=
16,57,gMDBfaWxzCi5OtRt0ZCZqcEcKGk=,ybTclvpe8n12drJRK+Vr0aNXq/M=
19,54,gMDBfaWxzCi5OtRt0ZCZqcEcKGk=,ybTclvpe8n12drJRK+Vr0aNXq/M=
31,56,gMDBfaWxzCi5OtRt0ZCZqcEcKGk=,ybTclvpe8n12drJRK+Vr0aNXq/M=
25,56,gMDBfaWxzCi5OtRt0ZCZqcEcKGk=,ybTclvpe8n12drJRK+Vr0aNXq/M=
30,56,gMDBfaWxzCi5OtRt0ZCZqcEcKGk=,ybTclvpe8n12drJRK+Vr0aNXq/M=
28,56,gMDBfaWxzCi5OtRt0ZCZqcEcKGk=,ybTclvpe8n12drJRK+Vr0aNXq/M=
29,56,gMDBfaWxzCi5OtRt0ZCZqcEcKGk=,ybTclvpe8n12drJRK+Vr0aNXq/M=
27,56,gMDBfaWxzCi5OtRt0ZCZqcEcKGk=,ybTclvpe8n12drJRK+Vr0aNXq/M=
26,56,gMDBfaWxzCi5OtRt0ZCZqcEcKGk=,ybTclvpe8n12drJRK+Vr0aNXq/M=
23,56,gMDBfaWxzCi5OtRt0ZCZqcEcKGk=,ybTclvpe8n12drJRK+Vr0aNXq/M=
22,56,gMDBfaWxzCi5OtRt0ZCZqcEcKGk=,ybTclvpe8n12drJRK+Vr0aNXq/M=
20,54,gMDBfaWxzCi5OtRt0ZCZqcEcKGk=,ybTclvpe8n12drJRK+Vr0aNXq/M=
24,56,gMDBfaWxzCi5OtRt0ZCZqcEcKGk=,ybTclvpe8n12drJRK+Vr0aNXq/M=
20,56,gMDBfaWxzCi5OtRt0ZCZqcEcKGk=,ybTclvpe8n12drJRK+Vr0aNXq/M=
19,56,gMDBfaWxzCi5OtRt0ZCZqcEcKGk=,ybTclvpe8n12drJRK+Vr0aNXq/M=
21,56,gMDBfaWxzCi5OtRt0ZCZqcEcKGk=,ybTclvpe8n12drJRK+Vr0aNXq/M=
18,56,gMDBfaWxzCi5OtRt0ZCZqcEcKGk=,ybTclvpe8n12drJRK+Vr0aNXq/M=
16,56,gMDBfaWxzCi5OtRt0ZCZqcEcKGk=,ybTclvpe8n12drJRK+Vr0aNXq/M=
24,48,gMDBfaWxzCi5OtRt0ZCZqcEcKGk=,ybTclvpe8n12drJRK+Vr0aNXq/M=
21,54,gMDBfaWxzCi5OtRt0ZCZqcEcKGk=,ybTclvpe8n12drJRK+Vr0aNXq/M=
17,56,gMDBfaWxzCi5OtRt0ZCZqcEcKGk=,ybTclvpe8n12drJRK+Vr0aNXq/M=
31,55,gMDBfaWxzCi5OtRt0ZCZqcEcKGk=,ybTclvpe8n12drJRK+Vr0aNXq/M=
30,55,gMDBfaWxzCi5OtRt0ZCZqcEcKGk=,ybTclvpe8n12drJRK+Vr0aNXq/M=
28,55,gMDBfaWxzCi5OtRt0ZCZqcEcKGk=,ybTclvpe8n12drJRK+Vr0aNXq/M=
27,55,gMDBfaWxzCi5OtRt0ZCZqcEcKGk=,ybTclvpe8n12drJRK+Vr0aNXq/M=
29,55,gMDBfaWxzCi5OtRt0ZCZqcEcKGk=,ybTclvpe8n12drJRK+Vr0aNXq/M=
26,55,gMDBfaWxzCi5OtRt0ZCZqcEcKGk=,ybTclvpe8n12drJRK+Vr0aNXq/M=
22,55,gMDBfaWxzCi5OtRt0ZCZqcEcKGk=,ybTclvpe8n12drJRK+Vr0aNXq/M=
24,55,gMDBfaWxzCi5OtRt0ZCZqcEcKGk=,ybTclvpe8n12drJRK+Vr0aNXq/M=
25,55,gMDBfaWxzCi5OtRt0ZCZqcEcKGk=,ybTclvpe8n12drJRK+Vr0aNXq/M=
23,55,gMDBfaWxzCi5OtRt0ZCZqcEcKGk=,ybTclvpe8n12drJRK+Vr0aNXq/M=
21,55,gMDBfaWxzCi5OtRt0ZCZqcEcKGk=,ybTclvpe8n12drJRK+Vr0aNXq/M=
22,54,gMDBfaWxzCi5OtRt0ZCZqcEcKGk=,ybTclvpe8n12drJRK+Vr0aNXq/M=
20,55,gMDBfaWxzCi5OtRt0ZCZqcEcKGk=,ybTclvpe8n12drJRK+Vr0aNXq/M=
19,55,gMDBfaWxzCi5OtRt0ZCZqcEcKGk=,ybTclvpe8n12drJRK+Vr0aNXq/M=
18,55,gMDBfaWxzCi5OtRt0ZCZqcEcKGk=,ybTclvpe8n12drJRK+Vr0aNXq/M=
17,55,gMDBfaWxzCi5OtRt0ZCZqcEcKGk=,ybTclvpe8n12drJRK+Vr0aNXq/M=
23,48,gMDBfaWxzCi5OtRt0ZCZqcEcKGk=,ybTclvpe8n12drJRK+Vr0aNXq/M=
16,55,gMDBfaWxzCi5OtRt0ZCZqcEcKGk=,ybTclvpe8n12drJRK+Vr0aNXq/M=
23,54,gMDBfaWxzCi5OtRt0ZCZqcEcKGk=,ybTclvpe8n12drJRK+Vr0aNXq/M=
29,54,gMDBfaWxzCi5OtRt0ZCZqcEcKGk=,ybTclvpe8n12drJRK+Vr0aNXq/M=
28,54,gMDBfaWxzCi5OtRt0ZCZqcEcKGk=,ybTclvpe8n12drJRK+Vr0aNXq/M=
31,54,gMDBfaWxzCi5OtRt0ZCZqcEcKGk=,ybTclvpe8n12drJRK+Vr0aNXq/M=
30,54,gMDBfaWxzCi5OtRt0ZCZqcEcKGk=,ybTclvpe8n12drJRK+Vr0aNXq/M=
26,54,gMDBfaWxzCi5OtRt0ZCZqcEcKGk=,ybTclvpe8n12drJRK+Vr0aNXq/M=
27,54,gMDBfaWxzCi5OtRt0ZCZqcEcKGk=,ybTclvpe8n12drJRK+Vr0aNXq/M=
24,54,gMDBfaWxzCi5OtRt0ZCZqcEcKGk=,ybTclvpe8n12drJRK+Vr0aNXq/M=
25,54,gMDBfaWxzCi5OtRt0ZCZqcEcKGk=,ybTclvpe8n12drJRK+Vr0aNXq/M=
