33,-63,7RWR86i5D09TkNhWB1nkOgH6KCQ=,XLQ2D/G612HxDa5EPQ2MtA7gi40=
34,-63,7RWR86i5D09TkNhWB1nkOgH6KCQ=,XLQ2D/G612HxDa5EPQ2MtA7gi40=
32,-63,7RWR86i5D09TkNhWB1nkOgH6KCQ=,XLQ2D/G612HxDa5EPQ2MtA7gi40=
35,-63,7RWR86i5D09TkNhWB1nkOgH6KCQ=,XLQ2D/G612HxDa5EPQ2MtA7gi40=
36,-63,qozMCMMBtutFeJjGPM/mMYf+b1w=,XLQ2D/G612HxDa5EPQ2MtA7gi40=
47,-64,7RWR86i5D09TkNhWB1nkOgH6KCQ=,XLQ2D/G612HxDa5EPQ2MtA7gi40=
37,-63,qozMCMMBtutFeJjGPM/mMYf+b1w=,XLQ2D/G612HxDa5EPQ2MtA7gi40=
46,-64,7RWR86i5D09TkNhWB1nkOgH6KCQ=,XLQ2D/G612HxDa5EPQ2MtA7gi40=
38,-63,7UZ/ZgInqgDRTiBSlJpG5x1TKCo=,XLQ2D/G612HxDa5EPQ2MtA7gi40=
45,-64,7RWR86i5D09TkNhWB1nkOgH6KCQ=,XLQ2D/G612HxDa5EPQ2MtA7gi40=
39,-63,7UZ/ZgInqgDRTiBSlJpG5x1TKCo=,XLQ2D/G612HxDa5EPQ2MtA7gi40=
44,-64,7RWR86i5D09TkNhWB1nkOgH6KCQ=,XLQ2D/G612HxDa5EPQ2MtA7gi40=
40,-63,7UZ/ZgInqgDRTiBSlJpG5x1TKCo=,XLQ2D/G612HxDa5EPQ2MtA7gi40=
43,-64,7RWR86i5D09TkNhWB1nkOgH6KCQ=,XLQ2D/G612HxDa5EPQ2MtA7gi40=
41,-63,7UZ/ZgInqgDRTiBSlJpG5x1TKCo=,XLQ2D/G612HxDa5EPQ2MtA7gi40=
42,-63,7UZ/ZgInqgDRTiBSlJpG5x1TKCo=,XLQ2D/G612HxDa5EPQ2MtA7gi40=
43,-63,7UZ/ZgInqgDRTiBSlJpG5x1TKCo=,XLQ2D/G612HxDa5EPQ2MtA7gi40=
42,-64,7RWR86i5D09TkNhWB1nkOgH6KCQ=,XLQ2D/G612HxDa5EPQ2MtA7gi40=
44,-63,7UZ/ZgInqgDRTiBSlJpG5x1TKCo=,XLQ2D/G612HxDa5EPQ2MtA7gi40=
40,-64,7RWR86i5D09TkNhWB1nkOgH6KCQ=,XLQ2D/G612HxDa5EPQ2MtA7gi40=
45,-63,7UZ/ZgInqgDRTiBSlJpG5x1TKCo=,XLQ2D/G612HxDa5EPQ2MtA7gi40=
41,-64,7RWR86i5D09TkNhWB1nkOgH6KCQ=,XLQ2D/G612HxDa5EPQ2MtA7gi40=
39,-64,7RWR86i5D09TkNhWB1nkOgH6KCQ=,XLQ2D/G612HxDa5EPQ2MtA7gi40=
46,-63,7UZ/ZgInqgDRTiBSlJpG5x1TKCo=,XLQ2D/G612HxDa5EPQ2MtA7gi40=
37,-64,7RWR86i5D09TkNhWB1nkOgH6KCQ=,XLQ2D/G612HxDa5EPQ2MtA7gi40=
47,-63,7UZ/ZgInqgDRTiBSlJpG5x1TKCo=,XLQ2D/G612HxDa5EPQ2MtA7gi40=
36,-64,7RWR86i5D09TkNhWB1nkOgH6KCQ=,XLQ2D/G612HxDa5EPQ2MtA7gi40=
32,-62,7UZ/ZgInqgDRTiBSlJpG5x1TKCo=,XLQ2D/G612HxDa5EPQ2MtA7gi40=
35,-64,7RWR86i5D09TkNhWB1nkOgH6KCQ=,XLQ2D/G612HxDa5EPQ2MtA7gi40=
34,-64,7RWR86i5D09TkNhWB1nkOgH6KCQ=,XLQ2D/G612HxDa5EPQ2MtA7gi40=
33,-62,7UZ/ZgInqgDRTiBSlJpG5x1TKCo=,XLQ2D/G612HxDa5EPQ2MtA7gi40=
32,-64,7RWR86i5D09TkNhWB1nkOgH6KCQ=,XLQ2D/G612HxDa5EPQ2MtA7gi40=
34,-62,7UZ/ZgInqgDRTiBSlJpG5x1TKCo=,XLQ2D/G612HxDa5EPQ2MtA7gi40=
38,-64,7RWR86i5D09TkNhWB1nkOgH6KCQ=,XLQ2D/G612HxDa5EPQ2MtA7gi40=
33,-64,7RWR86i5D09TkNhWB1nkOgH6KCQ=,XLQ2D/G612HxDa5EPQ2MtA7gi40=
35,-62,znTHO0uuNmr/DlgnNdlF3xjNvGE=,XLQ2D/G612HxDa5EPQ2MtA7gi40=
36,-62,znTHO0uuNmr/DlgnNdlF3xjNvGE=,XLQ2D/G612HxDa5EPQ2MtA7gi40=
43,-49,7RWR86i5D09TkNhWB1nkOgH6KCQ=,XLQ2D/G612HxDa5EPQ2MtA7gi40=
37,-62,znTHO0uuNmr/DlgnNdlF3xjNvGE=,XLQ2D/G612HxDa5EPQ2MtA7gi40=
38,-62,znTHO0uuNmr/DlgnNdlF3xjNvGE=,XLQ2D/G612HxDa5EPQ2MtA7gi40=
39,-62,znTHO0uuNmr/DlgnNdlF3xjNvGE=,XLQ2D/G612HxDa5EPQ2MtA7gi40=
40,-62,znTHO0uuNmr/DlgnNdlF3xjNvGE=,XLQ2D/G612HxDa5EPQ2MtA7gi40=
41,-62,znTHO0uuNmr/DlgnNdlF3xjNvGE=,XLQ2D/G612HxDa5EPQ2MtA7gi40=
42,-62,znTHO0uuNmr/DlgnNdlF3xjNvGE=,XLQ2D/G612HxDa5EPQ2MtA7gi40=
43,-62,znTHO0uuNmr/DlgnNdlF3xjNvGE=,XLQ2D/G612HxDa5EPQ2MtA7gi40=
44,-62,znTHO0uuNmr/DlgnNdlF3xjNvGE=,XLQ2D/G612HxDa5EPQ2MtA7gi40=
45,-62,znTHO0uuNmr/DlgnNdlF3xjNvGE=,XLQ2D/G612HxDa5EPQ2MtA7gi40=
46,-62,znTHO0uuNmr/DlgnNdlF3xjNvGE=,XLQ2D/G612HxDa5EPQ2MtA7gi40=
47,-62,znTHO0uuNmr/DlgnNdlF3xjNvGE=,XLQ2D/G612HxDa5EPQ2MtA7gi40=
32,-61,znTHO0uuNmr/DlgnNdlF3xjNvGE=,XLQ2D/G612HxDa5EPQ2MtA7gi40=
33,-61,znTHO0uuNmr/DlgnNdlF3xjNvGE=,XLQ2D/G612HxDa5EPQ2MtA7gi40=
34,-61,znTHO0uuNmr/DlgnNdlF3xjNvGE=,XLQ2D/G612HxDa5EPQ2MtA7gi40=
35,-61,znTHO0uuNmr/DlgnNdlF3xjNvGE=,XLQ2D/G612HxDa5EPQ2MtA7gi40=
36,-61,znTHO0uuNmr/DlgnNdlF3xjNvGE=,XLQ2D/G612HxDa5EPQ2MtA7gi40=
37,-61,znTHO0uuNmr/DlgnNdlF3xjNvGE=,XLQ2D/G612HxDa5EPQ2MtA7gi40=
40,-49,qozMCMMBtutFeJjGPM/mMYf+b1w=,XLQ2D/G612HxDa5EPQ2MtA7gi40=
39,-49,7RWR86i5D09TkNhWB1nkOgH6KCQ=,XLQ2D/G612HxDa5EPQ2MtA7gi40=
38,-49,qozMCMMBtutFeJjGPM/mMYf+b1w=,XLQ2D/G612HxDa5EPQ2MtA7gi40=
37,-49,qozMCMMBtutFeJjGPM/mMYf+b1w=,XLQ2D/G612HxDa5EPQ2MtA7gi40=
36,-49,qozMCMMBtutFeJjGPM/mMYf+b1w=,XLQ2D/G612HxDa5EPQ2MtA7gi40=
32,-49,7RWR86i5D09TkNhWB1nkOgH6KCQ=,XLQ2D/G612HxDa5EPQ2MtA7gi40=
45,-49,7RWR86i5D09TkNhWB1nkOgH6KCQ=,XLQ2D/G612HxDa5EPQ2MtA7gi40=
46,-50,qozMCMMBtutFeJjGPM/mMYf+b1w=,XLQ2D/G612HxDa5EPQ2MtA7gi40=
45,-50,qozMCMMBtutFeJjGPM/mMYf+b1w=,XLQ2D/G612HxDa5EPQ2MtA7gi40=
34,-49,7RWR86i5D09TkNhWB1nkOgH6KCQ=,XLQ2D/G612HxDa5EPQ2MtA7gi40=
43,-50,7RWR86i5D09TkNhWB1nkOgH6KCQ=,XLQ2D/G612HxDa5EPQ2MtA7gi40=
44,-49,7RWR86i5D09TkNhWB1nkOgH6KCQ=,XLQ2D/G612HxDa5EPQ2MtA7gi40=
41,-50,7RWR86i5D09TkNhWB1nkOgH6KCQ=,XLQ2D/G612HxDa5EPQ2MtA7gi40=
40,-50,qozMCMMBtutFeJjGPM/mMYf+b1w=,XLQ2D/G612HxDa5EPQ2MtA7gi40=
39,-50,qozMCMMBtutFeJjGPM/mMYf+b1w=,XLQ2D/G612HxDa5EPQ2MtA7gi40=
35,-49,7RWR86i5D09TkNhWB1nkOgH6KCQ=,XLQ2D/G612HxDa5EPQ2MtA7gi40=
42,-50,7RWR86i5D09TkNhWB1nkOgH6KCQ=,XLQ2D/G612HxDa5EPQ2MtA7gi40=
33,-49,7RWR86i5D09TkNhWB1nkOgH6KCQ=,XLQ2D/G612HxDa5EPQ2MtA7gi40=
41,-49,7RWR86i5D09TkNhWB1nkOgH6KCQ=,XLQ2D/G612HxDa5EPQ2MtA7gi40=
38,-61,znTHO0uuNmr/DlgnNdlF3xjNvGE=,XLQ2D/G612HxDa5EPQ2MtA7gi40=
39,-61,znTHO0uuNmr/DlgnNdlF3xjNvGE=,XLQ2D/G612HxDa5EPQ2MtA7gi40=
40,-61,znTHO0uuNmr/DlgnNdlF3xjNvGE=,XLQ2D/G612HxDa5EPQ2MtA7gi40=
41,-61,znTHO0uuNmr/DlgnNdlF3xjNvGE=,XLQ2D/G612HxDa5EPQ2MtA7gi40=
42,-61,znTHO0uuNmr/DlgnNdlF3xjNvGE=,XLQ2D/G612HxDa5EPQ2MtA7gi40=
43,-61,znTHO0uuNmr/DlgnNdlF3xjNvGE=,XLQ2D/G612HxDa5EPQ2MtA7gi40=
44,-61,znTHO0uuNmr/DlgnNdlF3xjNvGE=,XLQ2D/G612HxDa5EPQ2MtA7gi40=
45,-61,znTHO0uuNmr/DlgnNdlF3xjNvGE=,XLQ2D/G612HxDa5EPQ2MtA7gi40=
46,-61,znTHO0uuNmr/DlgnNdlF3xjNvGE=,XLQ2D/G612HxDa5EPQ2MtA7gi40=
47,-61,znTHO0uuNmr/DlgnNdlF3xjNvGE=,XLQ2D/G612HxDa5EPQ2MtA7gi40=
32,-60,znTHO0uuNmr/DlgnNdlF3xjNvGE=,XLQ2D/G612HxDa5EPQ2MtA7gi40=
33,-60,znTHO0uuNmr/DlgnNdlF3xjNvGE=,XLQ2D/G612HxDa5EPQ2MtA7gi40=
34,-60,znTHO0uuNmr/DlgnNdlF3xjNvGE=,XLQ2D/G612HxDa5EPQ2MtA7gi40=
35,-60,znTHO0uuNmr/DlgnNdlF3xjNvGE=,XLQ2D/G612HxDa5EPQ2MtA7gi40=
42,-49,7RWR86i5D09TkNhWB1nkOgH6KCQ=,XLQ2D/G612HxDa5EPQ2MtA7gi40=
44,-50,qozMCMMBtutFeJjGPM/mMYf+b1w=,XLQ2D/G612HxDa5EPQ2MtA7gi40=
32,-50,qozMCMMBtutFeJjGPM/mMYf+b1w=,XLQ2D/G612HxDa5EPQ2MtA7gi40=
46,-49,7RWR86i5D09TkNhWB1nkOgH6KCQ=,XLQ2D/G612HxDa5EPQ2MtA7gi40=
46,-51,qozMCMMBtutFeJjGPM/mMYf+b1w=,XLQ2D/G612HxDa5EPQ2MtA7gi40=
45,-51,qozMCMMBtutFeJjGPM/mMYf+b1w=,XLQ2D/G612HxDa5EPQ2MtA7gi40=
35,-50,qozMCMMBtutFeJjGPM/mMYf+b1w=,XLQ2D/G612HxDa5EPQ2MtA7gi40=
43,-51,qozMCMMBtutFeJjGPM/mMYf+b1w=,XLQ2D/G612HxDa5EPQ2MtA7gi40=
34,-50,qozMCMMBtutFeJjGPM/mMYf+b1w=,XLQ2D/G612HxDa5EPQ2MtA7gi40=
42,-51,qozMCMMBtutFeJjGPM/mMYf+b1w=,XLQ2D/G612HxDa5EPQ2MtA7gi40=
40,-51,qozMCMMBtutFeJjGPM/mMYf+b1w=,XLQ2D/G612HxDa5EPQ2MtA7gi40=
39,-51,qozMCMMBtutFeJjGPM/mMYf+b1w=,XLQ2D/G612HxDa5EPQ2MtA7gi40=
38,-51,qozMCMMBtutFeJjGPM/mMYf+b1w=,XLQ2D/G612HxDa5EPQ2MtA7gi40=
41,-51,qozMCMMBtutFeJjGPM/mMYf+b1w=,XLQ2D/G612HxDa5EPQ2MtA7gi40=
36,-51,qozMCMMBtutFeJjGPM/mMYf+b1w=,XLQ2D/G612HxDa5EPQ2MtA7gi40=
35,-51,qozMCMMBtutFeJjGPM/mMYf+b1w=,XLQ2D/G612HxDa5EPQ2MtA7gi40=
47,-50,qozMCMMBtutFeJjGPM/mMYf+b1w=,XLQ2D/G612HxDa5EPQ2MtA7gi40=
37,-50,qozMCMMBtutFeJjGPM/mMYf+b1w=,XLQ2D/G612HxDa5EPQ2MtA7gi40=
47,-52,qozMCMMBtutFeJjGPM/mMYf+b1w=,XLQ2D/G612HxDa5EPQ2MtA7gi40=
46,-52,qozMCMMBtutFeJjGPM/mMYf+b1w=,XLQ2D/G612HxDa5EPQ2MtA7gi40=
45,-52,qozMCMMBtutFeJjGPM/mMYf+b1w=,XLQ2D/G612HxDa5EPQ2MtA7gi40=
36,-50,qozMCMMBtutFeJjGPM/mMYf+b1w=,XLQ2D/G612HxDa5EPQ2MtA7gi40=
47,-49,7RWR86i5D09TkNhWB1nkOgH6KCQ=,XLQ2D/G612HxDa5EPQ2MtA7gi40=
38,-50,qozMCMMBtutFeJjGPM/mMYf+b1w=,XLQ2D/G612HxDa5EPQ2MtA7gi40=
41,-52,qozMCMMBtutFeJjGPM/mMYf+b1w=,XLQ2D/G612HxDa5EPQ2MtA7gi40=
40,-52,qozMCMMBtutFeJjGPM/mMYf+b1w=,XLQ2D/G612HxDa5EPQ2MtA7gi40=
39,-52,qozMCMMBtutFeJjGPM/mMYf+b1w=,XLQ2D/G612HxDa5EPQ2MtA7gi40=
42,-52,qozMCMMBtutFeJjGPM/mMYf+b1w=,XLQ2D/G612HxDa5EPQ2MtA7gi40=
37,-52,qozMCMMBtutFeJjGPM/mMYf+b1w=,XLQ2D/G612HxDa5EPQ2MtA7gi40=
34,-51,qozMCMMBtutFeJjGPM/mMYf+b1w=,XLQ2D/G612HxDa5EPQ2MtA7gi40=
36,-52,qozMCMMBtutFeJjGPM/mMYf+b1w=,XLQ2D/G612HxDa5EPQ2MtA7gi40=
36,-60,znTHO0uuNmr/DlgnNdlF3xjNvGE=,XLQ2D/G612HxDa5EPQ2MtA7gi40=
35,-52,qozMCMMBtutFeJjGPM/mMYf+b1w=,XLQ2D/G612HxDa5EPQ2MtA7gi40=
37,-51,qozMCMMBtutFeJjGPM/mMYf+b1w=,XLQ2D/G612HxDa5EPQ2MtA7gi40=
33,-50,qozMCMMBtutFeJjGPM/mMYf+b1w=,XLQ2D/G612HxDa5EPQ2MtA7gi40=
47,-53,qozMCMMBtutFeJjGPM/mMYf+b1w=,XLQ2D/G612HxDa5EPQ2MtA7gi40=
44,-51,qozMCMMBtutFeJjGPM/mMYf+b1w=,XLQ2D/G612HxDa5EPQ2MtA7gi40=
46,-53,qozMCMMBtutFeJjGPM/mMYf+b1w=,XLQ2D/G612HxDa5EPQ2MtA7gi40=
45,-53,qozMCMMBtutFeJjGPM/mMYf+b1w=,XLQ2D/G612HxDa5EPQ2MtA7gi40=
44,-53,qozMCMMBtutFeJjGPM/mMYf+b1w=,XLQ2D/G612HxDa5EPQ2MtA7gi40=
47,-51,qozMCMMBtutFeJjGPM/mMYf+b1w=,XLQ2D/G612HxDa5EPQ2MtA7gi40=
32,-51,qozMCMMBtutFeJjGPM/mMYf+b1w=,XLQ2D/G612HxDa5EPQ2MtA7gi40=
40,-53,qozMCMMBtutFeJjGPM/mMYf+b1w=,XLQ2D/G612HxDa5EPQ2MtA7gi40=
39,-53,qozMCMMBtutFeJjGPM/mMYf+b1w=,XLQ2D/G612HxDa5EPQ2MtA7gi40=
38,-53,qozMCMMBtutFeJjGPM/mMYf+b1w=,XLQ2D/G612HxDa5EPQ2MtA7gi40=
34,-52,qozMCMMBtutFeJjGPM/mMYf+b1w=,XLQ2D/G612HxDa5EPQ2MtA7gi40=
33,-51,qozMCMMBtutFeJjGPM/mMYf+b1w=,XLQ2D/G612HxDa5EPQ2MtA7gi40=
43,-52,qozMCMMBtutFeJjGPM/mMYf+b1w=,XLQ2D/G612HxDa5EPQ2MtA7gi40=
34,-53,qozMCMMBtutFeJjGPM/mMYf+b1w=,XLQ2D/G612HxDa5EPQ2MtA7gi40=
36,-53,qozMCMMBtutFeJjGPM/mMYf+b1w=,XLQ2D/G612HxDa5EPQ2MtA7gi40=
33,-53,qozMCMMBtutFeJjGPM/mMYf+b1w=,XLQ2D/G612HxDa5EPQ2MtA7gi40=
32,-53,qozMCMMBtutFeJjGPM/mMYf+b1w=,XLQ2D/G612HxDa5EPQ2MtA7gi40=
47,-54,qozMCMMBtutFeJjGPM/mMYf+b1w=,XLQ2D/G612HxDa5EPQ2MtA7gi40=
46,-54,qozMCMMBtutFeJjGPM/mMYf+b1w=,XLQ2D/G612HxDa5EPQ2MtA7gi40=
45,-54,qozMCMMBtutFeJjGPM/mMYf+b1w=,XLQ2D/G612HxDa5EPQ2MtA7gi40=
44,-54,qozMCMMBtutFeJjGPM/mMYf+b1w=,XLQ2D/G612HxDa5EPQ2MtA7gi40=
43,-54,qozMCMMBtutFeJjGPM/mMYf+b1w=,XLQ2D/G612HxDa5EPQ2MtA7gi40=
42,-54,qozMCMMBtutFeJjGPM/mMYf+b1w=,XLQ2D/G612HxDa5EPQ2MtA7gi40=
44,-52,qozMCMMBtutFeJjGPM/mMYf+b1w=,XLQ2D/G612HxDa5EPQ2MtA7gi40=
40,-54,qozMCMMBtutFeJjGPM/mMYf+b1w=,XLQ2D/G612HxDa5EPQ2MtA7gi40=
32,-52,qozMCMMBtutFeJjGPM/mMYf+b1w=,XLQ2D/G612HxDa5EPQ2MtA7gi40=
38,-54,qozMCMMBtutFeJjGPM/mMYf+b1w=,XLQ2D/G612HxDa5EPQ2MtA7gi40=
37,-54,qozMCMMBtutFeJjGPM/mMYf+b1w=,XLQ2D/G612HxDa5EPQ2MtA7gi40=
39,-54,qozMCMMBtutFeJjGPM/mMYf+b1w=,XLQ2D/G612HxDa5EPQ2MtA7gi40=
35,-54,7UZ/ZgInqgDRTiBSlJpG5x1TKCo=,XLQ2D/G612HxDa5EPQ2MtA7gi40=
36,-54,qozMCMMBtutFeJjGPM/mMYf+b1w=,XLQ2D/G612HxDa5EPQ2MtA7gi40=
33,-54,7UZ/ZgInqgDRTiBSlJpG5x1TKCo=,XLQ2D/G612HxDa5EPQ2MtA7gi40=
32,-54,qozMCMMBtutFeJjGPM/mMYf+b1w=,XLQ2D/G612HxDa5EPQ2MtA7gi40=
47,-55,qozMCMMBtutFeJjGPM/mMYf+b1w=,XLQ2D/G612HxDa5EPQ2MtA7gi40=
46,-55,qozMCMMBtutFeJjGPM/mMYf+b1w=,XLQ2D/G612HxDa5EPQ2MtA7gi40=
45,-55,qozMCMMBtutFeJjGPM/mMYf+b1w=,XLQ2D/G612HxDa5EPQ2MtA7gi40=
44,-55,7UZ/ZgInqgDRTiBSlJpG5x1TKCo=,XLQ2D/G612HxDa5EPQ2MtA7gi40=
43,-55,7UZ/ZgInqgDRTiBSlJpG5x1TKCo=,XLQ2D/G612HxDa5EPQ2MtA7gi40=
42,-55,7UZ/ZgInqgDRTiBSlJpG5x1TKCo=,XLQ2D/G612HxDa5EPQ2MtA7gi40=
41,-53,qozMCMMBtutFeJjGPM/mMYf+b1w=,XLQ2D/G612HxDa5EPQ2MtA7gi40=
40,-55,qozMCMMBtutFeJjGPM/mMYf+b1w=,XLQ2D/G612HxDa5EPQ2MtA7gi40=
39,-55,7UZ/ZgInqgDRTiBSlJpG5x1TKCo=,XLQ2D/G612HxDa5EPQ2MtA7gi40=
38,-55,7UZ/ZgInqgDRTiBSlJpG5x1TKCo=,XLQ2D/G612HxDa5EPQ2MtA7gi40=
37,-55,7UZ/ZgInqgDRTiBSlJpG5x1TKCo=,XLQ2D/G612HxDa5EPQ2MtA7gi40=
42,-53,qozMCMMBtutFeJjGPM/mMYf+b1w=,XLQ2D/G612HxDa5EPQ2MtA7gi40=
38,-52,qozMCMMBtutFeJjGPM/mMYf+b1w=,XLQ2D/G612HxDa5EPQ2MtA7gi40=
33,-55,7UZ/ZgInqgDRTiBSlJpG5x1TKCo=,XLQ2D/G612HxDa5EPQ2MtA7gi40=
32,-55,7UZ/ZgInqgDRTiBSlJpG5x1TKCo=,XLQ2D/G612HxDa5EPQ2MtA7gi40=
47,-56,7UZ/ZgInqgDRTiBSlJpG5x1TKCo=,XLQ2D/G612HxDa5EPQ2MtA7gi40=
46,-56,7UZ/ZgInqgDRTiBSlJpG5x1TKCo=,XLQ2D/G612HxDa5EPQ2MtA7gi40=
33,-52,qozMCMMBtutFeJjGPM/mMYf+b1w=,XLQ2D/G612HxDa5EPQ2MtA7gi40=
45,-56,7UZ/ZgInqgDRTiBSlJpG5x1TKCo=,XLQ2D/G612HxDa5EPQ2MtA7gi40=
44,-56,7UZ/ZgInqgDRTiBSlJpG5x1TKCo=,XLQ2D/G612HxDa5EPQ2MtA7gi40=
43,-56,7UZ/ZgInqgDRTiBSlJpG5x1TKCo=,XLQ2D/G612HxDa5EPQ2MtA7gi40=
42,-56,7UZ/ZgInqgDRTiBSlJpG5x1TKCo=,XLQ2D/G612HxDa5EPQ2MtA7gi40=
43,-53,qozMCMMBtutFeJjGPM/mMYf+b1w=,XLQ2D/G612HxDa5EPQ2MtA7gi40=
40,-56,7UZ/ZgInqgDRTiBSlJpG5x1TKCo=,XLQ2D/G612HxDa5EPQ2MtA7gi40=
39,-56,7UZ/ZgInqgDRTiBSlJpG5x1TKCo=,XLQ2D/G612HxDa5EPQ2MtA7gi40=
35,-53,qozMCMMBtutFeJjGPM/mMYf+b1w=,XLQ2D/G612HxDa5EPQ2MtA7gi40=
38,-56,7UZ/ZgInqgDRTiBSlJpG5x1TKCo=,XLQ2D/G612HxDa5EPQ2MtA7gi40=
37,-53,qozMCMMBtutFeJjGPM/mMYf+b1w=,XLQ2D/G612HxDa5EPQ2MtA7gi40=
33,-56,7UZ/ZgInqgDRTiBSlJpG5x1TKCo=,XLQ2D/G612HxDa5EPQ2MtA7gi40=
32,-56,7UZ/ZgInqgDRTiBSlJpG5x1TKCo=,XLQ2D/G612HxDa5EPQ2MtA7gi40=
47,-57,7UZ/ZgInqgDRTiBSlJpG5x1TKCo=,XLQ2D/G612HxDa5EPQ2MtA7gi40=
46,-57,7UZ/ZgInqgDRTiBSlJpG5x1TKCo=,XLQ2D/G612HxDa5EPQ2MtA7gi40=
45,-57,7UZ/ZgInqgDRTiBSlJpG5x1TKCo=,XLQ2D/G612HxDa5EPQ2MtA7gi40=
44,-57,7UZ/ZgInqgDRTiBSlJpG5x1TKCo=,XLQ2D/G612HxDa5EPQ2MtA7gi40=
43,-57,7UZ/ZgInqgDRTiBSlJpG5x1TKCo=,XLQ2D/G612HxDa5EPQ2MtA7gi40=
42,-57,7UZ/ZgInqgDRTiBSlJpG5x1TKCo=,XLQ2D/G612HxDa5EPQ2MtA7gi40=
41,-57,7UZ/ZgInqgDRTiBSlJpG5x1TKCo=,XLQ2D/G612HxDa5EPQ2MtA7gi40=
40,-57,7UZ/ZgInqgDRTiBSlJpG5x1TKCo=,XLQ2D/G612HxDa5EPQ2MtA7gi40=
37,-56,7UZ/ZgInqgDRTiBSlJpG5x1TKCo=,XLQ2D/G612HxDa5EPQ2MtA7gi40=
39,-57,7UZ/ZgInqgDRTiBSlJpG5x1TKCo=,XLQ2D/G612HxDa5EPQ2MtA7gi40=
36,-55,7UZ/ZgInqgDRTiBSlJpG5x1TKCo=,XLQ2D/G612HxDa5EPQ2MtA7gi40=
38,-57,7UZ/ZgInqgDRTiBSlJpG5x1TKCo=,XLQ2D/G612HxDa5EPQ2MtA7gi40=
35,-57,7UZ/ZgInqgDRTiBSlJpG5x1TKCo=,XLQ2D/G612HxDa5EPQ2MtA7gi40=
37,-57,7UZ/ZgInqgDRTiBSlJpG5x1TKCo=,XLQ2D/G612HxDa5EPQ2MtA7gi40=
33,-57,7UZ/ZgInqgDRTiBSlJpG5x1TKCo=,XLQ2D/G612HxDa5EPQ2MtA7gi40=
32,-57,7UZ/ZgInqgDRTiBSlJpG5x1TKCo=,XLQ2D/G612HxDa5EPQ2MtA7gi40=
47,-58,7UZ/ZgInqgDRTiBSlJpG5x1TKCo=,XLQ2D/G612HxDa5EPQ2MtA7gi40=
46,-58,7UZ/ZgInqgDRTiBSlJpG5x1TKCo=,XLQ2D/G612HxDa5EPQ2MtA7gi40=
45,-58,7UZ/ZgInqgDRTiBSlJpG5x1TKCo=,XLQ2D/G612HxDa5EPQ2MtA7gi40=
44,-58,7UZ/ZgInqgDRTiBSlJpG5x1TKCo=,XLQ2D/G612HxDa5EPQ2MtA7gi40=
43,-58,7UZ/ZgInqgDRTiBSlJpG5x1TKCo=,XLQ2D/G612HxDa5EPQ2MtA7gi40=
42,-58,7UZ/ZgInqgDRTiBSlJpG5x1TKCo=,XLQ2D/G612HxDa5EPQ2MtA7gi40=
41,-58,7UZ/ZgInqgDRTiBSlJpG5x1TKCo=,XLQ2D/G612HxDa5EPQ2MtA7gi40=
39,-58,7UZ/ZgInqgDRTiBSlJpG5x1TKCo=,XLQ2D/G612HxDa5EPQ2MtA7gi40=
34,-54,qozMCMMBtutFeJjGPM/mMYf+b1w=,XLQ2D/G612HxDa5EPQ2MtA7gi40=
41,-54,qozMCMMBtutFeJjGPM/mMYf+b1w=,XLQ2D/G612HxDa5EPQ2MtA7gi40=
38,-58,7UZ/ZgInqgDRTiBSlJpG5x1TKCo=,XLQ2D/G612HxDa5EPQ2MtA7gi40=
36,-57,7UZ/ZgInqgDRTiBSlJpG5x1TKCo=,XLQ2D/G612HxDa5EPQ2MtA7gi40=
34,-58,7UZ/ZgInqgDRTiBSlJpG5x1TKCo=,XLQ2D/G612HxDa5EPQ2MtA7gi40=
33,-58,7UZ/ZgInqgDRTiBSlJpG5x1TKCo=,XLQ2D/G612HxDa5EPQ2MtA7gi40=
32,-58,7UZ/ZgInqgDRTiBSlJpG5x1TKCo=,XLQ2D/G612HxDa5EPQ2MtA7gi40=
47,-59,7UZ/ZgInqgDRTiBSlJpG5x1TKCo=,XLQ2D/G612HxDa5EPQ2MtA7gi40=
46,-59,7UZ/ZgInqgDRTiBSlJpG5x1TKCo=,XLQ2D/G612HxDa5EPQ2MtA7gi40=
45,-59,7UZ/ZgInqgDRTiBSlJpG5x1TKCo=,XLQ2D/G612HxDa5EPQ2MtA7gi40=
44,-59,7UZ/ZgInqgDRTiBSlJpG5x1TKCo=,XLQ2D/G612HxDa5EPQ2MtA7gi40=
43,-59,7UZ/ZgInqgDRTiBSlJpG5x1TKCo=,XLQ2D/G612HxDa5EPQ2MtA7gi40=
42,-59,7UZ/ZgInqgDRTiBSlJpG5x1TKCo=,XLQ2D/G612HxDa5EPQ2MtA7gi40=
41,-59,7UZ/ZgInqgDRTiBSlJpG5x1TKCo=,XLQ2D/G612HxDa5EPQ2MtA7gi40=
40,-59,znTHO0uuNmr/DlgnNdlF3xjNvGE=,XLQ2D/G612HxDa5EPQ2MtA7gi40=
39,-59,7UZ/ZgInqgDRTiBSlJpG5x1TKCo=,XLQ2D/G612HxDa5EPQ2MtA7gi40=
38,-59,7UZ/ZgInqgDRTiBSlJpG5x1TKCo=,XLQ2D/G612HxDa5EPQ2MtA7gi40=
37,-58,7UZ/ZgInqgDRTiBSlJpG5x1TKCo=,XLQ2D/G612HxDa5EPQ2MtA7gi40=
36,-56,7UZ/ZgInqgDRTiBSlJpG5x1TKCo=,XLQ2D/G612HxDa5EPQ2MtA7gi40=
36,-58,7UZ/ZgInqgDRTiBSlJpG5x1TKCo=,XLQ2D/G612HxDa5EPQ2MtA7gi40=
34,-59,znTHO0uuNmr/DlgnNdlF3xjNvGE=,XLQ2D/G612HxDa5EPQ2MtA7gi40=
33,-59,znTHO0uuNmr/DlgnNdlF3xjNvGE=,XLQ2D/G612HxDa5EPQ2MtA7gi40=
32,-59,znTHO0uuNmr/DlgnNdlF3xjNvGE=,XLQ2D/G612HxDa5EPQ2MtA7gi40=
47,-60,znTHO0uuNmr/DlgnNdlF3xjNvGE=,XLQ2D/G612HxDa5EPQ2MtA7gi40=
46,-60,7UZ/ZgInqgDRTiBSlJpG5x1TKCo=,XLQ2D/G612HxDa5EPQ2MtA7gi40=
45,-60,znTHO0uuNmr/DlgnNdlF3xjNvGE=,XLQ2D/G612HxDa5EPQ2MtA7gi40=
44,-60,znTHO0uuNmr/DlgnNdlF3xjNvGE=,XLQ2D/G612HxDa5EPQ2MtA7gi40=
43,-60,znTHO0uuNmr/DlgnNdlF3xjNvGE=,XLQ2D/G612HxDa5EPQ2MtA7gi40=
42,-60,7UZ/ZgInqgDRTiBSlJpG5x1TKCo=,XLQ2D/G612HxDa5EPQ2MtA7gi40=
41,-60,znTHO0uuNmr/DlgnNdlF3xjNvGE=,XLQ2D/G612HxDa5EPQ2MtA7gi40=
40,-60,znTHO0uuNmr/DlgnNdlF3xjNvGE=,XLQ2D/G612HxDa5EPQ2MtA7gi40=
40,-58,7UZ/ZgInqgDRTiBSlJpG5x1TKCo=,XLQ2D/G612HxDa5EPQ2MtA7gi40=
37,-60,znTHO0uuNmr/DlgnNdlF3xjNvGE=,XLQ2D/G612HxDa5EPQ2MtA7gi40=
41,-55,7UZ/ZgInqgDRTiBSlJpG5x1TKCo=,XLQ2D/G612HxDa5EPQ2MtA7gi40=
37,-59,7UZ/ZgInqgDRTiBSlJpG5x1TKCo=,XLQ2D/G612HxDa5EPQ2MtA7gi40=
34,-57,7UZ/ZgInqgDRTiBSlJpG5x1TKCo=,XLQ2D/G612HxDa5EPQ2MtA7gi40=
34,-56,7UZ/ZgInqgDRTiBSlJpG5x1TKCo=,XLQ2D/G612HxDa5EPQ2MtA7gi40=
41,-56,7UZ/ZgInqgDRTiBSlJpG5x1TKCo=,XLQ2D/G612HxDa5EPQ2MtA7gi40=
39,-60,znTHO0uuNmr/DlgnNdlF3xjNvGE=,XLQ2D/G612HxDa5EPQ2MtA7gi40=
34,-55,7UZ/ZgInqgDRTiBSlJpG5x1TKCo=,XLQ2D/G612HxDa5EPQ2MtA7gi40=
35,-56,7UZ/ZgInqgDRTiBSlJpG5x1TKCo=,XLQ2D/G612HxDa5EPQ2MtA7gi40=
35,-59,znTHO0uuNmr/DlgnNdlF3xjNvGE=,XLQ2D/G612HxDa5EPQ2MtA7gi40=
35,-55,7UZ/ZgInqgDRTiBSlJpG5x1TKCo=,XLQ2D/G612HxDa5EPQ2MtA7gi40=
35,-58,7UZ/ZgInqgDRTiBSlJpG5x1TKCo=,XLQ2D/G612HxDa5EPQ2MtA7gi40=
36,-59,znTHO0uuNmr/DlgnNdlF3xjNvGE=,XLQ2D/G612HxDa5EPQ2MtA7gi40=
38,-60,znTHO0uuNmr/DlgnNdlF3xjNvGE=,XLQ2D/G612HxDa5EPQ2MtA7gi40=
51,-62,+hd9hCkXaZmBFRhZYe53N+RSPU0=,XLQ2D/G612HxDa5EPQ2MtA7gi40=
52,-62,+hd9hCkXaZmBFRhZYe53N+RSPU0=,XLQ2D/G612HxDa5EPQ2MtA7gi40=
50,-63,+hd9hCkXaZmBFRhZYe53N+RSPU0=,XLQ2D/G612HxDa5EPQ2MtA7gi40=
53,-62,Md6icuLT5Eqx1XcVtjDNLwZFI1I=,XLQ2D/G612HxDa5EPQ2MtA7gi40=
54,-62,Md6icuLT5Eqx1XcVtjDNLwZFI1I=,XLQ2D/G612HxDa5EPQ2MtA7gi40=
50,-62,+hd9hCkXaZmBFRhZYe53N+RSPU0=,XLQ2D/G612HxDa5EPQ2MtA7gi40=
56,-62,Md6icuLT5Eqx1XcVtjDNLwZFI1I=,XLQ2D/G612HxDa5EPQ2MtA7gi40=
55,-62,Md6icuLT5Eqx1XcVtjDNLwZFI1I=,XLQ2D/G612HxDa5EPQ2MtA7gi40=
49,-63,Md6icuLT5Eqx1XcVtjDNLwZFI1I=,XLQ2D/G612HxDa5EPQ2MtA7gi40=
48,-63,Md6icuLT5Eqx1XcVtjDNLwZFI1I=,XLQ2D/G612HxDa5EPQ2MtA7gi40=
58,-62,Md6icuLT5Eqx1XcVtjDNLwZFI1I=,XLQ2D/G612HxDa5EPQ2MtA7gi40=
57,-62,Md6icuLT5Eqx1XcVtjDNLwZFI1I=,XLQ2D/G612HxDa5EPQ2MtA7gi40=
59,-62,Md6icuLT5Eqx1XcVtjDNLwZFI1I=,XLQ2D/G612HxDa5EPQ2MtA7gi40=
49,-62,Md6icuLT5Eqx1XcVtjDNLwZFI1I=,XLQ2D/G612HxDa5EPQ2MtA7gi40=
49,-64,+hd9hCkXaZmBFRhZYe53N+RSPU0=,XLQ2D/G612HxDa5EPQ2MtA7gi40=
60,-62,Md6icuLT5Eqx1XcVtjDNLwZFI1I=,XLQ2D/G612HxDa5EPQ2MtA7gi40=
61,-62,K52YX3Ydu135gLzDIcmN8u6Ovd0=,XLQ2D/G612HxDa5EPQ2MtA7gi40=
48,-62,+hd9hCkXaZmBFRhZYe53N+RSPU0=,XLQ2D/G612HxDa5EPQ2MtA7gi40=
62,-62,Md6icuLT5Eqx1XcVtjDNLwZFI1I=,XLQ2D/G612HxDa5EPQ2MtA7gi40=
63,-63,Md6icuLT5Eqx1XcVtjDNLwZFI1I=,XLQ2D/G612HxDa5EPQ2MtA7gi40=
63,-62,Md6icuLT5Eqx1XcVtjDNLwZFI1I=,XLQ2D/G612HxDa5EPQ2MtA7gi40=
62,-63,Md6icuLT5Eqx1XcVtjDNLwZFI1I=,XLQ2D/G612HxDa5EPQ2MtA7gi40=
48,-61,+hd9hCkXaZmBFRhZYe53N+RSPU0=,XLQ2D/G612HxDa5EPQ2MtA7gi40=
61,-63,Md6icuLT5Eqx1XcVtjDNLwZFI1I=,XLQ2D/G612HxDa5EPQ2MtA7gi40=
49,-61,+hd9hCkXaZmBFRhZYe53N+RSPU0=,XLQ2D/G612HxDa5EPQ2MtA7gi40=
50,-64,+hd9hCkXaZmBFRhZYe53N+RSPU0=,XLQ2D/G612HxDa5EPQ2MtA7gi40=
60,-63,K52YX3Ydu135gLzDIcmN8u6Ovd0=,XLQ2D/G612HxDa5EPQ2MtA7gi40=
50,-61,Md6icuLT5Eqx1XcVtjDNLwZFI1I=,XLQ2D/G612HxDa5EPQ2MtA7gi40=
59,-63,K52YX3Ydu135gLzDIcmN8u6Ovd0=,XLQ2D/G612HxDa5EPQ2MtA7gi40=
51,-61,Md6icuLT5Eqx1XcVtjDNLwZFI1I=,XLQ2D/G612HxDa5EPQ2MtA7gi40=
58,-63,Md6icuLT5Eqx1XcVtjDNLwZFI1I=,XLQ2D/G612HxDa5EPQ2MtA7gi40=
52,-61,Md6icuLT5Eqx1XcVtjDNLwZFI1I=,XLQ2D/G612HxDa5EPQ2MtA7gi40=
57,-63,Md6icuLT5Eqx1XcVtjDNLwZFI1I=,XLQ2D/G612HxDa5EPQ2MtA7gi40=
53,-61,Md6icuLT5Eqx1XcVtjDNLwZFI1I=,XLQ2D/G612HxDa5EPQ2MtA7gi40=
55,-63,Md6icuLT5Eqx1XcVtjDNLwZFI1I=,XLQ2D/G612HxDa5EPQ2MtA7gi40=
54,-61,Md6icuLT5Eqx1XcVtjDNLwZFI1I=,XLQ2D/G612HxDa5EPQ2MtA7gi40=
54,-63,Md6icuLT5Eqx1XcVtjDNLwZFI1I=,XLQ2D/G612HxDa5EPQ2MtA7gi40=
55,-61,Md6icuLT5Eqx1XcVtjDNLwZFI1I=,XLQ2D/G612HxDa5EPQ2MtA7gi40=
53,-63,Md6icuLT5Eqx1XcVtjDNLwZFI1I=,XLQ2D/G612HxDa5EPQ2MtA7gi40=
56,-61,Md6icuLT5Eqx1XcVtjDNLwZFI1I=,XLQ2D/G612HxDa5EPQ2MtA7gi40=
57,-61,Md6icuLT5Eqx1XcVtjDNLwZFI1I=,XLQ2D/G612HxDa5EPQ2MtA7gi40=
52,-63,Md6icuLT5Eqx1XcVtjDNLwZFI1I=,XLQ2D/G612HxDa5EPQ2MtA7gi40=
58,-61,Md6icuLT5Eqx1XcVtjDNLwZFI1I=,XLQ2D/G612HxDa5EPQ2MtA7gi40=
51,-63,Md6icuLT5Eqx1XcVtjDNLwZFI1I=,XLQ2D/G612HxDa5EPQ2MtA7gi40=
59,-61,Md6icuLT5Eqx1XcVtjDNLwZFI1I=,XLQ2D/G612HxDa5EPQ2MtA7gi40=
56,-63,Md6icuLT5Eqx1XcVtjDNLwZFI1I=,XLQ2D/G612HxDa5EPQ2MtA7gi40=
60,-61,Md6icuLT5Eqx1XcVtjDNLwZFI1I=,XLQ2D/G612HxDa5EPQ2MtA7gi40=
48,-64,Md6icuLT5Eqx1XcVtjDNLwZFI1I=,XLQ2D/G612HxDa5EPQ2MtA7gi40=
62,-61,Md6icuLT5Eqx1XcVtjDNLwZFI1I=,XLQ2D/G612HxDa5EPQ2MtA7gi40=
61,-61,Md6icuLT5Eqx1XcVtjDNLwZFI1I=,XLQ2D/G612HxDa5EPQ2MtA7gi40=
63,-61,Md6icuLT5Eqx1XcVtjDNLwZFI1I=,XLQ2D/G612HxDa5EPQ2MtA7gi40=
59,-49,Md6icuLT5Eqx1XcVtjDNLwZFI1I=,XLQ2D/G612HxDa5EPQ2MtA7gi40=
48,-60,Md6icuLT5Eqx1XcVtjDNLwZFI1I=,XLQ2D/G612HxDa5EPQ2MtA7gi40=
51,-64,Md6icuLT5Eqx1XcVtjDNLwZFI1I=,XLQ2D/G612HxDa5EPQ2MtA7gi40=
49,-60,Md6icuLT5Eqx1XcVtjDNLwZFI1I=,XLQ2D/G612HxDa5EPQ2MtA7gi40=
50,-60,Md6icuLT5Eqx1XcVtjDNLwZFI1I=,XLQ2D/G612HxDa5EPQ2MtA7gi40=
52,-60,Md6icuLT5Eqx1XcVtjDNLwZFI1I=,XLQ2D/G612HxDa5EPQ2MtA7gi40=
51,-60,Md6icuLT5Eqx1XcVtjDNLwZFI1I=,XLQ2D/G612HxDa5EPQ2MtA7gi40=
53,-60,Md6icuLT5Eqx1XcVtjDNLwZFI1I=,XLQ2D/G612HxDa5EPQ2MtA7gi40=
54,-60,Md6icuLT5Eqx1XcVtjDNLwZFI1I=,XLQ2D/G612HxDa5EPQ2MtA7gi40=
55,-60,Md6icuLT5Eqx1XcVtjDNLwZFI1I=,XLQ2D/G612HxDa5EPQ2MtA7gi40=
56,-60,Md6icuLT5Eqx1XcVtjDNLwZFI1I=,XLQ2D/G612HxDa5EPQ2MtA7gi40=
58,-60,Md6icuLT5Eqx1XcVtjDNLwZFI1I=,XLQ2D/G612HxDa5EPQ2MtA7gi40=
57,-60,Md6icuLT5Eqx1XcVtjDNLwZFI1I=,XLQ2D/G612HxDa5EPQ2MtA7gi40=
59,-60,Md6icuLT5Eqx1XcVtjDNLwZFI1I=,XLQ2D/G612HxDa5EPQ2MtA7gi40=
60,-60,Md6icuLT5Eqx1XcVtjDNLwZFI1I=,XLQ2D/G612HxDa5EPQ2MtA7gi40=
61,-60,Md6icuLT5Eqx1XcVtjDNLwZFI1I=,XLQ2D/G612HxDa5EPQ2MtA7gi40=
62,-60,Md6icuLT5Eqx1XcVtjDNLwZFI1I=,XLQ2D/G612HxDa5EPQ2MtA7gi40=
63,-60,Md6icuLT5Eqx1XcVtjDNLwZFI1I=,XLQ2D/G612HxDa5EPQ2MtA7gi40=
52,-64,Md6icuLT5Eqx1XcVtjDNLwZFI1I=,XLQ2D/G612HxDa5EPQ2MtA7gi40=
48,-59,Md6icuLT5Eqx1XcVtjDNLwZFI1I=,XLQ2D/G612HxDa5EPQ2MtA7gi40=
49,-59,Md6icuLT5Eqx1XcVtjDNLwZFI1I=,XLQ2D/G612HxDa5EPQ2MtA7gi40=
50,-59,Md6icuLT5Eqx1XcVtjDNLwZFI1I=,XLQ2D/G612HxDa5EPQ2MtA7gi40=
51,-59,Md6icuLT5Eqx1XcVtjDNLwZFI1I=,XLQ2D/G612HxDa5EPQ2MtA7gi40=
52,-59,Md6icuLT5Eqx1XcVtjDNLwZFI1I=,XLQ2D/G612HxDa5EPQ2MtA7gi40=
53,-59,Md6icuLT5Eqx1XcVtjDNLwZFI1I=,XLQ2D/G612HxDa5EPQ2MtA7gi40=
54,-59,Md6icuLT5Eqx1XcVtjDNLwZFI1I=,XLQ2D/G612HxDa5EPQ2MtA7gi40=
55,-59,Md6icuLT5Eqx1XcVtjDNLwZFI1I=,XLQ2D/G612HxDa5EPQ2MtA7gi40=
56,-59,Md6icuLT5Eqx1XcVtjDNLwZFI1I=,XLQ2D/G612HxDa5EPQ2MtA7gi40=
57,-59,Md6icuLT5Eqx1XcVtjDNLwZFI1I=,XLQ2D/G612HxDa5EPQ2MtA7gi40=
58,-59,Md6icuLT5Eqx1XcVtjDNLwZFI1I=,XLQ2D/G612HxDa5EPQ2MtA7gi40=
60,-59,Md6icuLT5Eqx1XcVtjDNLwZFI1I=,XLQ2D/G612HxDa5EPQ2MtA7gi40=
61,-59,Md6icuLT5Eqx1XcVtjDNLwZFI1I=,XLQ2D/G612HxDa5EPQ2MtA7gi40=
53,-64,Md6icuLT5Eqx1XcVtjDNLwZFI1I=,XLQ2D/G612HxDa5EPQ2MtA7gi40=
62,-59,Md6icuLT5Eqx1XcVtjDNLwZFI1I=,XLQ2D/G612HxDa5EPQ2MtA7gi40=
63,-59,Md6icuLT5Eqx1XcVtjDNLwZFI1I=,XLQ2D/G612HxDa5EPQ2MtA7gi40=
48,-58,Md6icuLT5Eqx1XcVtjDNLwZFI1I=,XLQ2D/G612HxDa5EPQ2MtA7gi40=
49,-58,Md6icuLT5Eqx1XcVtjDNLwZFI1I=,XLQ2D/G612HxDa5EPQ2MtA7gi40=
50,-58,Md6icuLT5Eqx1XcVtjDNLwZFI1I=,XLQ2D/G612HxDa5EPQ2MtA7gi40=
51,-58,Md6icuLT5Eqx1XcVtjDNLwZFI1I=,XLQ2D/G612HxDa5EPQ2MtA7gi40=
52,-58,Md6icuLT5Eqx1XcVtjDNLwZFI1I=,XLQ2D/G612HxDa5EPQ2MtA7gi40=
59,-59,Md6icuLT5Eqx1XcVtjDNLwZFI1I=,XLQ2D/G612HxDa5EPQ2MtA7gi40=
53,-58,Md6icuLT5Eqx1XcVtjDNLwZFI1I=,XLQ2D/G612HxDa5EPQ2MtA7gi40=
54,-58,Md6icuLT5Eqx1XcVtjDNLwZFI1I=,XLQ2D/G612HxDa5EPQ2MtA7gi40=
55,-58,Md6icuLT5Eqx1XcVtjDNLwZFI1I=,XLQ2D/G612HxDa5EPQ2MtA7gi40=
57,-58,Md6icuLT5Eqx1XcVtjDNLwZFI1I=,XLQ2D/G612HxDa5EPQ2MtA7gi40=
56,-58,Md6icuLT5Eqx1XcVtjDNLwZFI1I=,XLQ2D/G612HxDa5EPQ2MtA7gi40=
58,-58,Md6icuLT5Eqx1XcVtjDNLwZFI1I=,XLQ2D/G612HxDa5EPQ2MtA7gi40=
55,-49,+hd9hCkXaZmBFRhZYe53N+RSPU0=,XLQ2D/G612HxDa5EPQ2MtA7gi40=
59,-58,Md6icuLT5Eqx1XcVtjDNLwZFI1I=,XLQ2D/G612HxDa5EPQ2MtA7gi40=
54,-49,+hd9hCkXaZmBFRhZYe53N+RSPU0=,XLQ2D/G612HxDa5EPQ2MtA7gi40=
60,-58,Md6icuLT5Eqx1XcVtjDNLwZFI1I=,XLQ2D/G612HxDa5EPQ2MtA7gi40=
61,-58,Md6icuLT5Eqx1XcVtjDNLwZFI1I=,XLQ2D/G612HxDa5EPQ2MtA7gi40=
52,-49,+hd9hCkXaZmBFRhZYe53N+RSPU0=,XLQ2D/G612HxDa5EPQ2MtA7gi40=
54,-64,Md6icuLT5Eqx1XcVtjDNLwZFI1I=,XLQ2D/G612HxDa5EPQ2MtA7gi40=
53,-49,+hd9hCkXaZmBFRhZYe53N+RSPU0=,XLQ2D/G612HxDa5EPQ2MtA7gi40=
51,-49,+hd9hCkXaZmBFRhZYe53N+RSPU0=,XLQ2D/G612HxDa5EPQ2MtA7gi40=
62,-58,Md6icuLT5Eqx1XcVtjDNLwZFI1I=,XLQ2D/G612HxDa5EPQ2MtA7gi40=
50,-49,+hd9hCkXaZmBFRhZYe53N+RSPU0=,XLQ2D/G612HxDa5EPQ2MtA7gi40=
63,-64,+hd9hCkXaZmBFRhZYe53N+RSPU0=,XLQ2D/G612HxDa5EPQ2MtA7gi40=
63,-58,Md6icuLT5Eqx1XcVtjDNLwZFI1I=,XLQ2D/G612HxDa5EPQ2MtA7gi40=
49,-49,+hd9hCkXaZmBFRhZYe53N+RSPU0=,XLQ2D/G612HxDa5EPQ2MtA7gi40=
48,-57,Md6icuLT5Eqx1XcVtjDNLwZFI1I=,XLQ2D/G612HxDa5EPQ2MtA7gi40=
49,-57,Md6icuLT5Eqx1XcVtjDNLwZFI1I=,XLQ2D/G612HxDa5EPQ2MtA7gi40=
50,-57,Md6icuLT5Eqx1XcVtjDNLwZFI1I=,XLQ2D/G612HxDa5EPQ2MtA7gi40=
52,-57,Md6icuLT5Eqx1XcVtjDNLwZFI1I=,XLQ2D/G612HxDa5EPQ2MtA7gi40=
53,-57,Md6icuLT5Eqx1XcVtjDNLwZFI1I=,XLQ2D/G612HxDa5EPQ2MtA7gi40=
54,-57,Md6icuLT5Eqx1XcVtjDNLwZFI1I=,XLQ2D/G612HxDa5EPQ2MtA7gi40=
55,-57,Md6icuLT5Eqx1XcVtjDNLwZFI1I=,XLQ2D/G612HxDa5EPQ2MtA7gi40=
56,-57,Md6icuLT5Eqx1XcVtjDNLwZFI1I=,XLQ2D/G612HxDa5EPQ2MtA7gi40=
57,-57,Md6icuLT5Eqx1XcVtjDNLwZFI1I=,XLQ2D/G612HxDa5EPQ2MtA7gi40=
58,-57,Md6icuLT5Eqx1XcVtjDNLwZFI1I=,XLQ2D/G612HxDa5EPQ2MtA7gi40=
59,-57,Md6icuLT5Eqx1XcVtjDNLwZFI1I=,XLQ2D/G612HxDa5EPQ2MtA7gi40=
51,-57,Md6icuLT5Eqx1XcVtjDNLwZFI1I=,XLQ2D/G612HxDa5EPQ2MtA7gi40=
60,-57,Md6icuLT5Eqx1XcVtjDNLwZFI1I=,XLQ2D/G612HxDa5EPQ2MtA7gi40=
55,-64,Md6icuLT5Eqx1XcVtjDNLwZFI1I=,XLQ2D/G612HxDa5EPQ2MtA7gi40=
61,-57,Md6icuLT5Eqx1XcVtjDNLwZFI1I=,XLQ2D/G612HxDa5EPQ2MtA7gi40=
62,-57,Md6icuLT5Eqx1XcVtjDNLwZFI1I=,XLQ2D/G612HxDa5EPQ2MtA7gi40=
63,-57,Md6icuLT5Eqx1XcVtjDNLwZFI1I=,XLQ2D/G612HxDa5EPQ2MtA7gi40=
48,-56,Md6icuLT5Eqx1XcVtjDNLwZFI1I=,XLQ2D/G612HxDa5EPQ2MtA7gi40=
49,-56,Md6icuLT5Eqx1XcVtjDNLwZFI1I=,XLQ2D/G612HxDa5EPQ2MtA7gi40=
50,-56,Md6icuLT5Eqx1XcVtjDNLwZFI1I=,XLQ2D/G612HxDa5EPQ2MtA7gi40=
51,-56,Md6icuLT5Eqx1XcVtjDNLwZFI1I=,XLQ2D/G612HxDa5EPQ2MtA7gi40=
52,-56,Md6icuLT5Eqx1XcVtjDNLwZFI1I=,XLQ2D/G612HxDa5EPQ2MtA7gi40=
53,-56,Md6icuLT5Eqx1XcVtjDNLwZFI1I=,XLQ2D/G612HxDa5EPQ2MtA7gi40=
54,-56,Md6icuLT5Eqx1XcVtjDNLwZFI1I=,XLQ2D/G612HxDa5EPQ2MtA7gi40=
55,-56,Md6icuLT5Eqx1XcVtjDNLwZFI1I=,XLQ2D/G612HxDa5EPQ2MtA7gi40=
56,-56,Md6icuLT5Eqx1XcVtjDNLwZFI1I=,XLQ2D/G612HxDa5EPQ2MtA7gi40=
57,-56,Md6icuLT5Eqx1XcVtjDNLwZFI1I=,XLQ2D/G612HxDa5EPQ2MtA7gi40=
58,-56,Md6icuLT5Eqx1XcVtjDNLwZFI1I=,XLQ2D/G612HxDa5EPQ2MtA7gi40=
59,-56,Md6icuLT5Eqx1XcVtjDNLwZFI1I=,XLQ2D/G612HxDa5EPQ2MtA7gi40=
56,-64,Md6icuLT5Eqx1XcVtjDNLwZFI1I=,XLQ2D/G612HxDa5EPQ2MtA7gi40=
60,-56,Md6icuLT5Eqx1XcVtjDNLwZFI1I=,XLQ2D/G612HxDa5EPQ2MtA7gi40=
61,-56,Md6icuLT5Eqx1XcVtjDNLwZFI1I=,XLQ2D/G612HxDa5EPQ2MtA7gi40=
62,-56,Md6icuLT5Eqx1XcVtjDNLwZFI1I=,XLQ2D/G612HxDa5EPQ2MtA7gi40=
63,-56,Md6icuLT5Eqx1XcVtjDNLwZFI1I=,XLQ2D/G612HxDa5EPQ2MtA7gi40=
48,-55,Md6icuLT5Eqx1XcVtjDNLwZFI1I=,XLQ2D/G612HxDa5EPQ2MtA7gi40=
49,-55,Md6icuLT5Eqx1XcVtjDNLwZFI1I=,XLQ2D/G612HxDa5EPQ2MtA7gi40=
50,-55,Md6icuLT5Eqx1XcVtjDNLwZFI1I=,XLQ2D/G612HxDa5EPQ2MtA7gi40=
51,-55,Md6icuLT5Eqx1XcVtjDNLwZFI1I=,XLQ2D/G612HxDa5EPQ2MtA7gi40=
52,-55,Md6icuLT5Eqx1XcVtjDNLwZFI1I=,XLQ2D/G612HxDa5EPQ2MtA7gi40=
53,-55,Md6icuLT5Eqx1XcVtjDNLwZFI1I=,XLQ2D/G612HxDa5EPQ2MtA7gi40=
54,-55,Md6icuLT5Eqx1XcVtjDNLwZFI1I=,XLQ2D/G612HxDa5EPQ2MtA7gi40=
55,-55,Md6icuLT5Eqx1XcVtjDNLwZFI1I=,XLQ2D/G612HxDa5EPQ2MtA7gi40=
56,-55,Md6icuLT5Eqx1XcVtjDNLwZFI1I=,XLQ2D/G612HxDa5EPQ2MtA7gi40=
57,-55,Md6icuLT5Eqx1XcVtjDNLwZFI1I=,XLQ2D/G612HxDa5EPQ2MtA7gi40=
58,-55,Md6icuLT5Eqx1XcVtjDNLwZFI1I=,XLQ2D/G612HxDa5EPQ2MtA7gi40=
57,-64,Md6icuLT5Eqx1XcVtjDNLwZFI1I=,XLQ2D/G612HxDa5EPQ2MtA7gi40=
59,-55,Md6icuLT5Eqx1XcVtjDNLwZFI1I=,XLQ2D/G612HxDa5EPQ2MtA7gi40=
60,-55,Md6icuLT5Eqx1XcVtjDNLwZFI1I=,XLQ2D/G612HxDa5EPQ2MtA7gi40=
61,-55,Md6icuLT5Eqx1XcVtjDNLwZFI1I=,XLQ2D/G612HxDa5EPQ2MtA7gi40=
62,-55,Md6icuLT5Eqx1XcVtjDNLwZFI1I=,XLQ2D/G612HxDa5EPQ2MtA7gi40=
63,-55,Md6icuLT5Eqx1XcVtjDNLwZFI1I=,XLQ2D/G612HxDa5EPQ2MtA7gi40=
48,-54,Md6icuLT5Eqx1XcVtjDNLwZFI1I=,XLQ2D/G612HxDa5EPQ2MtA7gi40=
49,-54,Md6icuLT5Eqx1XcVtjDNLwZFI1I=,XLQ2D/G612HxDa5EPQ2MtA7gi40=
50,-54,Md6icuLT5Eqx1XcVtjDNLwZFI1I=,XLQ2D/G612HxDa5EPQ2MtA7gi40=
51,-54,Md6icuLT5Eqx1XcVtjDNLwZFI1I=,XLQ2D/G612HxDa5EPQ2MtA7gi40=
52,-54,Md6icuLT5Eqx1XcVtjDNLwZFI1I=,XLQ2D/G612HxDa5EPQ2MtA7gi40=
54,-54,Md6icuLT5Eqx1XcVtjDNLwZFI1I=,XLQ2D/G612HxDa5EPQ2MtA7gi40=
53,-54,Md6icuLT5Eqx1XcVtjDNLwZFI1I=,XLQ2D/G612HxDa5EPQ2MtA7gi40=
55,-54,Md6icuLT5Eqx1XcVtjDNLwZFI1I=,XLQ2D/G612HxDa5EPQ2MtA7gi40=
56,-54,Md6icuLT5Eqx1XcVtjDNLwZFI1I=,XLQ2D/G612HxDa5EPQ2MtA7gi40=
58,-64,Md6icuLT5Eqx1XcVtjDNLwZFI1I=,XLQ2D/G612HxDa5EPQ2MtA7gi40=
57,-54,Md6icuLT5Eqx1XcVtjDNLwZFI1I=,XLQ2D/G612HxDa5EPQ2MtA7gi40=
58,-54,Md6icuLT5Eqx1XcVtjDNLwZFI1I=,XLQ2D/G612HxDa5EPQ2MtA7gi40=
59,-54,Md6icuLT5Eqx1XcVtjDNLwZFI1I=,XLQ2D/G612HxDa5EPQ2MtA7gi40=
61,-54,Md6icuLT5Eqx1XcVtjDNLwZFI1I=,XLQ2D/G612HxDa5EPQ2MtA7gi40=
62,-54,Md6icuLT5Eqx1XcVtjDNLwZFI1I=,XLQ2D/G612HxDa5EPQ2MtA7gi40=
60,-54,Md6icuLT5Eqx1XcVtjDNLwZFI1I=,XLQ2D/G612HxDa5EPQ2MtA7gi40=
63,-54,Md6icuLT5Eqx1XcVtjDNLwZFI1I=,XLQ2D/G612HxDa5EPQ2MtA7gi40=
48,-53,Md6icuLT5Eqx1XcVtjDNLwZFI1I=,XLQ2D/G612HxDa5EPQ2MtA7gi40=
49,-53,Md6icuLT5Eqx1XcVtjDNLwZFI1I=,XLQ2D/G612HxDa5EPQ2MtA7gi40=
50,-53,Md6icuLT5Eqx1XcVtjDNLwZFI1I=,XLQ2D/G612HxDa5EPQ2MtA7gi40=
51,-53,Md6icuLT5Eqx1XcVtjDNLwZFI1I=,XLQ2D/G612HxDa5EPQ2MtA7gi40=
52,-53,Md6icuLT5Eqx1XcVtjDNLwZFI1I=,XLQ2D/G612HxDa5EPQ2MtA7gi40=
53,-53,Md6icuLT5Eqx1XcVtjDNLwZFI1I=,XLQ2D/G612HxDa5EPQ2MtA7gi40=
54,-53,Md6icuLT5Eqx1XcVtjDNLwZFI1I=,XLQ2D/G612HxDa5EPQ2MtA7gi40=
56,-53,rB/xYxxntZ2cdK0DVCx0snUSM58=,XLQ2D/G612HxDa5EPQ2MtA7gi40=
59,-64,Md6icuLT5Eqx1XcVtjDNLwZFI1I=,XLQ2D/G612HxDa5EPQ2MtA7gi40=
57,-53,Md6icuLT5Eqx1XcVtjDNLwZFI1I=,XLQ2D/G612HxDa5EPQ2MtA7gi40=
58,-53,rB/xYxxntZ2cdK0DVCx0snUSM58=,XLQ2D/G612HxDa5EPQ2MtA7gi40=
59,-53,Md6icuLT5Eqx1XcVtjDNLwZFI1I=,XLQ2D/G612HxDa5EPQ2MtA7gi40=
60,-53,Md6icuLT5Eqx1XcVtjDNLwZFI1I=,XLQ2D/G612HxDa5EPQ2MtA7gi40=
61,-53,Md6icuLT5Eqx1XcVtjDNLwZFI1I=,XLQ2D/G612HxDa5EPQ2MtA7gi40=
62,-53,Md6icuLT5Eqx1XcVtjDNLwZFI1I=,XLQ2D/G612HxDa5EPQ2MtA7gi40=
63,-49,Md6icuLT5Eqx1XcVtjDNLwZFI1I=,XLQ2D/G612HxDa5EPQ2MtA7gi40=
62,-49,Md6icuLT5Eqx1XcVtjDNLwZFI1I=,XLQ2D/G612HxDa5EPQ2MtA7gi40=
60,-50,+hd9hCkXaZmBFRhZYe53N+RSPU0=,XLQ2D/G612HxDa5EPQ2MtA7gi40=
59,-50,+hd9hCkXaZmBFRhZYe53N+RSPU0=,XLQ2D/G612HxDa5EPQ2MtA7gi40=
58,-50,+hd9hCkXaZmBFRhZYe53N+RSPU0=,XLQ2D/G612HxDa5EPQ2MtA7gi40=
55,-53,rB/xYxxntZ2cdK0DVCx0snUSM58=,XLQ2D/G612HxDa5EPQ2MtA7gi40=
58,-49,+hd9hCkXaZmBFRhZYe53N+RSPU0=,XLQ2D/G612HxDa5EPQ2MtA7gi40=
63,-50,+hd9hCkXaZmBFRhZYe53N+RSPU0=,XLQ2D/G612HxDa5EPQ2MtA7gi40=
48,-49,+hd9hCkXaZmBFRhZYe53N+RSPU0=,XLQ2D/G612HxDa5EPQ2MtA7gi40=
54,-50,+hd9hCkXaZmBFRhZYe53N+RSPU0=,XLQ2D/G612HxDa5EPQ2MtA7gi40=
62,-64,Md6icuLT5Eqx1XcVtjDNLwZFI1I=,XLQ2D/G612HxDa5EPQ2MtA7gi40=
60,-49,Md6icuLT5Eqx1XcVtjDNLwZFI1I=,XLQ2D/G612HxDa5EPQ2MtA7gi40=
51,-50,Md6icuLT5Eqx1XcVtjDNLwZFI1I=,XLQ2D/G612HxDa5EPQ2MtA7gi40=
50,-50,Md6icuLT5Eqx1XcVtjDNLwZFI1I=,XLQ2D/G612HxDa5EPQ2MtA7gi40=
49,-50,+hd9hCkXaZmBFRhZYe53N+RSPU0=,XLQ2D/G612HxDa5EPQ2MtA7gi40=
52,-50,+hd9hCkXaZmBFRhZYe53N+RSPU0=,XLQ2D/G612HxDa5EPQ2MtA7gi40=
48,-50,+hd9hCkXaZmBFRhZYe53N+RSPU0=,XLQ2D/G612HxDa5EPQ2MtA7gi40=
63,-51,+hd9hCkXaZmBFRhZYe53N+RSPU0=,XLQ2D/G612HxDa5EPQ2MtA7gi40=
62,-51,+hd9hCkXaZmBFRhZYe53N+RSPU0=,XLQ2D/G612HxDa5EPQ2MtA7gi40=
63,-53,rB/xYxxntZ2cdK0DVCx0snUSM58=,XLQ2D/G612HxDa5EPQ2MtA7gi40=
48,-52,Md6icuLT5Eqx1XcVtjDNLwZFI1I=,XLQ2D/G612HxDa5EPQ2MtA7gi40=
49,-52,Md6icuLT5Eqx1XcVtjDNLwZFI1I=,XLQ2D/G612HxDa5EPQ2MtA7gi40=
50,-52,Md6icuLT5Eqx1XcVtjDNLwZFI1I=,XLQ2D/G612HxDa5EPQ2MtA7gi40=
52,-52,Md6icuLT5Eqx1XcVtjDNLwZFI1I=,XLQ2D/G612HxDa5EPQ2MtA7gi40=
53,-52,Md6icuLT5Eqx1XcVtjDNLwZFI1I=,XLQ2D/G612HxDa5EPQ2MtA7gi40=
54,-52,Md6icuLT5Eqx1XcVtjDNLwZFI1I=,XLQ2D/G612HxDa5EPQ2MtA7gi40=
51,-52,Md6icuLT5Eqx1XcVtjDNLwZFI1I=,XLQ2D/G612HxDa5EPQ2MtA7gi40=
55,-52,Md6icuLT5Eqx1XcVtjDNLwZFI1I=,XLQ2D/G612HxDa5EPQ2MtA7gi40=
60,-64,Md6icuLT5Eqx1XcVtjDNLwZFI1I=,XLQ2D/G612HxDa5EPQ2MtA7gi40=
56,-52,Md6icuLT5Eqx1XcVtjDNLwZFI1I=,XLQ2D/G612HxDa5EPQ2MtA7gi40=
57,-52,Md6icuLT5Eqx1XcVtjDNLwZFI1I=,XLQ2D/G612HxDa5EPQ2MtA7gi40=
58,-52,Md6icuLT5Eqx1XcVtjDNLwZFI1I=,XLQ2D/G612HxDa5EPQ2MtA7gi40=
59,-52,Md6icuLT5Eqx1XcVtjDNLwZFI1I=,XLQ2D/G612HxDa5EPQ2MtA7gi40=
60,-52,Md6icuLT5Eqx1XcVtjDNLwZFI1I=,XLQ2D/G612HxDa5EPQ2MtA7gi40=
61,-52,Md6icuLT5Eqx1XcVtjDNLwZFI1I=,XLQ2D/G612HxDa5EPQ2MtA7gi40=
57,-49,+hd9hCkXaZmBFRhZYe53N+RSPU0=,XLQ2D/G612HxDa5EPQ2MtA7gi40=
61,-50,+hd9hCkXaZmBFRhZYe53N+RSPU0=,XLQ2D/G612HxDa5EPQ2MtA7gi40=
59,-51,Md6icuLT5Eqx1XcVtjDNLwZFI1I=,XLQ2D/G612HxDa5EPQ2MtA7gi40=
58,-51,Md6icuLT5Eqx1XcVtjDNLwZFI1I=,XLQ2D/G612HxDa5EPQ2MtA7gi40=
61,-49,Md6icuLT5Eqx1XcVtjDNLwZFI1I=,XLQ2D/G612HxDa5EPQ2MtA7gi40=
56,-51,Md6icuLT5Eqx1XcVtjDNLwZFI1I=,XLQ2D/G612HxDa5EPQ2MtA7gi40=
57,-50,+hd9hCkXaZmBFRhZYe53N+RSPU0=,XLQ2D/G612HxDa5EPQ2MtA7gi40=
61,-64,Md6icuLT5Eqx1XcVtjDNLwZFI1I=,XLQ2D/G612HxDa5EPQ2MtA7gi40=
54,-51,Md6icuLT5Eqx1XcVtjDNLwZFI1I=,XLQ2D/G612HxDa5EPQ2MtA7gi40=
53,-51,Md6icuLT5Eqx1XcVtjDNLwZFI1I=,XLQ2D/G612HxDa5EPQ2MtA7gi40=
52,-51,Md6icuLT5Eqx1XcVtjDNLwZFI1I=,XLQ2D/G612HxDa5EPQ2MtA7gi40=
51,-51,Md6icuLT5Eqx1XcVtjDNLwZFI1I=,XLQ2D/G612HxDa5EPQ2MtA7gi40=
50,-51,Md6icuLT5Eqx1XcVtjDNLwZFI1I=,XLQ2D/G612HxDa5EPQ2MtA7gi40=
49,-51,Md6icuLT5Eqx1XcVtjDNLwZFI1I=,XLQ2D/G612HxDa5EPQ2MtA7gi40=
48,-51,Md6icuLT5Eqx1XcVtjDNLwZFI1I=,XLQ2D/G612HxDa5EPQ2MtA7gi40=
62,-52,Md6icuLT5Eqx1XcVtjDNLwZFI1I=,XLQ2D/G612HxDa5EPQ2MtA7gi40=
56,-49,+hd9hCkXaZmBFRhZYe53N+RSPU0=,XLQ2D/G612HxDa5EPQ2MtA7gi40=
53,-50,Md6icuLT5Eqx1XcVtjDNLwZFI1I=,XLQ2D/G612HxDa5EPQ2MtA7gi40=
56,-50,+hd9hCkXaZmBFRhZYe53N+RSPU0=,XLQ2D/G612HxDa5EPQ2MtA7gi40=
62,-50,Md6icuLT5Eqx1XcVtjDNLwZFI1I=,XLQ2D/G612HxDa5EPQ2MtA7gi40=
57,-51,Md6icuLT5Eqx1XcVtjDNLwZFI1I=,XLQ2D/G612HxDa5EPQ2MtA7gi40=
61,-51,Md6icuLT5Eqx1XcVtjDNLwZFI1I=,XLQ2D/G612HxDa5EPQ2MtA7gi40=
55,-51,Md6icuLT5Eqx1XcVtjDNLwZFI1I=,XLQ2D/G612HxDa5EPQ2MtA7gi40=
63,-52,Md6icuLT5Eqx1XcVtjDNLwZFI1I=,XLQ2D/G612HxDa5EPQ2MtA7gi40=
60,-51,Md6icuLT5Eqx1XcVtjDNLwZFI1I=,XLQ2D/G612HxDa5EPQ2MtA7gi40=
55,-50,+hd9hCkXaZmBFRhZYe53N+RSPU0=,XLQ2D/G612HxDa5EPQ2MtA7gi40=
35,-47,rB/xYxxntZ2cdK0DVCx0snUSM58=,XLQ2D/G612HxDa5EPQ2MtA7gi40=
36,-47,rB/xYxxntZ2cdK0DVCx0snUSM58=,XLQ2D/G612HxDa5EPQ2MtA7gi40=
44,-33,rB/xYxxntZ2cdK0DVCx0snUSM58=,XLQ2D/G612HxDa5EPQ2MtA7gi40=
43,-33,rB/xYxxntZ2cdK0DVCx0snUSM58=,XLQ2D/G612HxDa5EPQ2MtA7gi40=
42,-33,rB/xYxxntZ2cdK0DVCx0snUSM58=,XLQ2D/G612HxDa5EPQ2MtA7gi40=
41,-33,rB/xYxxntZ2cdK0DVCx0snUSM58=,XLQ2D/G612HxDa5EPQ2MtA7gi40=
40,-33,rB/xYxxntZ2cdK0DVCx0snUSM58=,XLQ2D/G612HxDa5EPQ2MtA7gi40=
39,-33,rB/xYxxntZ2cdK0DVCx0snUSM58=,XLQ2D/G612HxDa5EPQ2MtA7gi40=
38,-33,rB/xYxxntZ2cdK0DVCx0snUSM58=,XLQ2D/G612HxDa5EPQ2MtA7gi40=
37,-33,rB/xYxxntZ2cdK0DVCx0snUSM58=,XLQ2D/G612HxDa5EPQ2MtA7gi40=
36,-33,CvYn17c17+43J+NuJ73SccFtD9c=,XLQ2D/G612HxDa5EPQ2MtA7gi40=
35,-33,rB/xYxxntZ2cdK0DVCx0snUSM58=,XLQ2D/G612HxDa5EPQ2MtA7gi40=
46,-33,rB/xYxxntZ2cdK0DVCx0snUSM58=,XLQ2D/G612HxDa5EPQ2MtA7gi40=
34,-47,rB/xYxxntZ2cdK0DVCx0snUSM58=,XLQ2D/G612HxDa5EPQ2MtA7gi40=
37,-47,rB/xYxxntZ2cdK0DVCx0snUSM58=,XLQ2D/G612HxDa5EPQ2MtA7gi40=
38,-47,CvYn17c17+43J+NuJ73SccFtD9c=,XLQ2D/G612HxDa5EPQ2MtA7gi40=
39,-47,CvYn17c17+43J+NuJ73SccFtD9c=,XLQ2D/G612HxDa5EPQ2MtA7gi40=
40,-47,CvYn17c17+43J+NuJ73SccFtD9c=,XLQ2D/G612HxDa5EPQ2MtA7gi40=
33,-33,rB/xYxxntZ2cdK0DVCx0snUSM58=,XLQ2D/G612HxDa5EPQ2MtA7gi40=
34,-33,rB/xYxxntZ2cdK0DVCx0snUSM58=,XLQ2D/G612HxDa5EPQ2MtA7gi40=
33,-48,rB/xYxxntZ2cdK0DVCx0snUSM58=,XLQ2D/G612HxDa5EPQ2MtA7gi40=
43,-34,CvYn17c17+43J+NuJ73SccFtD9c=,XLQ2D/G612HxDa5EPQ2MtA7gi40=
42,-34,CvYn17c17+43J+NuJ73SccFtD9c=,XLQ2D/G612HxDa5EPQ2MtA7gi40=
41,-34,CvYn17c17+43J+NuJ73SccFtD9c=,XLQ2D/G612HxDa5EPQ2MtA7gi40=
45,-34,CvYn17c17+43J+NuJ73SccFtD9c=,XLQ2D/G612HxDa5EPQ2MtA7gi40=
40,-34,CvYn17c17+43J+NuJ73SccFtD9c=,XLQ2D/G612HxDa5EPQ2MtA7gi40=
39,-34,CvYn17c17+43J+NuJ73SccFtD9c=,XLQ2D/G612HxDa5EPQ2MtA7gi40=
38,-34,CvYn17c17+43J+NuJ73SccFtD9c=,XLQ2D/G612HxDa5EPQ2MtA7gi40=
33,-47,rB/xYxxntZ2cdK0DVCx0snUSM58=,XLQ2D/G612HxDa5EPQ2MtA7gi40=
36,-34,CvYn17c17+43J+NuJ73SccFtD9c=,XLQ2D/G612HxDa5EPQ2MtA7gi40=
32,-48,CvYn17c17+43J+NuJ73SccFtD9c=,XLQ2D/G612HxDa5EPQ2MtA7gi40=
46,-34,rB/xYxxntZ2cdK0DVCx0snUSM58=,XLQ2D/G612HxDa5EPQ2MtA7gi40=
32,-33,rB/xYxxntZ2cdK0DVCx0snUSM58=,XLQ2D/G612HxDa5EPQ2MtA7gi40=
33,-34,CvYn17c17+43J+NuJ73SccFtD9c=,XLQ2D/G612HxDa5EPQ2MtA7gi40=
47,-35,CvYn17c17+43J+NuJ73SccFtD9c=,XLQ2D/G612HxDa5EPQ2MtA7gi40=
34,-34,CvYn17c17+43J+NuJ73SccFtD9c=,XLQ2D/G612HxDa5EPQ2MtA7gi40=
35,-34,CvYn17c17+43J+NuJ73SccFtD9c=,XLQ2D/G612HxDa5EPQ2MtA7gi40=
47,-33,rB/xYxxntZ2cdK0DVCx0snUSM58=,XLQ2D/G612HxDa5EPQ2MtA7gi40=
43,-35,CvYn17c17+43J+NuJ73SccFtD9c=,XLQ2D/G612HxDa5EPQ2MtA7gi40=
45,-35,CvYn17c17+43J+NuJ73SccFtD9c=,XLQ2D/G612HxDa5EPQ2MtA7gi40=
42,-35,CvYn17c17+43J+NuJ73SccFtD9c=,XLQ2D/G612HxDa5EPQ2MtA7gi40=
41,-35,CvYn17c17+43J+NuJ73SccFtD9c=,XLQ2D/G612HxDa5EPQ2MtA7gi40=
45,-33,rB/xYxxntZ2cdK0DVCx0snUSM58=,XLQ2D/G612HxDa5EPQ2MtA7gi40=
39,-35,CvYn17c17+43J+NuJ73SccFtD9c=,XLQ2D/G612HxDa5EPQ2MtA7gi40=
38,-35,CvYn17c17+43J+NuJ73SccFtD9c=,XLQ2D/G612HxDa5EPQ2MtA7gi40=
32,-34,CvYn17c17+43J+NuJ73SccFtD9c=,XLQ2D/G612HxDa5EPQ2MtA7gi40=
37,-35,CvYn17c17+43J+NuJ73SccFtD9c=,XLQ2D/G612HxDa5EPQ2MtA7gi40=
40,-35,CvYn17c17+43J+NuJ73SccFtD9c=,XLQ2D/G612HxDa5EPQ2MtA7gi40=
32,-47,CvYn17c17+43J+NuJ73SccFtD9c=,XLQ2D/G612HxDa5EPQ2MtA7gi40=
44,-34,CvYn17c17+43J+NuJ73SccFtD9c=,XLQ2D/G612HxDa5EPQ2MtA7gi40=
44,-35,CvYn17c17+43J+NuJ73SccFtD9c=,XLQ2D/G612HxDa5EPQ2MtA7gi40=
36,-35,CvYn17c17+43J+NuJ73SccFtD9c=,XLQ2D/G612HxDa5EPQ2MtA7gi40=
46,-36,CvYn17c17+43J+NuJ73SccFtD9c=,XLQ2D/G612HxDa5EPQ2MtA7gi40=
47,-34,CvYn17c17+43J+NuJ73SccFtD9c=,XLQ2D/G612HxDa5EPQ2MtA7gi40=
35,-35,CvYn17c17+43J+NuJ73SccFtD9c=,XLQ2D/G612HxDa5EPQ2MtA7gi40=
34,-35,CvYn17c17+43J+NuJ73SccFtD9c=,XLQ2D/G612HxDa5EPQ2MtA7gi40=
45,-36,CvYn17c17+43J+NuJ73SccFtD9c=,XLQ2D/G612HxDa5EPQ2MtA7gi40=
42,-36,CvYn17c17+43J+NuJ73SccFtD9c=,XLQ2D/G612HxDa5EPQ2MtA7gi40=
41,-36,CvYn17c17+43J+NuJ73SccFtD9c=,XLQ2D/G612HxDa5EPQ2MtA7gi40=
40,-36,CvYn17c17+43J+NuJ73SccFtD9c=,XLQ2D/G612HxDa5EPQ2MtA7gi40=
37,-34,CvYn17c17+43J+NuJ73SccFtD9c=,XLQ2D/G612HxDa5EPQ2MtA7gi40=
39,-36,CvYn17c17+43J+NuJ73SccFtD9c=,XLQ2D/G612HxDa5EPQ2MtA7gi40=
33,-35,CvYn17c17+43J+NuJ73SccFtD9c=,XLQ2D/G612HxDa5EPQ2MtA7gi40=
41,-47,CvYn17c17+43J+NuJ73SccFtD9c=,XLQ2D/G612HxDa5EPQ2MtA7gi40=
42,-47,CvYn17c17+43J+NuJ73SccFtD9c=,XLQ2D/G612HxDa5EPQ2MtA7gi40=
32,-35,CvYn17c17+43J+NuJ73SccFtD9c=,XLQ2D/G612HxDa5EPQ2MtA7gi40=
36,-36,CvYn17c17+43J+NuJ73SccFtD9c=,XLQ2D/G612HxDa5EPQ2MtA7gi40=
37,-36,CvYn17c17+43J+NuJ73SccFtD9c=,XLQ2D/G612HxDa5EPQ2MtA7gi40=
38,-36,CvYn17c17+43J+NuJ73SccFtD9c=,XLQ2D/G612HxDa5EPQ2MtA7gi40=
34,-36,CvYn17c17+43J+NuJ73SccFtD9c=,XLQ2D/G612HxDa5EPQ2MtA7gi40=
35,-36,CvYn17c17+43J+NuJ73SccFtD9c=,XLQ2D/G612HxDa5EPQ2MtA7gi40=
47,-37,CvYn17c17+43J+NuJ73SccFtD9c=,XLQ2D/G612HxDa5EPQ2MtA7gi40=
46,-37,CvYn17c17+43J+NuJ73SccFtD9c=,XLQ2D/G612HxDa5EPQ2MtA7gi40=
33,-36,CvYn17c17+43J+NuJ73SccFtD9c=,XLQ2D/G612HxDa5EPQ2MtA7gi40=
44,-36,CvYn17c17+43J+NuJ73SccFtD9c=,XLQ2D/G612HxDa5EPQ2MtA7gi40=
42,-37,CvYn17c17+43J+NuJ73SccFtD9c=,XLQ2D/G612HxDa5EPQ2MtA7gi40=
41,-37,CvYn17c17+43J+NuJ73SccFtD9c=,XLQ2D/G612HxDa5EPQ2MtA7gi40=
40,-37,CvYn17c17+43J+NuJ73SccFtD9c=,XLQ2D/G612HxDa5EPQ2MtA7gi40=
45,-37,CvYn17c17+43J+NuJ73SccFtD9c=,XLQ2D/G612HxDa5EPQ2MtA7gi40=
32,-36,CvYn17c17+43J+NuJ73SccFtD9c=,XLQ2D/G612HxDa5EPQ2MtA7gi40=
39,-37,CvYn17c17+43J+NuJ73SccFtD9c=,XLQ2D/G612HxDa5EPQ2MtA7gi40=
45,-48,CvYn17c17+43J+NuJ73SccFtD9c=,XLQ2D/G612HxDa5EPQ2MtA7gi40=
46,-48,CvYn17c17+43J+NuJ73SccFtD9c=,XLQ2D/G612HxDa5EPQ2MtA7gi40=
47,-48,CvYn17c17+43J+NuJ73SccFtD9c=,XLQ2D/G612HxDa5EPQ2MtA7gi40=
34,-37,CvYn17c17+43J+NuJ73SccFtD9c=,XLQ2D/G612HxDa5EPQ2MtA7gi40=
46,-35,CvYn17c17+43J+NuJ73SccFtD9c=,XLQ2D/G612HxDa5EPQ2MtA7gi40=
37,-37,CvYn17c17+43J+NuJ73SccFtD9c=,XLQ2D/G612HxDa5EPQ2MtA7gi40=
35,-37,CvYn17c17+43J+NuJ73SccFtD9c=,XLQ2D/G612HxDa5EPQ2MtA7gi40=
47,-38,CvYn17c17+43J+NuJ73SccFtD9c=,XLQ2D/G612HxDa5EPQ2MtA7gi40=
36,-37,CvYn17c17+43J+NuJ73SccFtD9c=,XLQ2D/G612HxDa5EPQ2MtA7gi40=
46,-38,CvYn17c17+43J+NuJ73SccFtD9c=,XLQ2D/G612HxDa5EPQ2MtA7gi40=
43,-38,CvYn17c17+43J+NuJ73SccFtD9c=,XLQ2D/G612HxDa5EPQ2MtA7gi40=
38,-37,CvYn17c17+43J+NuJ73SccFtD9c=,XLQ2D/G612HxDa5EPQ2MtA7gi40=
41,-38,CvYn17c17+43J+NuJ73SccFtD9c=,XLQ2D/G612HxDa5EPQ2MtA7gi40=
40,-38,CvYn17c17+43J+NuJ73SccFtD9c=,XLQ2D/G612HxDa5EPQ2MtA7gi40=
33,-37,CvYn17c17+43J+NuJ73SccFtD9c=,XLQ2D/G612HxDa5EPQ2MtA7gi40=
47,-36,CvYn17c17+43J+NuJ73SccFtD9c=,XLQ2D/G612HxDa5EPQ2MtA7gi40=
39,-38,CvYn17c17+43J+NuJ73SccFtD9c=,XLQ2D/G612HxDa5EPQ2MtA7gi40=
43,-47,tUeU51oUTlJ5Mz3jpAue3aT9m8c=,XLQ2D/G612HxDa5EPQ2MtA7gi40=
32,-37,CvYn17c17+43J+NuJ73SccFtD9c=,XLQ2D/G612HxDa5EPQ2MtA7gi40=
36,-38,CvYn17c17+43J+NuJ73SccFtD9c=,XLQ2D/G612HxDa5EPQ2MtA7gi40=
37,-38,CvYn17c17+43J+NuJ73SccFtD9c=,XLQ2D/G612HxDa5EPQ2MtA7gi40=
35,-38,CvYn17c17+43J+NuJ73SccFtD9c=,XLQ2D/G612HxDa5EPQ2MtA7gi40=
34,-38,CvYn17c17+43J+NuJ73SccFtD9c=,XLQ2D/G612HxDa5EPQ2MtA7gi40=
33,-38,CvYn17c17+43J+NuJ73SccFtD9c=,XLQ2D/G612HxDa5EPQ2MtA7gi40=
32,-38,CvYn17c17+43J+NuJ73SccFtD9c=,XLQ2D/G612HxDa5EPQ2MtA7gi40=
47,-39,CvYn17c17+43J+NuJ73SccFtD9c=,XLQ2D/G612HxDa5EPQ2MtA7gi40=
38,-38,CvYn17c17+43J+NuJ73SccFtD9c=,XLQ2D/G612HxDa5EPQ2MtA7gi40=
43,-37,CvYn17c17+43J+NuJ73SccFtD9c=,XLQ2D/G612HxDa5EPQ2MtA7gi40=
44,-38,CvYn17c17+43J+NuJ73SccFtD9c=,XLQ2D/G612HxDa5EPQ2MtA7gi40=
43,-39,CvYn17c17+43J+NuJ73SccFtD9c=,XLQ2D/G612HxDa5EPQ2MtA7gi40=
44,-37,CvYn17c17+43J+NuJ73SccFtD9c=,XLQ2D/G612HxDa5EPQ2MtA7gi40=
46,-39,CvYn17c17+43J+NuJ73SccFtD9c=,XLQ2D/G612HxDa5EPQ2MtA7gi40=
40,-39,CvYn17c17+43J+NuJ73SccFtD9c=,XLQ2D/G612HxDa5EPQ2MtA7gi40=
39,-39,CvYn17c17+43J+NuJ73SccFtD9c=,XLQ2D/G612HxDa5EPQ2MtA7gi40=
44,-48,CvYn17c17+43J+NuJ73SccFtD9c=,XLQ2D/G612HxDa5EPQ2MtA7gi40=
42,-38,CvYn17c17+43J+NuJ73SccFtD9c=,XLQ2D/G612HxDa5EPQ2MtA7gi40=
45,-38,CvYn17c17+43J+NuJ73SccFtD9c=,XLQ2D/G612HxDa5EPQ2MtA7gi40=
35,-39,CvYn17c17+43J+NuJ73SccFtD9c=,XLQ2D/G612HxDa5EPQ2MtA7gi40=
38,-39,CvYn17c17+43J+NuJ73SccFtD9c=,XLQ2D/G612HxDa5EPQ2MtA7gi40=
36,-39,CvYn17c17+43J+NuJ73SccFtD9c=,XLQ2D/G612HxDa5EPQ2MtA7gi40=
34,-39,CvYn17c17+43J+NuJ73SccFtD9c=,XLQ2D/G612HxDa5EPQ2MtA7gi40=
32,-39,CvYn17c17+43J+NuJ73SccFtD9c=,XLQ2D/G612HxDa5EPQ2MtA7gi40=
33,-39,CvYn17c17+43J+NuJ73SccFtD9c=,XLQ2D/G612HxDa5EPQ2MtA7gi40=
47,-40,CvYn17c17+43J+NuJ73SccFtD9c=,XLQ2D/G612HxDa5EPQ2MtA7gi40=
45,-40,CvYn17c17+43J+NuJ73SccFtD9c=,XLQ2D/G612HxDa5EPQ2MtA7gi40=
44,-40,CvYn17c17+43J+NuJ73SccFtD9c=,XLQ2D/G612HxDa5EPQ2MtA7gi40=
43,-40,CvYn17c17+43J+NuJ73SccFtD9c=,XLQ2D/G612HxDa5EPQ2MtA7gi40=
43,-48,CvYn17c17+43J+NuJ73SccFtD9c=,XLQ2D/G612HxDa5EPQ2MtA7gi40=
41,-40,CvYn17c17+43J+NuJ73SccFtD9c=,XLQ2D/G612HxDa5EPQ2MtA7gi40=
44,-47,tUeU51oUTlJ5Mz3jpAue3aT9m8c=,XLQ2D/G612HxDa5EPQ2MtA7gi40=
45,-47,tUeU51oUTlJ5Mz3jpAue3aT9m8c=,XLQ2D/G612HxDa5EPQ2MtA7gi40=
43,-36,CvYn17c17+43J+NuJ73SccFtD9c=,XLQ2D/G612HxDa5EPQ2MtA7gi40=
45,-39,CvYn17c17+43J+NuJ73SccFtD9c=,XLQ2D/G612HxDa5EPQ2MtA7gi40=
46,-47,tUeU51oUTlJ5Mz3jpAue3aT9m8c=,XLQ2D/G612HxDa5EPQ2MtA7gi40=
37,-39,CvYn17c17+43J+NuJ73SccFtD9c=,XLQ2D/G612HxDa5EPQ2MtA7gi40=
37,-40,CvYn17c17+43J+NuJ73SccFtD9c=,XLQ2D/G612HxDa5EPQ2MtA7gi40=
44,-39,CvYn17c17+43J+NuJ73SccFtD9c=,XLQ2D/G612HxDa5EPQ2MtA7gi40=
35,-40,CvYn17c17+43J+NuJ73SccFtD9c=,XLQ2D/G612HxDa5EPQ2MtA7gi40=
38,-40,CvYn17c17+43J+NuJ73SccFtD9c=,XLQ2D/G612HxDa5EPQ2MtA7gi40=
33,-40,CvYn17c17+43J+NuJ73SccFtD9c=,XLQ2D/G612HxDa5EPQ2MtA7gi40=
41,-39,CvYn17c17+43J+NuJ73SccFtD9c=,XLQ2D/G612HxDa5EPQ2MtA7gi40=
32,-40,CvYn17c17+43J+NuJ73SccFtD9c=,XLQ2D/G612HxDa5EPQ2MtA7gi40=
46,-40,CvYn17c17+43J+NuJ73SccFtD9c=,XLQ2D/G612HxDa5EPQ2MtA7gi40=
42,-48,CvYn17c17+43J+NuJ73SccFtD9c=,XLQ2D/G612HxDa5EPQ2MtA7gi40=
45,-41,tUeU51oUTlJ5Mz3jpAue3aT9m8c=,XLQ2D/G612HxDa5EPQ2MtA7gi40=
44,-41,CvYn17c17+43J+NuJ73SccFtD9c=,XLQ2D/G612HxDa5EPQ2MtA7gi40=
43,-41,CvYn17c17+43J+NuJ73SccFtD9c=,XLQ2D/G612HxDa5EPQ2MtA7gi40=
40,-48,tUeU51oUTlJ5Mz3jpAue3aT9m8c=,XLQ2D/G612HxDa5EPQ2MtA7gi40=
42,-41,tUeU51oUTlJ5Mz3jpAue3aT9m8c=,XLQ2D/G612HxDa5EPQ2MtA7gi40=
41,-41,tUeU51oUTlJ5Mz3jpAue3aT9m8c=,XLQ2D/G612HxDa5EPQ2MtA7gi40=
42,-39,CvYn17c17+43J+NuJ73SccFtD9c=,XLQ2D/G612HxDa5EPQ2MtA7gi40=
47,-41,CvYn17c17+43J+NuJ73SccFtD9c=,XLQ2D/G612HxDa5EPQ2MtA7gi40=
36,-40,CvYn17c17+43J+NuJ73SccFtD9c=,XLQ2D/G612HxDa5EPQ2MtA7gi40=
38,-41,CvYn17c17+43J+NuJ73SccFtD9c=,XLQ2D/G612HxDa5EPQ2MtA7gi40=
36,-41,CvYn17c17+43J+NuJ73SccFtD9c=,XLQ2D/G612HxDa5EPQ2MtA7gi40=
35,-41,CvYn17c17+43J+NuJ73SccFtD9c=,XLQ2D/G612HxDa5EPQ2MtA7gi40=
34,-41,tUeU51oUTlJ5Mz3jpAue3aT9m8c=,XLQ2D/G612HxDa5EPQ2MtA7gi40=
33,-41,CvYn17c17+43J+NuJ73SccFtD9c=,XLQ2D/G612HxDa5EPQ2MtA7gi40=
32,-41,tUeU51oUTlJ5Mz3jpAue3aT9m8c=,XLQ2D/G612HxDa5EPQ2MtA7gi40=
34,-40,CvYn17c17+43J+NuJ73SccFtD9c=,XLQ2D/G612HxDa5EPQ2MtA7gi40=
42,-40,CvYn17c17+43J+NuJ73SccFtD9c=,XLQ2D/G612HxDa5EPQ2MtA7gi40=
45,-42,tUeU51oUTlJ5Mz3jpAue3aT9m8c=,XLQ2D/G612HxDa5EPQ2MtA7gi40=
44,-42,tUeU51oUTlJ5Mz3jpAue3aT9m8c=,XLQ2D/G612HxDa5EPQ2MtA7gi40=
39,-48,tUeU51oUTlJ5Mz3jpAue3aT9m8c=,XLQ2D/G612HxDa5EPQ2MtA7gi40=
43,-42,tUeU51oUTlJ5Mz3jpAue3aT9m8c=,XLQ2D/G612HxDa5EPQ2MtA7gi40=
42,-42,tUeU51oUTlJ5Mz3jpAue3aT9m8c=,XLQ2D/G612HxDa5EPQ2MtA7gi40=
41,-42,tUeU51oUTlJ5Mz3jpAue3aT9m8c=,XLQ2D/G612HxDa5EPQ2MtA7gi40=
40,-42,tUeU51oUTlJ5Mz3jpAue3aT9m8c=,XLQ2D/G612HxDa5EPQ2MtA7gi40=
47,-42,tUeU51oUTlJ5Mz3jpAue3aT9m8c=,XLQ2D/G612HxDa5EPQ2MtA7gi40=
38,-42,tUeU51oUTlJ5Mz3jpAue3aT9m8c=,XLQ2D/G612HxDa5EPQ2MtA7gi40=
37,-42,tUeU51oUTlJ5Mz3jpAue3aT9m8c=,XLQ2D/G612HxDa5EPQ2MtA7gi40=
40,-41,CvYn17c17+43J+NuJ73SccFtD9c=,XLQ2D/G612HxDa5EPQ2MtA7gi40=
34,-42,tUeU51oUTlJ5Mz3jpAue3aT9m8c=,XLQ2D/G612HxDa5EPQ2MtA7gi40=
33,-42,tUeU51oUTlJ5Mz3jpAue3aT9m8c=,XLQ2D/G612HxDa5EPQ2MtA7gi40=
32,-42,tUeU51oUTlJ5Mz3jpAue3aT9m8c=,XLQ2D/G612HxDa5EPQ2MtA7gi40=
36,-42,tUeU51oUTlJ5Mz3jpAue3aT9m8c=,XLQ2D/G612HxDa5EPQ2MtA7gi40=
46,-43,tUeU51oUTlJ5Mz3jpAue3aT9m8c=,XLQ2D/G612HxDa5EPQ2MtA7gi40=
37,-41,CvYn17c17+43J+NuJ73SccFtD9c=,XLQ2D/G612HxDa5EPQ2MtA7gi40=
35,-42,tUeU51oUTlJ5Mz3jpAue3aT9m8c=,XLQ2D/G612HxDa5EPQ2MtA7gi40=
38,-48,tUeU51oUTlJ5Mz3jpAue3aT9m8c=,XLQ2D/G612HxDa5EPQ2MtA7gi40=
44,-43,tUeU51oUTlJ5Mz3jpAue3aT9m8c=,XLQ2D/G612HxDa5EPQ2MtA7gi40=
43,-43,tUeU51oUTlJ5Mz3jpAue3aT9m8c=,XLQ2D/G612HxDa5EPQ2MtA7gi40=
42,-43,tUeU51oUTlJ5Mz3jpAue3aT9m8c=,XLQ2D/G612HxDa5EPQ2MtA7gi40=
41,-43,tUeU51oUTlJ5Mz3jpAue3aT9m8c=,XLQ2D/G612HxDa5EPQ2MtA7gi40=
40,-43,tUeU51oUTlJ5Mz3jpAue3aT9m8c=,XLQ2D/G612HxDa5EPQ2MtA7gi40=
39,-43,tUeU51oUTlJ5Mz3jpAue3aT9m8c=,XLQ2D/G612HxDa5EPQ2MtA7gi40=
38,-43,tUeU51oUTlJ5Mz3jpAue3aT9m8c=,XLQ2D/G612HxDa5EPQ2MtA7gi40=
47,-43,tUeU51oUTlJ5Mz3jpAue3aT9m8c=,XLQ2D/G612HxDa5EPQ2MtA7gi40=
41,-48,CvYn17c17+43J+NuJ73SccFtD9c=,XLQ2D/G612HxDa5EPQ2MtA7gi40=
39,-41,tUeU51oUTlJ5Mz3jpAue3aT9m8c=,XLQ2D/G612HxDa5EPQ2MtA7gi40=
40,-40,CvYn17c17+43J+NuJ73SccFtD9c=,XLQ2D/G612HxDa5EPQ2MtA7gi40=
33,-43,tUeU51oUTlJ5Mz3jpAue3aT9m8c=,XLQ2D/G612HxDa5EPQ2MtA7gi40=
32,-43,tUeU51oUTlJ5Mz3jpAue3aT9m8c=,XLQ2D/G612HxDa5EPQ2MtA7gi40=
37,-43,tUeU51oUTlJ5Mz3jpAue3aT9m8c=,XLQ2D/G612HxDa5EPQ2MtA7gi40=
46,-42,tUeU51oUTlJ5Mz3jpAue3aT9m8c=,XLQ2D/G612HxDa5EPQ2MtA7gi40=
37,-48,tUeU51oUTlJ5Mz3jpAue3aT9m8c=,XLQ2D/G612HxDa5EPQ2MtA7gi40=
45,-44,tUeU51oUTlJ5Mz3jpAue3aT9m8c=,XLQ2D/G612HxDa5EPQ2MtA7gi40=
46,-44,tUeU51oUTlJ5Mz3jpAue3aT9m8c=,XLQ2D/G612HxDa5EPQ2MtA7gi40=
43,-44,tUeU51oUTlJ5Mz3jpAue3aT9m8c=,XLQ2D/G612HxDa5EPQ2MtA7gi40=
42,-44,tUeU51oUTlJ5Mz3jpAue3aT9m8c=,XLQ2D/G612HxDa5EPQ2MtA7gi40=
41,-44,tUeU51oUTlJ5Mz3jpAue3aT9m8c=,XLQ2D/G612HxDa5EPQ2MtA7gi40=
40,-44,tUeU51oUTlJ5Mz3jpAue3aT9m8c=,XLQ2D/G612HxDa5EPQ2MtA7gi40=
39,-44,tUeU51oUTlJ5Mz3jpAue3aT9m8c=,XLQ2D/G612HxDa5EPQ2MtA7gi40=
47,-44,tUeU51oUTlJ5Mz3jpAue3aT9m8c=,XLQ2D/G612HxDa5EPQ2MtA7gi40=
39,-40,CvYn17c17+43J+NuJ73SccFtD9c=,XLQ2D/G612HxDa5EPQ2MtA7gi40=
36,-43,tUeU51oUTlJ5Mz3jpAue3aT9m8c=,XLQ2D/G612HxDa5EPQ2MtA7gi40=
36,-44,tUeU51oUTlJ5Mz3jpAue3aT9m8c=,XLQ2D/G612HxDa5EPQ2MtA7gi40=
34,-44,tUeU51oUTlJ5Mz3jpAue3aT9m8c=,XLQ2D/G612HxDa5EPQ2MtA7gi40=
33,-44,tUeU51oUTlJ5Mz3jpAue3aT9m8c=,XLQ2D/G612HxDa5EPQ2MtA7gi40=
39,-42,tUeU51oUTlJ5Mz3jpAue3aT9m8c=,XLQ2D/G612HxDa5EPQ2MtA7gi40=
46,-41,tUeU51oUTlJ5Mz3jpAue3aT9m8c=,XLQ2D/G612HxDa5EPQ2MtA7gi40=
36,-48,tUeU51oUTlJ5Mz3jpAue3aT9m8c=,XLQ2D/G612HxDa5EPQ2MtA7gi40=
47,-45,tUeU51oUTlJ5Mz3jpAue3aT9m8c=,XLQ2D/G612HxDa5EPQ2MtA7gi40=
45,-45,tUeU51oUTlJ5Mz3jpAue3aT9m8c=,XLQ2D/G612HxDa5EPQ2MtA7gi40=
44,-45,tUeU51oUTlJ5Mz3jpAue3aT9m8c=,XLQ2D/G612HxDa5EPQ2MtA7gi40=
43,-45,tUeU51oUTlJ5Mz3jpAue3aT9m8c=,XLQ2D/G612HxDa5EPQ2MtA7gi40=
42,-45,tUeU51oUTlJ5Mz3jpAue3aT9m8c=,XLQ2D/G612HxDa5EPQ2MtA7gi40=
41,-45,tUeU51oUTlJ5Mz3jpAue3aT9m8c=,XLQ2D/G612HxDa5EPQ2MtA7gi40=
40,-45,tUeU51oUTlJ5Mz3jpAue3aT9m8c=,XLQ2D/G612HxDa5EPQ2MtA7gi40=
39,-45,tUeU51oUTlJ5Mz3jpAue3aT9m8c=,XLQ2D/G612HxDa5EPQ2MtA7gi40=
38,-45,tUeU51oUTlJ5Mz3jpAue3aT9m8c=,XLQ2D/G612HxDa5EPQ2MtA7gi40=
37,-45,tUeU51oUTlJ5Mz3jpAue3aT9m8c=,XLQ2D/G612HxDa5EPQ2MtA7gi40=
46,-45,tUeU51oUTlJ5Mz3jpAue3aT9m8c=,XLQ2D/G612HxDa5EPQ2MtA7gi40=
34,-43,tUeU51oUTlJ5Mz3jpAue3aT9m8c=,XLQ2D/G612HxDa5EPQ2MtA7gi40=
34,-45,tUeU51oUTlJ5Mz3jpAue3aT9m8c=,XLQ2D/G612HxDa5EPQ2MtA7gi40=
33,-45,tUeU51oUTlJ5Mz3jpAue3aT9m8c=,XLQ2D/G612HxDa5EPQ2MtA7gi40=
32,-45,tUeU51oUTlJ5Mz3jpAue3aT9m8c=,XLQ2D/G612HxDa5EPQ2MtA7gi40=
35,-48,tUeU51oUTlJ5Mz3jpAue3aT9m8c=,XLQ2D/G612HxDa5EPQ2MtA7gi40=
38,-44,tUeU51oUTlJ5Mz3jpAue3aT9m8c=,XLQ2D/G612HxDa5EPQ2MtA7gi40=
47,-47,tUeU51oUTlJ5Mz3jpAue3aT9m8c=,XLQ2D/G612HxDa5EPQ2MtA7gi40=
32,-46,tUeU51oUTlJ5Mz3jpAue3aT9m8c=,XLQ2D/G612HxDa5EPQ2MtA7gi40=
37,-44,tUeU51oUTlJ5Mz3jpAue3aT9m8c=,XLQ2D/G612HxDa5EPQ2MtA7gi40=
45,-46,tUeU51oUTlJ5Mz3jpAue3aT9m8c=,XLQ2D/G612HxDa5EPQ2MtA7gi40=
35,-45,tUeU51oUTlJ5Mz3jpAue3aT9m8c=,XLQ2D/G612HxDa5EPQ2MtA7gi40=
32,-44,tUeU51oUTlJ5Mz3jpAue3aT9m8c=,XLQ2D/G612HxDa5EPQ2MtA7gi40=
46,-46,tUeU51oUTlJ5Mz3jpAue3aT9m8c=,XLQ2D/G612HxDa5EPQ2MtA7gi40=
41,-46,tUeU51oUTlJ5Mz3jpAue3aT9m8c=,XLQ2D/G612HxDa5EPQ2MtA7gi40=
40,-46,tUeU51oUTlJ5Mz3jpAue3aT9m8c=,XLQ2D/G612HxDa5EPQ2MtA7gi40=
39,-46,tUeU51oUTlJ5Mz3jpAue3aT9m8c=,XLQ2D/G612HxDa5EPQ2MtA7gi40=
38,-46,tUeU51oUTlJ5Mz3jpAue3aT9m8c=,XLQ2D/G612HxDa5EPQ2MtA7gi40=
35,-44,tUeU51oUTlJ5Mz3jpAue3aT9m8c=,XLQ2D/G612HxDa5EPQ2MtA7gi40=
36,-46,tUeU51oUTlJ5Mz3jpAue3aT9m8c=,XLQ2D/G612HxDa5EPQ2MtA7gi40=
36,-45,tUeU51oUTlJ5Mz3jpAue3aT9m8c=,XLQ2D/G612HxDa5EPQ2MtA7gi40=
37,-46,tUeU51oUTlJ5Mz3jpAue3aT9m8c=,XLQ2D/G612HxDa5EPQ2MtA7gi40=
35,-46,tUeU51oUTlJ5Mz3jpAue3aT9m8c=,XLQ2D/G612HxDa5EPQ2MtA7gi40=
34,-48,tUeU51oUTlJ5Mz3jpAue3aT9m8c=,XLQ2D/G612HxDa5EPQ2MtA7gi40=
35,-43,tUeU51oUTlJ5Mz3jpAue3aT9m8c=,XLQ2D/G612HxDa5EPQ2MtA7gi40=
33,-46,tUeU51oUTlJ5Mz3jpAue3aT9m8c=,XLQ2D/G612HxDa5EPQ2MtA7gi40=
47,-46,tUeU51oUTlJ5Mz3jpAue3aT9m8c=,XLQ2D/G612HxDa5EPQ2MtA7gi40=
34,-46,tUeU51oUTlJ5Mz3jpAue3aT9m8c=,XLQ2D/G612HxDa5EPQ2MtA7gi40=
44,-44,tUeU51oUTlJ5Mz3jpAue3aT9m8c=,XLQ2D/G612HxDa5EPQ2MtA7gi40=
43,-46,tUeU51oUTlJ5Mz3jpAue3aT9m8c=,XLQ2D/G612HxDa5EPQ2MtA7gi40=
45,-43,tUeU51oUTlJ5Mz3jpAue3aT9m8c=,XLQ2D/G612HxDa5EPQ2MtA7gi40=
42,-46,tUeU51oUTlJ5Mz3jpAue3aT9m8c=,XLQ2D/G612HxDa5EPQ2MtA7gi40=
44,-46,tUeU51oUTlJ5Mz3jpAue3aT9m8c=,XLQ2D/G612HxDa5EPQ2MtA7gi40=
51,-47,kvwGE+2+Ou9/eiKJqRdeMasd4/o=,XLQ2D/G612HxDa5EPQ2MtA7gi40=
49,-47,kvwGE+2+Ou9/eiKJqRdeMasd4/o=,XLQ2D/G612HxDa5EPQ2MtA7gi40=
63,-33,kvwGE+2+Ou9/eiKJqRdeMasd4/o=,XLQ2D/G612HxDa5EPQ2MtA7gi40=
61,-33,kvwGE+2+Ou9/eiKJqRdeMasd4/o=,XLQ2D/G612HxDa5EPQ2MtA7gi40=
60,-33,kvwGE+2+Ou9/eiKJqRdeMasd4/o=,XLQ2D/G612HxDa5EPQ2MtA7gi40=
62,-33,kvwGE+2+Ou9/eiKJqRdeMasd4/o=,XLQ2D/G612HxDa5EPQ2MtA7gi40=
51,-33,kvwGE+2+Ou9/eiKJqRdeMasd4/o=,XLQ2D/G612HxDa5EPQ2MtA7gi40=
50,-33,kvwGE+2+Ou9/eiKJqRdeMasd4/o=,XLQ2D/G612HxDa5EPQ2MtA7gi40=
49,-33,kvwGE+2+Ou9/eiKJqRdeMasd4/o=,XLQ2D/G612HxDa5EPQ2MtA7gi40=
57,-33,kvwGE+2+Ou9/eiKJqRdeMasd4/o=,XLQ2D/G612HxDa5EPQ2MtA7gi40=
59,-33,kvwGE+2+Ou9/eiKJqRdeMasd4/o=,XLQ2D/G612HxDa5EPQ2MtA7gi40=
48,-33,kvwGE+2+Ou9/eiKJqRdeMasd4/o=,XLQ2D/G612HxDa5EPQ2MtA7gi40=
53,-33,kvwGE+2+Ou9/eiKJqRdeMasd4/o=,XLQ2D/G612HxDa5EPQ2MtA7gi40=
63,-34,kvwGE+2+Ou9/eiKJqRdeMasd4/o=,XLQ2D/G612HxDa5EPQ2MtA7gi40=
62,-34,kvwGE+2+Ou9/eiKJqRdeMasd4/o=,XLQ2D/G612HxDa5EPQ2MtA7gi40=
61,-34,kvwGE+2+Ou9/eiKJqRdeMasd4/o=,XLQ2D/G612HxDa5EPQ2MtA7gi40=
60,-34,kvwGE+2+Ou9/eiKJqRdeMasd4/o=,XLQ2D/G612HxDa5EPQ2MtA7gi40=
58,-33,kvwGE+2+Ou9/eiKJqRdeMasd4/o=,XLQ2D/G612HxDa5EPQ2MtA7gi40=
52,-33,kvwGE+2+Ou9/eiKJqRdeMasd4/o=,XLQ2D/G612HxDa5EPQ2MtA7gi40=
52,-47,kvwGE+2+Ou9/eiKJqRdeMasd4/o=,XLQ2D/G612HxDa5EPQ2MtA7gi40=
49,-48,kvwGE+2+Ou9/eiKJqRdeMasd4/o=,XLQ2D/G612HxDa5EPQ2MtA7gi40=
50,-47,kvwGE+2+Ou9/eiKJqRdeMasd4/o=,XLQ2D/G612HxDa5EPQ2MtA7gi40=
54,-33,kvwGE+2+Ou9/eiKJqRdeMasd4/o=,XLQ2D/G612HxDa5EPQ2MtA7gi40=
48,-48,kvwGE+2+Ou9/eiKJqRdeMasd4/o=,XLQ2D/G612HxDa5EPQ2MtA7gi40=
57,-34,kvwGE+2+Ou9/eiKJqRdeMasd4/o=,XLQ2D/G612HxDa5EPQ2MtA7gi40=
58,-34,kvwGE+2+Ou9/eiKJqRdeMasd4/o=,XLQ2D/G612HxDa5EPQ2MtA7gi40=
51,-34,kvwGE+2+Ou9/eiKJqRdeMasd4/o=,XLQ2D/G612HxDa5EPQ2MtA7gi40=
59,-34,kvwGE+2+Ou9/eiKJqRdeMasd4/o=,XLQ2D/G612HxDa5EPQ2MtA7gi40=
55,-33,kvwGE+2+Ou9/eiKJqRdeMasd4/o=,XLQ2D/G612HxDa5EPQ2MtA7gi40=
49,-34,kvwGE+2+Ou9/eiKJqRdeMasd4/o=,XLQ2D/G612HxDa5EPQ2MtA7gi40=
62,-48,kvwGE+2+Ou9/eiKJqRdeMasd4/o=,XLQ2D/G612HxDa5EPQ2MtA7gi40=
48,-34,kvwGE+2+Ou9/eiKJqRdeMasd4/o=,XLQ2D/G612HxDa5EPQ2MtA7gi40=
63,-35,kvwGE+2+Ou9/eiKJqRdeMasd4/o=,XLQ2D/G612HxDa5EPQ2MtA7gi40=
62,-35,kvwGE+2+Ou9/eiKJqRdeMasd4/o=,XLQ2D/G612HxDa5EPQ2MtA7gi40=
61,-35,y5Y+KlINsu0c5GkhhZNZXvfjvJc=,XLQ2D/G612HxDa5EPQ2MtA7gi40=
56,-33,kvwGE+2+Ou9/eiKJqRdeMasd4/o=,XLQ2D/G612HxDa5EPQ2MtA7gi40=
59,-35,kvwGE+2+Ou9/eiKJqRdeMasd4/o=,XLQ2D/G612HxDa5EPQ2MtA7gi40=
54,-34,kvwGE+2+Ou9/eiKJqRdeMasd4/o=,XLQ2D/G612HxDa5EPQ2MtA7gi40=
52,-34,kvwGE+2+Ou9/eiKJqRdeMasd4/o=,XLQ2D/G612HxDa5EPQ2MtA7gi40=
50,-34,kvwGE+2+Ou9/eiKJqRdeMasd4/o=,XLQ2D/G612HxDa5EPQ2MtA7gi40=
48,-47,kvwGE+2+Ou9/eiKJqRdeMasd4/o=,XLQ2D/G612HxDa5EPQ2MtA7gi40=
55,-34,kvwGE+2+Ou9/eiKJqRdeMasd4/o=,XLQ2D/G612HxDa5EPQ2MtA7gi40=
63,-48,kvwGE+2+Ou9/eiKJqRdeMasd4/o=,XLQ2D/G612HxDa5EPQ2MtA7gi40=
53,-34,kvwGE+2+Ou9/eiKJqRdeMasd4/o=,XLQ2D/G612HxDa5EPQ2MtA7gi40=
51,-35,y5Y+KlINsu0c5GkhhZNZXvfjvJc=,XLQ2D/G612HxDa5EPQ2MtA7gi40=
50,-35,y5Y+KlINsu0c5GkhhZNZXvfjvJc=,XLQ2D/G612HxDa5EPQ2MtA7gi40=
49,-35,kvwGE+2+Ou9/eiKJqRdeMasd4/o=,XLQ2D/G612HxDa5EPQ2MtA7gi40=
60,-35,kvwGE+2+Ou9/eiKJqRdeMasd4/o=,XLQ2D/G612HxDa5EPQ2MtA7gi40=
48,-35,kvwGE+2+Ou9/eiKJqRdeMasd4/o=,XLQ2D/G612HxDa5EPQ2MtA7gi40=
63,-36,y5Y+KlINsu0c5GkhhZNZXvfjvJc=,XLQ2D/G612HxDa5EPQ2MtA7gi40=
62,-36,y5Y+KlINsu0c5GkhhZNZXvfjvJc=,XLQ2D/G612HxDa5EPQ2MtA7gi40=
61,-36,y5Y+KlINsu0c5GkhhZNZXvfjvJc=,XLQ2D/G612HxDa5EPQ2MtA7gi40=
60,-36,y5Y+KlINsu0c5GkhhZNZXvfjvJc=,XLQ2D/G612HxDa5EPQ2MtA7gi40=
52,-35,y5Y+KlINsu0c5GkhhZNZXvfjvJc=,XLQ2D/G612HxDa5EPQ2MtA7gi40=
58,-35,y5Y+KlINsu0c5GkhhZNZXvfjvJc=,XLQ2D/G612HxDa5EPQ2MtA7gi40=
53,-47,kvwGE+2+Ou9/eiKJqRdeMasd4/o=,XLQ2D/G612HxDa5EPQ2MtA7gi40=
54,-35,y5Y+KlINsu0c5GkhhZNZXvfjvJc=,XLQ2D/G612HxDa5EPQ2MtA7gi40=
57,-35,kvwGE+2+Ou9/eiKJqRdeMasd4/o=,XLQ2D/G612HxDa5EPQ2MtA7gi40=
53,-35,y5Y+KlINsu0c5GkhhZNZXvfjvJc=,XLQ2D/G612HxDa5EPQ2MtA7gi40=
54,-47,kvwGE+2+Ou9/eiKJqRdeMasd4/o=,XLQ2D/G612HxDa5EPQ2MtA7gi40=
55,-35,y5Y+KlINsu0c5GkhhZNZXvfjvJc=,XLQ2D/G612HxDa5EPQ2MtA7gi40=
55,-47,kvwGE+2+Ou9/eiKJqRdeMasd4/o=,XLQ2D/G612HxDa5EPQ2MtA7gi40=
56,-47,kvwGE+2+Ou9/eiKJqRdeMasd4/o=,XLQ2D/G612HxDa5EPQ2MtA7gi40=
58,-36,y5Y+KlINsu0c5GkhhZNZXvfjvJc=,XLQ2D/G612HxDa5EPQ2MtA7gi40=
51,-36,y5Y+KlINsu0c5GkhhZNZXvfjvJc=,XLQ2D/G612HxDa5EPQ2MtA7gi40=
50,-36,y5Y+KlINsu0c5GkhhZNZXvfjvJc=,XLQ2D/G612HxDa5EPQ2MtA7gi40=
49,-36,y5Y+KlINsu0c5GkhhZNZXvfjvJc=,XLQ2D/G612HxDa5EPQ2MtA7gi40=
59,-36,y5Y+KlINsu0c5GkhhZNZXvfjvJc=,XLQ2D/G612HxDa5EPQ2MtA7gi40=
48,-36,y5Y+KlINsu0c5GkhhZNZXvfjvJc=,XLQ2D/G612HxDa5EPQ2MtA7gi40=
63,-37,y5Y+KlINsu0c5GkhhZNZXvfjvJc=,XLQ2D/G612HxDa5EPQ2MtA7gi40=
62,-37,y5Y+KlINsu0c5GkhhZNZXvfjvJc=,XLQ2D/G612HxDa5EPQ2MtA7gi40=
61,-37,y5Y+KlINsu0c5GkhhZNZXvfjvJc=,XLQ2D/G612HxDa5EPQ2MtA7gi40=
57,-36,y5Y+KlINsu0c5GkhhZNZXvfjvJc=,XLQ2D/G612HxDa5EPQ2MtA7gi40=
56,-34,kvwGE+2+Ou9/eiKJqRdeMasd4/o=,XLQ2D/G612HxDa5EPQ2MtA7gi40=
53,-36,y5Y+KlINsu0c5GkhhZNZXvfjvJc=,XLQ2D/G612HxDa5EPQ2MtA7gi40=
52,-36,y5Y+KlINsu0c5GkhhZNZXvfjvJc=,XLQ2D/G612HxDa5EPQ2MtA7gi40=
55,-36,y5Y+KlINsu0c5GkhhZNZXvfjvJc=,XLQ2D/G612HxDa5EPQ2MtA7gi40=
57,-47,y5Y+KlINsu0c5GkhhZNZXvfjvJc=,XLQ2D/G612HxDa5EPQ2MtA7gi40=
58,-47,y5Y+KlINsu0c5GkhhZNZXvfjvJc=,XLQ2D/G612HxDa5EPQ2MtA7gi40=
52,-37,y5Y+KlINsu0c5GkhhZNZXvfjvJc=,XLQ2D/G612HxDa5EPQ2MtA7gi40=
51,-37,y5Y+KlINsu0c5GkhhZNZXvfjvJc=,XLQ2D/G612HxDa5EPQ2MtA7gi40=
50,-37,y5Y+KlINsu0c5GkhhZNZXvfjvJc=,XLQ2D/G612HxDa5EPQ2MtA7gi40=
49,-37,y5Y+KlINsu0c5GkhhZNZXvfjvJc=,XLQ2D/G612HxDa5EPQ2MtA7gi40=
59,-48,y5Y+KlINsu0c5GkhhZNZXvfjvJc=,XLQ2D/G612HxDa5EPQ2MtA7gi40=
48,-37,y5Y+KlINsu0c5GkhhZNZXvfjvJc=,XLQ2D/G612HxDa5EPQ2MtA7gi40=
63,-38,y5Y+KlINsu0c5GkhhZNZXvfjvJc=,XLQ2D/G612HxDa5EPQ2MtA7gi40=
62,-38,y5Y+KlINsu0c5GkhhZNZXvfjvJc=,XLQ2D/G612HxDa5EPQ2MtA7gi40=
61,-38,y5Y+KlINsu0c5GkhhZNZXvfjvJc=,XLQ2D/G612HxDa5EPQ2MtA7gi40=
60,-38,y5Y+KlINsu0c5GkhhZNZXvfjvJc=,XLQ2D/G612HxDa5EPQ2MtA7gi40=
59,-38,y5Y+KlINsu0c5GkhhZNZXvfjvJc=,XLQ2D/G612HxDa5EPQ2MtA7gi40=
58,-38,y5Y+KlINsu0c5GkhhZNZXvfjvJc=,XLQ2D/G612HxDa5EPQ2MtA7gi40=
61,-48,y5Y+KlINsu0c5GkhhZNZXvfjvJc=,XLQ2D/G612HxDa5EPQ2MtA7gi40=
54,-36,y5Y+KlINsu0c5GkhhZNZXvfjvJc=,XLQ2D/G612HxDa5EPQ2MtA7gi40=
60,-37,y5Y+KlINsu0c5GkhhZNZXvfjvJc=,XLQ2D/G612HxDa5EPQ2MtA7gi40=
59,-37,y5Y+KlINsu0c5GkhhZNZXvfjvJc=,XLQ2D/G612HxDa5EPQ2MtA7gi40=
52,-38,y5Y+KlINsu0c5GkhhZNZXvfjvJc=,XLQ2D/G612HxDa5EPQ2MtA7gi40=
51,-38,y5Y+KlINsu0c5GkhhZNZXvfjvJc=,XLQ2D/G612HxDa5EPQ2MtA7gi40=
50,-38,y5Y+KlINsu0c5GkhhZNZXvfjvJc=,XLQ2D/G612HxDa5EPQ2MtA7gi40=
49,-38,y5Y+KlINsu0c5GkhhZNZXvfjvJc=,XLQ2D/G612HxDa5EPQ2MtA7gi40=
48,-38,y5Y+KlINsu0c5GkhhZNZXvfjvJc=,XLQ2D/G612HxDa5EPQ2MtA7gi40=
63,-39,y5Y+KlINsu0c5GkhhZNZXvfjvJc=,XLQ2D/G612HxDa5EPQ2MtA7gi40=
62,-39,y5Y+KlINsu0c5GkhhZNZXvfjvJc=,XLQ2D/G612HxDa5EPQ2MtA7gi40=
53,-38,y5Y+KlINsu0c5GkhhZNZXvfjvJc=,XLQ2D/G612HxDa5EPQ2MtA7gi40=
58,-39,y5Y+KlINsu0c5GkhhZNZXvfjvJc=,XLQ2D/G612HxDa5EPQ2MtA7gi40=
53,-37,y5Y+KlINsu0c5GkhhZNZXvfjvJc=,XLQ2D/G612HxDa5EPQ2MtA7gi40=
58,-37,y5Y+KlINsu0c5GkhhZNZXvfjvJc=,XLQ2D/G612HxDa5EPQ2MtA7gi40=
56,-37,y5Y+KlINsu0c5GkhhZNZXvfjvJc=,XLQ2D/G612HxDa5EPQ2MtA7gi40=
56,-35,y5Y+KlINsu0c5GkhhZNZXvfjvJc=,XLQ2D/G612HxDa5EPQ2MtA7gi40=
52,-39,y5Y+KlINsu0c5GkhhZNZXvfjvJc=,XLQ2D/G612HxDa5EPQ2MtA7gi40=
51,-39,y5Y+KlINsu0c5GkhhZNZXvfjvJc=,XLQ2D/G612HxDa5EPQ2MtA7gi40=
54,-38,y5Y+KlINsu0c5GkhhZNZXvfjvJc=,XLQ2D/G612HxDa5EPQ2MtA7gi40=
49,-39,y5Y+KlINsu0c5GkhhZNZXvfjvJc=,XLQ2D/G612HxDa5EPQ2MtA7gi40=
48,-39,y5Y+KlINsu0c5GkhhZNZXvfjvJc=,XLQ2D/G612HxDa5EPQ2MtA7gi40=
63,-40,y5Y+KlINsu0c5GkhhZNZXvfjvJc=,XLQ2D/G612HxDa5EPQ2MtA7gi40=
62,-40,y5Y+KlINsu0c5GkhhZNZXvfjvJc=,XLQ2D/G612HxDa5EPQ2MtA7gi40=
57,-39,y5Y+KlINsu0c5GkhhZNZXvfjvJc=,XLQ2D/G612HxDa5EPQ2MtA7gi40=
59,-39,y5Y+KlINsu0c5GkhhZNZXvfjvJc=,XLQ2D/G612HxDa5EPQ2MtA7gi40=
58,-48,y5Y+KlINsu0c5GkhhZNZXvfjvJc=,XLQ2D/G612HxDa5EPQ2MtA7gi40=
60,-48,y5Y+KlINsu0c5GkhhZNZXvfjvJc=,XLQ2D/G612HxDa5EPQ2MtA7gi40=
56,-38,y5Y+KlINsu0c5GkhhZNZXvfjvJc=,XLQ2D/G612HxDa5EPQ2MtA7gi40=
54,-37,y5Y+KlINsu0c5GkhhZNZXvfjvJc=,XLQ2D/G612HxDa5EPQ2MtA7gi40=
58,-40,y5Y+KlINsu0c5GkhhZNZXvfjvJc=,XLQ2D/G612HxDa5EPQ2MtA7gi40=
57,-40,y5Y+KlINsu0c5GkhhZNZXvfjvJc=,XLQ2D/G612HxDa5EPQ2MtA7gi40=
52,-40,y5Y+KlINsu0c5GkhhZNZXvfjvJc=,XLQ2D/G612HxDa5EPQ2MtA7gi40=
51,-40,y5Y+KlINsu0c5GkhhZNZXvfjvJc=,XLQ2D/G612HxDa5EPQ2MtA7gi40=
56,-36,y5Y+KlINsu0c5GkhhZNZXvfjvJc=,XLQ2D/G612HxDa5EPQ2MtA7gi40=
49,-40,y5Y+KlINsu0c5GkhhZNZXvfjvJc=,XLQ2D/G612HxDa5EPQ2MtA7gi40=
55,-38,y5Y+KlINsu0c5GkhhZNZXvfjvJc=,XLQ2D/G612HxDa5EPQ2MtA7gi40=
48,-40,y5Y+KlINsu0c5GkhhZNZXvfjvJc=,XLQ2D/G612HxDa5EPQ2MtA7gi40=
63,-41,y5Y+KlINsu0c5GkhhZNZXvfjvJc=,XLQ2D/G612HxDa5EPQ2MtA7gi40=
57,-37,y5Y+KlINsu0c5GkhhZNZXvfjvJc=,XLQ2D/G612HxDa5EPQ2MtA7gi40=
55,-37,y5Y+KlINsu0c5GkhhZNZXvfjvJc=,XLQ2D/G612HxDa5EPQ2MtA7gi40=
53,-39,y5Y+KlINsu0c5GkhhZNZXvfjvJc=,XLQ2D/G612HxDa5EPQ2MtA7gi40=
57,-38,y5Y+KlINsu0c5GkhhZNZXvfjvJc=,XLQ2D/G612HxDa5EPQ2MtA7gi40=
53,-40,y5Y+KlINsu0c5GkhhZNZXvfjvJc=,XLQ2D/G612HxDa5EPQ2MtA7gi40=
58,-41,y5Y+KlINsu0c5GkhhZNZXvfjvJc=,XLQ2D/G612HxDa5EPQ2MtA7gi40=
56,-48,y5Y+KlINsu0c5GkhhZNZXvfjvJc=,XLQ2D/G612HxDa5EPQ2MtA7gi40=
60,-39,y5Y+KlINsu0c5GkhhZNZXvfjvJc=,XLQ2D/G612HxDa5EPQ2MtA7gi40=
57,-41,y5Y+KlINsu0c5GkhhZNZXvfjvJc=,XLQ2D/G612HxDa5EPQ2MtA7gi40=
60,-40,y5Y+KlINsu0c5GkhhZNZXvfjvJc=,XLQ2D/G612HxDa5EPQ2MtA7gi40=
54,-39,y5Y+KlINsu0c5GkhhZNZXvfjvJc=,XLQ2D/G612HxDa5EPQ2MtA7gi40=
57,-48,y5Y+KlINsu0c5GkhhZNZXvfjvJc=,XLQ2D/G612HxDa5EPQ2MtA7gi40=
56,-40,y5Y+KlINsu0c5GkhhZNZXvfjvJc=,XLQ2D/G612HxDa5EPQ2MtA7gi40=
59,-41,y5Y+KlINsu0c5GkhhZNZXvfjvJc=,XLQ2D/G612HxDa5EPQ2MtA7gi40=
56,-39,y5Y+KlINsu0c5GkhhZNZXvfjvJc=,XLQ2D/G612HxDa5EPQ2MtA7gi40=
50,-39,y5Y+KlINsu0c5GkhhZNZXvfjvJc=,XLQ2D/G612HxDa5EPQ2MtA7gi40=
55,-39,y5Y+KlINsu0c5GkhhZNZXvfjvJc=,XLQ2D/G612HxDa5EPQ2MtA7gi40=
53,-41,y5Y+KlINsu0c5GkhhZNZXvfjvJc=,XLQ2D/G612HxDa5EPQ2MtA7gi40=
59,-40,y5Y+KlINsu0c5GkhhZNZXvfjvJc=,XLQ2D/G612HxDa5EPQ2MtA7gi40=
62,-41,y5Y+KlINsu0c5GkhhZNZXvfjvJc=,XLQ2D/G612HxDa5EPQ2MtA7gi40=
54,-40,y5Y+KlINsu0c5GkhhZNZXvfjvJc=,XLQ2D/G612HxDa5EPQ2MtA7gi40=
61,-40,y5Y+KlINsu0c5GkhhZNZXvfjvJc=,XLQ2D/G612HxDa5EPQ2MtA7gi40=
50,-40,y5Y+KlINsu0c5GkhhZNZXvfjvJc=,XLQ2D/G612HxDa5EPQ2MtA7gi40=
62,-47,y5Y+KlINsu0c5GkhhZNZXvfjvJc=,XLQ2D/G612HxDa5EPQ2MtA7gi40=
61,-39,y5Y+KlINsu0c5GkhhZNZXvfjvJc=,XLQ2D/G612HxDa5EPQ2MtA7gi40=
50,-48,KmJS1/SnYJDuahmWER8pXKybST4=,XLQ2D/G612HxDa5EPQ2MtA7gi40=
48,-46,KmJS1/SnYJDuahmWER8pXKybST4=,XLQ2D/G612HxDa5EPQ2MtA7gi40=
49,-46,KmJS1/SnYJDuahmWER8pXKybST4=,XLQ2D/G612HxDa5EPQ2MtA7gi40=
50,-46,KmJS1/SnYJDuahmWER8pXKybST4=,XLQ2D/G612HxDa5EPQ2MtA7gi40=
61,-41,y5Y+KlINsu0c5GkhhZNZXvfjvJc=,XLQ2D/G612HxDa5EPQ2MtA7gi40=
60,-41,y5Y+KlINsu0c5GkhhZNZXvfjvJc=,XLQ2D/G612HxDa5EPQ2MtA7gi40=
53,-46,KmJS1/SnYJDuahmWER8pXKybST4=,XLQ2D/G612HxDa5EPQ2MtA7gi40=
54,-46,KmJS1/SnYJDuahmWER8pXKybST4=,XLQ2D/G612HxDa5EPQ2MtA7gi40=
56,-41,y5Y+KlINsu0c5GkhhZNZXvfjvJc=,XLQ2D/G612HxDa5EPQ2MtA7gi40=
56,-46,KmJS1/SnYJDuahmWER8pXKybST4=,XLQ2D/G612HxDa5EPQ2MtA7gi40=
55,-40,y5Y+KlINsu0c5GkhhZNZXvfjvJc=,XLQ2D/G612HxDa5EPQ2MtA7gi40=
55,-46,KmJS1/SnYJDuahmWER8pXKybST4=,XLQ2D/G612HxDa5EPQ2MtA7gi40=
58,-46,KmJS1/SnYJDuahmWER8pXKybST4=,XLQ2D/G612HxDa5EPQ2MtA7gi40=
57,-46,KmJS1/SnYJDuahmWER8pXKybST4=,XLQ2D/G612HxDa5EPQ2MtA7gi40=
61,-46,KmJS1/SnYJDuahmWER8pXKybST4=,XLQ2D/G612HxDa5EPQ2MtA7gi40=
54,-41,y5Y+KlINsu0c5GkhhZNZXvfjvJc=,XLQ2D/G612HxDa5EPQ2MtA7gi40=
62,-46,KmJS1/SnYJDuahmWER8pXKybST4=,XLQ2D/G612HxDa5EPQ2MtA7gi40=
48,-45,KmJS1/SnYJDuahmWER8pXKybST4=,XLQ2D/G612HxDa5EPQ2MtA7gi40=
51,-48,KmJS1/SnYJDuahmWER8pXKybST4=,XLQ2D/G612HxDa5EPQ2MtA7gi40=
49,-45,KmJS1/SnYJDuahmWER8pXKybST4=,XLQ2D/G612HxDa5EPQ2MtA7gi40=
50,-45,KmJS1/SnYJDuahmWER8pXKybST4=,XLQ2D/G612HxDa5EPQ2MtA7gi40=
51,-45,KmJS1/SnYJDuahmWER8pXKybST4=,XLQ2D/G612HxDa5EPQ2MtA7gi40=
59,-46,KmJS1/SnYJDuahmWER8pXKybST4=,XLQ2D/G612HxDa5EPQ2MtA7gi40=
63,-47,y5Y+KlINsu0c5GkhhZNZXvfjvJc=,XLQ2D/G612HxDa5EPQ2MtA7gi40=
51,-46,KmJS1/SnYJDuahmWER8pXKybST4=,XLQ2D/G612HxDa5EPQ2MtA7gi40=
55,-45,KmJS1/SnYJDuahmWER8pXKybST4=,XLQ2D/G612HxDa5EPQ2MtA7gi40=
54,-45,KmJS1/SnYJDuahmWER8pXKybST4=,XLQ2D/G612HxDa5EPQ2MtA7gi40=
60,-46,KmJS1/SnYJDuahmWER8pXKybST4=,XLQ2D/G612HxDa5EPQ2MtA7gi40=
60,-47,y5Y+KlINsu0c5GkhhZNZXvfjvJc=,XLQ2D/G612HxDa5EPQ2MtA7gi40=
57,-45,KmJS1/SnYJDuahmWER8pXKybST4=,XLQ2D/G612HxDa5EPQ2MtA7gi40=
58,-45,KmJS1/SnYJDuahmWER8pXKybST4=,XLQ2D/G612HxDa5EPQ2MtA7gi40=
59,-45,KmJS1/SnYJDuahmWER8pXKybST4=,XLQ2D/G612HxDa5EPQ2MtA7gi40=
62,-45,KmJS1/SnYJDuahmWER8pXKybST4=,XLQ2D/G612HxDa5EPQ2MtA7gi40=
56,-45,KmJS1/SnYJDuahmWER8pXKybST4=,XLQ2D/G612HxDa5EPQ2MtA7gi40=
48,-44,KmJS1/SnYJDuahmWER8pXKybST4=,XLQ2D/G612HxDa5EPQ2MtA7gi40=
52,-48,KmJS1/SnYJDuahmWER8pXKybST4=,XLQ2D/G612HxDa5EPQ2MtA7gi40=
49,-44,KmJS1/SnYJDuahmWER8pXKybST4=,XLQ2D/G612HxDa5EPQ2MtA7gi40=
59,-47,y5Y+KlINsu0c5GkhhZNZXvfjvJc=,XLQ2D/G612HxDa5EPQ2MtA7gi40=
51,-44,KmJS1/SnYJDuahmWER8pXKybST4=,XLQ2D/G612HxDa5EPQ2MtA7gi40=
60,-45,KmJS1/SnYJDuahmWER8pXKybST4=,XLQ2D/G612HxDa5EPQ2MtA7gi40=
53,-44,KmJS1/SnYJDuahmWER8pXKybST4=,XLQ2D/G612HxDa5EPQ2MtA7gi40=
54,-44,KmJS1/SnYJDuahmWER8pXKybST4=,XLQ2D/G612HxDa5EPQ2MtA7gi40=
55,-41,y5Y+KlINsu0c5GkhhZNZXvfjvJc=,XLQ2D/G612HxDa5EPQ2MtA7gi40=
61,-47,y5Y+KlINsu0c5GkhhZNZXvfjvJc=,XLQ2D/G612HxDa5EPQ2MtA7gi40=
57,-44,KmJS1/SnYJDuahmWER8pXKybST4=,XLQ2D/G612HxDa5EPQ2MtA7gi40=
58,-44,KmJS1/SnYJDuahmWER8pXKybST4=,XLQ2D/G612HxDa5EPQ2MtA7gi40=
52,-45,KmJS1/SnYJDuahmWER8pXKybST4=,XLQ2D/G612HxDa5EPQ2MtA7gi40=
59,-44,KmJS1/SnYJDuahmWER8pXKybST4=,XLQ2D/G612HxDa5EPQ2MtA7gi40=
56,-44,KmJS1/SnYJDuahmWER8pXKybST4=,XLQ2D/G612HxDa5EPQ2MtA7gi40=
55,-44,KmJS1/SnYJDuahmWER8pXKybST4=,XLQ2D/G612HxDa5EPQ2MtA7gi40=
63,-46,KmJS1/SnYJDuahmWER8pXKybST4=,XLQ2D/G612HxDa5EPQ2MtA7gi40=
48,-43,KmJS1/SnYJDuahmWER8pXKybST4=,XLQ2D/G612HxDa5EPQ2MtA7gi40=
60,-44,KmJS1/SnYJDuahmWER8pXKybST4=,XLQ2D/G612HxDa5EPQ2MtA7gi40=
49,-43,KmJS1/SnYJDuahmWER8pXKybST4=,XLQ2D/G612HxDa5EPQ2MtA7gi40=
50,-43,KmJS1/SnYJDuahmWER8pXKybST4=,XLQ2D/G612HxDa5EPQ2MtA7gi40=
51,-43,KmJS1/SnYJDuahmWER8pXKybST4=,XLQ2D/G612HxDa5EPQ2MtA7gi40=
53,-45,KmJS1/SnYJDuahmWER8pXKybST4=,XLQ2D/G612HxDa5EPQ2MtA7gi40=
52,-46,KmJS1/SnYJDuahmWER8pXKybST4=,XLQ2D/G612HxDa5EPQ2MtA7gi40=
54,-43,KmJS1/SnYJDuahmWER8pXKybST4=,XLQ2D/G612HxDa5EPQ2MtA7gi40=
55,-43,KmJS1/SnYJDuahmWER8pXKybST4=,XLQ2D/G612HxDa5EPQ2MtA7gi40=
61,-45,KmJS1/SnYJDuahmWER8pXKybST4=,XLQ2D/G612HxDa5EPQ2MtA7gi40=
57,-43,y5Y+KlINsu0c5GkhhZNZXvfjvJc=,XLQ2D/G612HxDa5EPQ2MtA7gi40=
52,-44,KmJS1/SnYJDuahmWER8pXKybST4=,XLQ2D/G612HxDa5EPQ2MtA7gi40=
58,-43,KmJS1/SnYJDuahmWER8pXKybST4=,XLQ2D/G612HxDa5EPQ2MtA7gi40=
60,-43,y5Y+KlINsu0c5GkhhZNZXvfjvJc=,XLQ2D/G612HxDa5EPQ2MtA7gi40=
62,-44,KmJS1/SnYJDuahmWER8pXKybST4=,XLQ2D/G612HxDa5EPQ2MtA7gi40=
61,-44,KmJS1/SnYJDuahmWER8pXKybST4=,XLQ2D/G612HxDa5EPQ2MtA7gi40=
63,-45,KmJS1/SnYJDuahmWER8pXKybST4=,XLQ2D/G612HxDa5EPQ2MtA7gi40=
48,-42,KmJS1/SnYJDuahmWER8pXKybST4=,XLQ2D/G612HxDa5EPQ2MtA7gi40=
54,-48,y5Y+KlINsu0c5GkhhZNZXvfjvJc=,XLQ2D/G612HxDa5EPQ2MtA7gi40=
49,-42,KmJS1/SnYJDuahmWER8pXKybST4=,XLQ2D/G612HxDa5EPQ2MtA7gi40=
59,-43,KmJS1/SnYJDuahmWER8pXKybST4=,XLQ2D/G612HxDa5EPQ2MtA7gi40=
51,-42,KmJS1/SnYJDuahmWER8pXKybST4=,XLQ2D/G612HxDa5EPQ2MtA7gi40=
56,-43,KmJS1/SnYJDuahmWER8pXKybST4=,XLQ2D/G612HxDa5EPQ2MtA7gi40=
50,-44,KmJS1/SnYJDuahmWER8pXKybST4=,XLQ2D/G612HxDa5EPQ2MtA7gi40=
54,-42,KmJS1/SnYJDuahmWER8pXKybST4=,XLQ2D/G612HxDa5EPQ2MtA7gi40=
53,-48,KmJS1/SnYJDuahmWER8pXKybST4=,XLQ2D/G612HxDa5EPQ2MtA7gi40=
62,-43,KmJS1/SnYJDuahmWER8pXKybST4=,XLQ2D/G612HxDa5EPQ2MtA7gi40=
57,-42,y5Y+KlINsu0c5GkhhZNZXvfjvJc=,XLQ2D/G612HxDa5EPQ2MtA7gi40=
50,-42,KmJS1/SnYJDuahmWER8pXKybST4=,XLQ2D/G612HxDa5EPQ2MtA7gi40=
53,-43,KmJS1/SnYJDuahmWER8pXKybST4=,XLQ2D/G612HxDa5EPQ2MtA7gi40=
52,-43,KmJS1/SnYJDuahmWER8pXKybST4=,XLQ2D/G612HxDa5EPQ2MtA7gi40=
58,-42,y5Y+KlINsu0c5GkhhZNZXvfjvJc=,XLQ2D/G612HxDa5EPQ2MtA7gi40=
52,-42,KmJS1/SnYJDuahmWER8pXKybST4=,XLQ2D/G612HxDa5EPQ2MtA7gi40=
63,-42,KmJS1/SnYJDuahmWER8pXKybST4=,XLQ2D/G612HxDa5EPQ2MtA7gi40=
48,-41,KmJS1/SnYJDuahmWER8pXKybST4=,XLQ2D/G612HxDa5EPQ2MtA7gi40=
63,-44,KmJS1/SnYJDuahmWER8pXKybST4=,XLQ2D/G612HxDa5EPQ2MtA7gi40=
55,-48,y5Y+KlINsu0c5GkhhZNZXvfjvJc=,XLQ2D/G612HxDa5EPQ2MtA7gi40=
50,-41,y5Y+KlINsu0c5GkhhZNZXvfjvJc=,XLQ2D/G612HxDa5EPQ2MtA7gi40=
51,-41,y5Y+KlINsu0c5GkhhZNZXvfjvJc=,XLQ2D/G612HxDa5EPQ2MtA7gi40=
52,-41,y5Y+KlINsu0c5GkhhZNZXvfjvJc=,XLQ2D/G612HxDa5EPQ2MtA7gi40=
61,-43,KmJS1/SnYJDuahmWER8pXKybST4=,XLQ2D/G612HxDa5EPQ2MtA7gi40=
63,-43,KmJS1/SnYJDuahmWER8pXKybST4=,XLQ2D/G612HxDa5EPQ2MtA7gi40=
59,-42,y5Y+KlINsu0c5GkhhZNZXvfjvJc=,XLQ2D/G612HxDa5EPQ2MtA7gi40=
53,-42,KmJS1/SnYJDuahmWER8pXKybST4=,XLQ2D/G612HxDa5EPQ2MtA7gi40=
55,-42,y5Y+KlINsu0c5GkhhZNZXvfjvJc=,XLQ2D/G612HxDa5EPQ2MtA7gi40=
60,-42,y5Y+KlINsu0c5GkhhZNZXvfjvJc=,XLQ2D/G612HxDa5EPQ2MtA7gi40=
61,-42,KmJS1/SnYJDuahmWER8pXKybST4=,XLQ2D/G612HxDa5EPQ2MtA7gi40=
56,-42,KmJS1/SnYJDuahmWER8pXKybST4=,XLQ2D/G612HxDa5EPQ2MtA7gi40=
62,-42,y5Y+KlINsu0c5GkhhZNZXvfjvJc=,XLQ2D/G612HxDa5EPQ2MtA7gi40=
49,-41,y5Y+KlINsu0c5GkhhZNZXvfjvJc=,XLQ2D/G612HxDa5EPQ2MtA7gi40=
