-1,-4,/5IwH/LMkUbHlFFSs2o4nUCvtPM=,JHezmV547yWGwzCBkenMFq0gt/A=
-1,-8,/5IwH/LMkUbHlFFSs2o4nUCvtPM=,JHezmV547yWGwzCBkenMFq0gt/A=
-2,-4,/5IwH/LMkUbHlFFSs2o4nUCvtPM=,JHezmV547yWGwzCBkenMFq0gt/A=
-8,-8,/5IwH/LMkUbHlFFSs2o4nUCvtPM=,JHezmV547yWGwzCBkenMFq0gt/A=
-3,-8,/5IwH/LMkUbHlFFSs2o4nUCvtPM=,JHezmV547yWGwzCBkenMFq0gt/A=
-1,-5,/5IwH/LMkUbHlFFSs2o4nUCvtPM=,JHezmV547yWGwzCBkenMFq0gt/A=
-2,-5,/5IwH/LMkUbHlFFSs2o4nUCvtPM=,JHezmV547yWGwzCBkenMFq0gt/A=
-1,-6,/5IwH/LMkUbHlFFSs2o4nUCvtPM=,JHezmV547yWGwzCBkenMFq0gt/A=
-8,-7,/5IwH/LMkUbHlFFSs2o4nUCvtPM=,JHezmV547yWGwzCBkenMFq0gt/A=
-2,-6,/5IwH/LMkUbHlFFSs2o4nUCvtPM=,JHezmV547yWGwzCBkenMFq0gt/A=
-5,-8,/5IwH/LMkUbHlFFSs2o4nUCvtPM=,JHezmV547yWGwzCBkenMFq0gt/A=
-7,-7,/5IwH/LMkUbHlFFSs2o4nUCvtPM=,JHezmV547yWGwzCBkenMFq0gt/A=
-3,-4,/5IwH/LMkUbHlFFSs2o4nUCvtPM=,JHezmV547yWGwzCBkenMFq0gt/A=
-6,-7,/5IwH/LMkUbHlFFSs2o4nUCvtPM=,JHezmV547yWGwzCBkenMFq0gt/A=
-2,-8,/5IwH/LMkUbHlFFSs2o4nUCvtPM=,JHezmV547yWGwzCBkenMFq0gt/A=
-5,-4,/5IwH/LMkUbHlFFSs2o4nUCvtPM=,JHezmV547yWGwzCBkenMFq0gt/A=
-4,-4,/5IwH/LMkUbHlFFSs2o4nUCvtPM=,JHezmV547yWGwzCBkenMFq0gt/A=
-4,-5,/5IwH/LMkUbHlFFSs2o4nUCvtPM=,JHezmV547yWGwzCBkenMFq0gt/A=
-7,-3,/5IwH/LMkUbHlFFSs2o4nUCvtPM=,JHezmV547yWGwzCBkenMFq0gt/A=
-3,-5,/5IwH/LMkUbHlFFSs2o4nUCvtPM=,JHezmV547yWGwzCBkenMFq0gt/A=
-8,-3,/5IwH/LMkUbHlFFSs2o4nUCvtPM=,JHezmV547yWGwzCBkenMFq0gt/A=
-6,-5,/5IwH/LMkUbHlFFSs2o4nUCvtPM=,JHezmV547yWGwzCBkenMFq0gt/A=
-5,-5,/5IwH/LMkUbHlFFSs2o4nUCvtPM=,JHezmV547yWGwzCBkenMFq0gt/A=
-7,-5,/5IwH/LMkUbHlFFSs2o4nUCvtPM=,JHezmV547yWGwzCBkenMFq0gt/A=
-6,-4,/5IwH/LMkUbHlFFSs2o4nUCvtPM=,JHezmV547yWGwzCBkenMFq0gt/A=
-2,-7,/5IwH/LMkUbHlFFSs2o4nUCvtPM=,JHezmV547yWGwzCBkenMFq0gt/A=
-6,-3,/5IwH/LMkUbHlFFSs2o4nUCvtPM=,JHezmV547yWGwzCBkenMFq0gt/A=
-3,-7,/5IwH/LMkUbHlFFSs2o4nUCvtPM=,JHezmV547yWGwzCBkenMFq0gt/A=
-2,-1,/5IwH/LMkUbHlFFSs2o4nUCvtPM=,JHezmV547yWGwzCBkenMFq0gt/A=
-8,-5,/5IwH/LMkUbHlFFSs2o4nUCvtPM=,JHezmV547yWGwzCBkenMFq0gt/A=
-7,-8,/5IwH/LMkUbHlFFSs2o4nUCvtPM=,JHezmV547yWGwzCBkenMFq0gt/A=
-5,-3,/5IwH/LMkUbHlFFSs2o4nUCvtPM=,JHezmV547yWGwzCBkenMFq0gt/A=
-3,-6,/5IwH/LMkUbHlFFSs2o4nUCvtPM=,JHezmV547yWGwzCBkenMFq0gt/A=
-4,-8,/5IwH/LMkUbHlFFSs2o4nUCvtPM=,JHezmV547yWGwzCBkenMFq0gt/A=
-4,-6,/5IwH/LMkUbHlFFSs2o4nUCvtPM=,JHezmV547yWGwzCBkenMFq0gt/A=
-5,-6,/5IwH/LMkUbHlFFSs2o4nUCvtPM=,JHezmV547yWGwzCBkenMFq0gt/A=
-6,-6,/5IwH/LMkUbHlFFSs2o4nUCvtPM=,JHezmV547yWGwzCBkenMFq0gt/A=
-4,-3,/5IwH/LMkUbHlFFSs2o4nUCvtPM=,JHezmV547yWGwzCBkenMFq0gt/A=
-7,-6,/5IwH/LMkUbHlFFSs2o4nUCvtPM=,JHezmV547yWGwzCBkenMFq0gt/A=
-1,-7,/5IwH/LMkUbHlFFSs2o4nUCvtPM=,JHezmV547yWGwzCBkenMFq0gt/A=
-8,-6,/5IwH/LMkUbHlFFSs2o4nUCvtPM=,JHezmV547yWGwzCBkenMFq0gt/A=
-3,-3,/5IwH/LMkUbHlFFSs2o4nUCvtPM=,JHezmV547yWGwzCBkenMFq0gt/A=
-4,-1,/5IwH/LMkUbHlFFSs2o4nUCvtPM=,JHezmV547yWGwzCBkenMFq0gt/A=
-6,-8,/5IwH/LMkUbHlFFSs2o4nUCvtPM=,JHezmV547yWGwzCBkenMFq0gt/A=
-7,-4,/5IwH/LMkUbHlFFSs2o4nUCvtPM=,JHezmV547yWGwzCBkenMFq0gt/A=
-3,-1,/5IwH/LMkUbHlFFSs2o4nUCvtPM=,JHezmV547yWGwzCBkenMFq0gt/A=
-2,-3,/5IwH/LMkUbHlFFSs2o4nUCvtPM=,JHezmV547yWGwzCBkenMFq0gt/A=
-5,-1,/5IwH/LMkUbHlFFSs2o4nUCvtPM=,JHezmV547yWGwzCBkenMFq0gt/A=
-6,-1,/5IwH/LMkUbHlFFSs2o4nUCvtPM=,JHezmV547yWGwzCBkenMFq0gt/A=
-8,-1,/5IwH/LMkUbHlFFSs2o4nUCvtPM=,JHezmV547yWGwzCBkenMFq0gt/A=
-4,-7,/5IwH/LMkUbHlFFSs2o4nUCvtPM=,JHezmV547yWGwzCBkenMFq0gt/A=
-1,-3,/5IwH/LMkUbHlFFSs2o4nUCvtPM=,JHezmV547yWGwzCBkenMFq0gt/A=
-2,-2,/5IwH/LMkUbHlFFSs2o4nUCvtPM=,JHezmV547yWGwzCBkenMFq0gt/A=
-3,-2,/5IwH/LMkUbHlFFSs2o4nUCvtPM=,JHezmV547yWGwzCBkenMFq0gt/A=
-5,-7,/5IwH/LMkUbHlFFSs2o4nUCvtPM=,JHezmV547yWGwzCBkenMFq0gt/A=
-7,-1,/5IwH/LMkUbHlFFSs2o4nUCvtPM=,JHezmV547yWGwzCBkenMFq0gt/A=
-8,-4,/5IwH/LMkUbHlFFSs2o4nUCvtPM=,JHezmV547yWGwzCBkenMFq0gt/A=
-4,-2,/5IwH/LMkUbHlFFSs2o4nUCvtPM=,JHezmV547yWGwzCBkenMFq0gt/A=
-8,-2,/5IwH/LMkUbHlFFSs2o4nUCvtPM=,JHezmV547yWGwzCBkenMFq0gt/A=
-6,-2,/5IwH/LMkUbHlFFSs2o4nUCvtPM=,JHezmV547yWGwzCBkenMFq0gt/A=
-5,-2,/5IwH/LMkUbHlFFSs2o4nUCvtPM=,JHezmV547yWGwzCBkenMFq0gt/A=
-7,-2,/5IwH/LMkUbHlFFSs2o4nUCvtPM=,JHezmV547yWGwzCBkenMFq0gt/A=
-1,-2,/5IwH/LMkUbHlFFSs2o4nUCvtPM=,JHezmV547yWGwzCBkenMFq0gt/A=
-1,-1,/5IwH/LMkUbHlFFSs2o4nUCvtPM=,JHezmV547yWGwzCBkenMFq0gt/A=
