5,-6,AqkT0U2U9pphdD87x20YbqFWL08=,eY8WOjMBzuZCi8d1D0WBvSgq3iU=
4,-6,AqkT0U2U9pphdD87x20YbqFWL08=,hzQLs4eERsPgbXfw6ydZpCBQP/M=
4,-7,AqkT0U2U9pphdD87x20YbqFWL08=,k2MB4KdbP1tghyeZaL+5Ignk/h0=
3,-6,AqkT0U2U9pphdD87x20YbqFWL08=,SDR5r7tseFdVFd+r8OJUsaxeZ04=
3,-7,AqkT0U2U9pphdD87x20YbqFWL08=,SDR5r7tseFdVFd+r8OJUsaxeZ04=
3,-2,AqkT0U2U9pphdD87x20YbqFWL08=,k2MB4KdbP1tghyeZaL+5Ignk/h0=
2,-7,AqkT0U2U9pphdD87x20YbqFWL08=,hzQLs4eERsPgbXfw6ydZpCBQP/M=
2,-2,AqkT0U2U9pphdD87x20YbqFWL08=,hzQLs4eERsPgbXfw6ydZpCBQP/M=
2,-3,AqkT0U2U9pphdD87x20YbqFWL08=,4EmYeaESptVPxsJYZw8k4pWOL88=
2,-6,AqkT0U2U9pphdD87x20YbqFWL08=,SDR5r7tseFdVFd+r8OJUsaxeZ04=
2,-8,AqkT0U2U9pphdD87x20YbqFWL08=,k2MB4KdbP1tghyeZaL+5Ignk/h0=
2,-1,AqkT0U2U9pphdD87x20YbqFWL08=,SDR5r7tseFdVFd+r8OJUsaxeZ04=
1,-7,AqkT0U2U9pphdD87x20YbqFWL08=,wa2rk1DCSMbJm/psUHf66VcQ8SI=
1,-8,AqkT0U2U9pphdD87x20YbqFWL08=,ztZ3nm7GapMFYw9zTpENrAw5Uhs=
1,-5,AqkT0U2U9pphdD87x20YbqFWL08=,rxEHWttdbecoKiz27ACxdeQxd/A=
1,-6,AqkT0U2U9pphdD87x20YbqFWL08=,rVjHbI1qwwTSPduqcDOZ+VD0sOM=
1,-3,AqkT0U2U9pphdD87x20YbqFWL08=,rVjHbI1qwwTSPduqcDOZ+VD0sOM=
1,-1,AqkT0U2U9pphdD87x20YbqFWL08=,wa2rk1DCSMbJm/psUHf66VcQ8SI=
1,-2,AqkT0U2U9pphdD87x20YbqFWL08=,wa2rk1DCSMbJm/psUHf66VcQ8SI=
0,-8,AqkT0U2U9pphdD87x20YbqFWL08=,rVjHbI1qwwTSPduqcDOZ+VD0sOM=
0,-7,AqkT0U2U9pphdD87x20YbqFWL08=,rVjHbI1qwwTSPduqcDOZ+VD0sOM=
0,-6,AqkT0U2U9pphdD87x20YbqFWL08=,wa2rk1DCSMbJm/psUHf66VcQ8SI=
0,-3,AqkT0U2U9pphdD87x20YbqFWL08=,rVjHbI1qwwTSPduqcDOZ+VD0sOM=
0,-2,AqkT0U2U9pphdD87x20YbqFWL08=,wa2rk1DCSMbJm/psUHf66VcQ8SI=
0,-1,AqkT0U2U9pphdD87x20YbqFWL08=,wa2rk1DCSMbJm/psUHf66VcQ8SI=
0,-5,AqkT0U2U9pphdD87x20YbqFWL08=,ztZ3nm7GapMFYw9zTpENrAw5Uhs=
0,-4,AqkT0U2U9pphdD87x20YbqFWL08=,ztZ3nm7GapMFYw9zTpENrAw5Uhs=
