-158,-63,3sKoqy+U9z0Nybv0dKw7ktSWcbA=,50Fcm3Lfpz/iWQuAQZALuT/2L8U=
-159,-63,3sKoqy+U9z0Nybv0dKw7ktSWcbA=,50Fcm3Lfpz/iWQuAQZALuT/2L8U=
-160,-63,3sKoqy+U9z0Nybv0dKw7ktSWcbA=,50Fcm3Lfpz/iWQuAQZALuT/2L8U=
-157,-63,3sKoqy+U9z0Nybv0dKw7ktSWcbA=,50Fcm3Lfpz/iWQuAQZALuT/2L8U=
-156,-63,3sKoqy+U9z0Nybv0dKw7ktSWcbA=,50Fcm3Lfpz/iWQuAQZALuT/2L8U=
-155,-63,3sKoqy+U9z0Nybv0dKw7ktSWcbA=,50Fcm3Lfpz/iWQuAQZALuT/2L8U=
-145,-49,3sKoqy+U9z0Nybv0dKw7ktSWcbA=,50Fcm3Lfpz/iWQuAQZALuT/2L8U=
-154,-63,3sKoqy+U9z0Nybv0dKw7ktSWcbA=,50Fcm3Lfpz/iWQuAQZALuT/2L8U=
-153,-63,3sKoqy+U9z0Nybv0dKw7ktSWcbA=,50Fcm3Lfpz/iWQuAQZALuT/2L8U=
-145,-64,3sKoqy+U9z0Nybv0dKw7ktSWcbA=,50Fcm3Lfpz/iWQuAQZALuT/2L8U=
-146,-64,3sKoqy+U9z0Nybv0dKw7ktSWcbA=,50Fcm3Lfpz/iWQuAQZALuT/2L8U=
-152,-63,3sKoqy+U9z0Nybv0dKw7ktSWcbA=,50Fcm3Lfpz/iWQuAQZALuT/2L8U=
-151,-63,3sKoqy+U9z0Nybv0dKw7ktSWcbA=,50Fcm3Lfpz/iWQuAQZALuT/2L8U=
-148,-64,3sKoqy+U9z0Nybv0dKw7ktSWcbA=,50Fcm3Lfpz/iWQuAQZALuT/2L8U=
-150,-63,3sKoqy+U9z0Nybv0dKw7ktSWcbA=,50Fcm3Lfpz/iWQuAQZALuT/2L8U=
-147,-64,3sKoqy+U9z0Nybv0dKw7ktSWcbA=,50Fcm3Lfpz/iWQuAQZALuT/2L8U=
-149,-64,3sKoqy+U9z0Nybv0dKw7ktSWcbA=,50Fcm3Lfpz/iWQuAQZALuT/2L8U=
-149,-63,3sKoqy+U9z0Nybv0dKw7ktSWcbA=,50Fcm3Lfpz/iWQuAQZALuT/2L8U=
-148,-63,3sKoqy+U9z0Nybv0dKw7ktSWcbA=,50Fcm3Lfpz/iWQuAQZALuT/2L8U=
-150,-64,3sKoqy+U9z0Nybv0dKw7ktSWcbA=,50Fcm3Lfpz/iWQuAQZALuT/2L8U=
-147,-63,3sKoqy+U9z0Nybv0dKw7ktSWcbA=,50Fcm3Lfpz/iWQuAQZALuT/2L8U=
-151,-64,3sKoqy+U9z0Nybv0dKw7ktSWcbA=,50Fcm3Lfpz/iWQuAQZALuT/2L8U=
-146,-63,3sKoqy+U9z0Nybv0dKw7ktSWcbA=,50Fcm3Lfpz/iWQuAQZALuT/2L8U=
-145,-63,3sKoqy+U9z0Nybv0dKw7ktSWcbA=,50Fcm3Lfpz/iWQuAQZALuT/2L8U=
-152,-64,3sKoqy+U9z0Nybv0dKw7ktSWcbA=,50Fcm3Lfpz/iWQuAQZALuT/2L8U=
-160,-62,3sKoqy+U9z0Nybv0dKw7ktSWcbA=,50Fcm3Lfpz/iWQuAQZALuT/2L8U=
-159,-62,3sKoqy+U9z0Nybv0dKw7ktSWcbA=,50Fcm3Lfpz/iWQuAQZALuT/2L8U=
-153,-64,3sKoqy+U9z0Nybv0dKw7ktSWcbA=,50Fcm3Lfpz/iWQuAQZALuT/2L8U=
-158,-62,3sKoqy+U9z0Nybv0dKw7ktSWcbA=,50Fcm3Lfpz/iWQuAQZALuT/2L8U=
-154,-64,3sKoqy+U9z0Nybv0dKw7ktSWcbA=,50Fcm3Lfpz/iWQuAQZALuT/2L8U=
-155,-64,3sKoqy+U9z0Nybv0dKw7ktSWcbA=,50Fcm3Lfpz/iWQuAQZALuT/2L8U=
-157,-62,3sKoqy+U9z0Nybv0dKw7ktSWcbA=,50Fcm3Lfpz/iWQuAQZALuT/2L8U=
-156,-62,3sKoqy+U9z0Nybv0dKw7ktSWcbA=,50Fcm3Lfpz/iWQuAQZALuT/2L8U=
-155,-62,3sKoqy+U9z0Nybv0dKw7ktSWcbA=,50Fcm3Lfpz/iWQuAQZALuT/2L8U=
-154,-62,3sKoqy+U9z0Nybv0dKw7ktSWcbA=,50Fcm3Lfpz/iWQuAQZALuT/2L8U=
-157,-64,3sKoqy+U9z0Nybv0dKw7ktSWcbA=,50Fcm3Lfpz/iWQuAQZALuT/2L8U=
-153,-62,3sKoqy+U9z0Nybv0dKw7ktSWcbA=,50Fcm3Lfpz/iWQuAQZALuT/2L8U=
-152,-62,3sKoqy+U9z0Nybv0dKw7ktSWcbA=,50Fcm3Lfpz/iWQuAQZALuT/2L8U=
-158,-64,3sKoqy+U9z0Nybv0dKw7ktSWcbA=,50Fcm3Lfpz/iWQuAQZALuT/2L8U=
-156,-64,3sKoqy+U9z0Nybv0dKw7ktSWcbA=,50Fcm3Lfpz/iWQuAQZALuT/2L8U=
-159,-64,3sKoqy+U9z0Nybv0dKw7ktSWcbA=,50Fcm3Lfpz/iWQuAQZALuT/2L8U=
-151,-62,3sKoqy+U9z0Nybv0dKw7ktSWcbA=,50Fcm3Lfpz/iWQuAQZALuT/2L8U=
-149,-62,3sKoqy+U9z0Nybv0dKw7ktSWcbA=,50Fcm3Lfpz/iWQuAQZALuT/2L8U=
-146,-49,3sKoqy+U9z0Nybv0dKw7ktSWcbA=,50Fcm3Lfpz/iWQuAQZALuT/2L8U=
-150,-62,3sKoqy+U9z0Nybv0dKw7ktSWcbA=,50Fcm3Lfpz/iWQuAQZALuT/2L8U=
-148,-62,3sKoqy+U9z0Nybv0dKw7ktSWcbA=,50Fcm3Lfpz/iWQuAQZALuT/2L8U=
-160,-64,3sKoqy+U9z0Nybv0dKw7ktSWcbA=,50Fcm3Lfpz/iWQuAQZALuT/2L8U=
-148,-49,3sKoqy+U9z0Nybv0dKw7ktSWcbA=,50Fcm3Lfpz/iWQuAQZALuT/2L8U=
-147,-62,3sKoqy+U9z0Nybv0dKw7ktSWcbA=,50Fcm3Lfpz/iWQuAQZALuT/2L8U=
-149,-49,3sKoqy+U9z0Nybv0dKw7ktSWcbA=,50Fcm3Lfpz/iWQuAQZALuT/2L8U=
-152,-49,3sKoqy+U9z0Nybv0dKw7ktSWcbA=,50Fcm3Lfpz/iWQuAQZALuT/2L8U=
-147,-49,3sKoqy+U9z0Nybv0dKw7ktSWcbA=,50Fcm3Lfpz/iWQuAQZALuT/2L8U=
-153,-49,3sKoqy+U9z0Nybv0dKw7ktSWcbA=,50Fcm3Lfpz/iWQuAQZALuT/2L8U=
-151,-49,3sKoqy+U9z0Nybv0dKw7ktSWcbA=,50Fcm3Lfpz/iWQuAQZALuT/2L8U=
-146,-62,3sKoqy+U9z0Nybv0dKw7ktSWcbA=,50Fcm3Lfpz/iWQuAQZALuT/2L8U=
-150,-49,3sKoqy+U9z0Nybv0dKw7ktSWcbA=,50Fcm3Lfpz/iWQuAQZALuT/2L8U=
-155,-49,3sKoqy+U9z0Nybv0dKw7ktSWcbA=,50Fcm3Lfpz/iWQuAQZALuT/2L8U=
-154,-49,3sKoqy+U9z0Nybv0dKw7ktSWcbA=,50Fcm3Lfpz/iWQuAQZALuT/2L8U=
-156,-49,3sKoqy+U9z0Nybv0dKw7ktSWcbA=,50Fcm3Lfpz/iWQuAQZALuT/2L8U=
-157,-49,3sKoqy+U9z0Nybv0dKw7ktSWcbA=,50Fcm3Lfpz/iWQuAQZALuT/2L8U=
-145,-62,3sKoqy+U9z0Nybv0dKw7ktSWcbA=,50Fcm3Lfpz/iWQuAQZALuT/2L8U=
-159,-49,3sKoqy+U9z0Nybv0dKw7ktSWcbA=,50Fcm3Lfpz/iWQuAQZALuT/2L8U=
-160,-49,3sKoqy+U9z0Nybv0dKw7ktSWcbA=,50Fcm3Lfpz/iWQuAQZALuT/2L8U=
-145,-50,3sKoqy+U9z0Nybv0dKw7ktSWcbA=,50Fcm3Lfpz/iWQuAQZALuT/2L8U=
-160,-61,3sKoqy+U9z0Nybv0dKw7ktSWcbA=,50Fcm3Lfpz/iWQuAQZALuT/2L8U=
-149,-50,3sKoqy+U9z0Nybv0dKw7ktSWcbA=,50Fcm3Lfpz/iWQuAQZALuT/2L8U=
-147,-50,3sKoqy+U9z0Nybv0dKw7ktSWcbA=,50Fcm3Lfpz/iWQuAQZALuT/2L8U=
-159,-61,3sKoqy+U9z0Nybv0dKw7ktSWcbA=,50Fcm3Lfpz/iWQuAQZALuT/2L8U=
-146,-50,3sKoqy+U9z0Nybv0dKw7ktSWcbA=,50Fcm3Lfpz/iWQuAQZALuT/2L8U=
-158,-49,3sKoqy+U9z0Nybv0dKw7ktSWcbA=,50Fcm3Lfpz/iWQuAQZALuT/2L8U=
-154,-50,3sKoqy+U9z0Nybv0dKw7ktSWcbA=,50Fcm3Lfpz/iWQuAQZALuT/2L8U=
-152,-50,3sKoqy+U9z0Nybv0dKw7ktSWcbA=,50Fcm3Lfpz/iWQuAQZALuT/2L8U=
-158,-61,3sKoqy+U9z0Nybv0dKw7ktSWcbA=,50Fcm3Lfpz/iWQuAQZALuT/2L8U=
-148,-50,3sKoqy+U9z0Nybv0dKw7ktSWcbA=,50Fcm3Lfpz/iWQuAQZALuT/2L8U=
-151,-50,3sKoqy+U9z0Nybv0dKw7ktSWcbA=,50Fcm3Lfpz/iWQuAQZALuT/2L8U=
-153,-50,3sKoqy+U9z0Nybv0dKw7ktSWcbA=,50Fcm3Lfpz/iWQuAQZALuT/2L8U=
-150,-50,3sKoqy+U9z0Nybv0dKw7ktSWcbA=,50Fcm3Lfpz/iWQuAQZALuT/2L8U=
-158,-50,3sKoqy+U9z0Nybv0dKw7ktSWcbA=,50Fcm3Lfpz/iWQuAQZALuT/2L8U=
-157,-61,3sKoqy+U9z0Nybv0dKw7ktSWcbA=,50Fcm3Lfpz/iWQuAQZALuT/2L8U=
-157,-50,3sKoqy+U9z0Nybv0dKw7ktSWcbA=,50Fcm3Lfpz/iWQuAQZALuT/2L8U=
-159,-50,3sKoqy+U9z0Nybv0dKw7ktSWcbA=,50Fcm3Lfpz/iWQuAQZALuT/2L8U=
-160,-50,3sKoqy+U9z0Nybv0dKw7ktSWcbA=,50Fcm3Lfpz/iWQuAQZALuT/2L8U=
-156,-50,3sKoqy+U9z0Nybv0dKw7ktSWcbA=,50Fcm3Lfpz/iWQuAQZALuT/2L8U=
-145,-51,3sKoqy+U9z0Nybv0dKw7ktSWcbA=,50Fcm3Lfpz/iWQuAQZALuT/2L8U=
-155,-50,3sKoqy+U9z0Nybv0dKw7ktSWcbA=,50Fcm3Lfpz/iWQuAQZALuT/2L8U=
-156,-61,3sKoqy+U9z0Nybv0dKw7ktSWcbA=,50Fcm3Lfpz/iWQuAQZALuT/2L8U=
-146,-51,3sKoqy+U9z0Nybv0dKw7ktSWcbA=,50Fcm3Lfpz/iWQuAQZALuT/2L8U=
-148,-51,3sKoqy+U9z0Nybv0dKw7ktSWcbA=,50Fcm3Lfpz/iWQuAQZALuT/2L8U=
-147,-51,3sKoqy+U9z0Nybv0dKw7ktSWcbA=,50Fcm3Lfpz/iWQuAQZALuT/2L8U=
-150,-51,3sKoqy+U9z0Nybv0dKw7ktSWcbA=,50Fcm3Lfpz/iWQuAQZALuT/2L8U=
-151,-51,3sKoqy+U9z0Nybv0dKw7ktSWcbA=,50Fcm3Lfpz/iWQuAQZALuT/2L8U=
-155,-61,3sKoqy+U9z0Nybv0dKw7ktSWcbA=,50Fcm3Lfpz/iWQuAQZALuT/2L8U=
-152,-51,3sKoqy+U9z0Nybv0dKw7ktSWcbA=,50Fcm3Lfpz/iWQuAQZALuT/2L8U=
-153,-51,3sKoqy+U9z0Nybv0dKw7ktSWcbA=,50Fcm3Lfpz/iWQuAQZALuT/2L8U=
-154,-51,3sKoqy+U9z0Nybv0dKw7ktSWcbA=,50Fcm3Lfpz/iWQuAQZALuT/2L8U=
-156,-51,3sKoqy+U9z0Nybv0dKw7ktSWcbA=,50Fcm3Lfpz/iWQuAQZALuT/2L8U=
-149,-51,3sKoqy+U9z0Nybv0dKw7ktSWcbA=,50Fcm3Lfpz/iWQuAQZALuT/2L8U=
-155,-51,3sKoqy+U9z0Nybv0dKw7ktSWcbA=,50Fcm3Lfpz/iWQuAQZALuT/2L8U=
-157,-51,3sKoqy+U9z0Nybv0dKw7ktSWcbA=,50Fcm3Lfpz/iWQuAQZALuT/2L8U=
-154,-61,3sKoqy+U9z0Nybv0dKw7ktSWcbA=,50Fcm3Lfpz/iWQuAQZALuT/2L8U=
-160,-51,3sKoqy+U9z0Nybv0dKw7ktSWcbA=,50Fcm3Lfpz/iWQuAQZALuT/2L8U=
-158,-51,3sKoqy+U9z0Nybv0dKw7ktSWcbA=,50Fcm3Lfpz/iWQuAQZALuT/2L8U=
-159,-51,3sKoqy+U9z0Nybv0dKw7ktSWcbA=,50Fcm3Lfpz/iWQuAQZALuT/2L8U=
-146,-52,3sKoqy+U9z0Nybv0dKw7ktSWcbA=,50Fcm3Lfpz/iWQuAQZALuT/2L8U=
-145,-52,3sKoqy+U9z0Nybv0dKw7ktSWcbA=,50Fcm3Lfpz/iWQuAQZALuT/2L8U=
-147,-52,3sKoqy+U9z0Nybv0dKw7ktSWcbA=,50Fcm3Lfpz/iWQuAQZALuT/2L8U=
-153,-61,3sKoqy+U9z0Nybv0dKw7ktSWcbA=,50Fcm3Lfpz/iWQuAQZALuT/2L8U=
-148,-52,3sKoqy+U9z0Nybv0dKw7ktSWcbA=,50Fcm3Lfpz/iWQuAQZALuT/2L8U=
-151,-52,3sKoqy+U9z0Nybv0dKw7ktSWcbA=,50Fcm3Lfpz/iWQuAQZALuT/2L8U=
-149,-52,3sKoqy+U9z0Nybv0dKw7ktSWcbA=,50Fcm3Lfpz/iWQuAQZALuT/2L8U=
-150,-52,3sKoqy+U9z0Nybv0dKw7ktSWcbA=,50Fcm3Lfpz/iWQuAQZALuT/2L8U=
-152,-52,3sKoqy+U9z0Nybv0dKw7ktSWcbA=,50Fcm3Lfpz/iWQuAQZALuT/2L8U=
-155,-52,3sKoqy+U9z0Nybv0dKw7ktSWcbA=,50Fcm3Lfpz/iWQuAQZALuT/2L8U=
-152,-61,3sKoqy+U9z0Nybv0dKw7ktSWcbA=,50Fcm3Lfpz/iWQuAQZALuT/2L8U=
-156,-52,3sKoqy+U9z0Nybv0dKw7ktSWcbA=,50Fcm3Lfpz/iWQuAQZALuT/2L8U=
-153,-52,3sKoqy+U9z0Nybv0dKw7ktSWcbA=,50Fcm3Lfpz/iWQuAQZALuT/2L8U=
-158,-52,3sKoqy+U9z0Nybv0dKw7ktSWcbA=,50Fcm3Lfpz/iWQuAQZALuT/2L8U=
-157,-52,3sKoqy+U9z0Nybv0dKw7ktSWcbA=,50Fcm3Lfpz/iWQuAQZALuT/2L8U=
-160,-52,3sKoqy+U9z0Nybv0dKw7ktSWcbA=,50Fcm3Lfpz/iWQuAQZALuT/2L8U=
-154,-52,3sKoqy+U9z0Nybv0dKw7ktSWcbA=,50Fcm3Lfpz/iWQuAQZALuT/2L8U=
-159,-52,3sKoqy+U9z0Nybv0dKw7ktSWcbA=,50Fcm3Lfpz/iWQuAQZALuT/2L8U=
-151,-61,3sKoqy+U9z0Nybv0dKw7ktSWcbA=,50Fcm3Lfpz/iWQuAQZALuT/2L8U=
-147,-53,3sKoqy+U9z0Nybv0dKw7ktSWcbA=,50Fcm3Lfpz/iWQuAQZALuT/2L8U=
-146,-53,3sKoqy+U9z0Nybv0dKw7ktSWcbA=,50Fcm3Lfpz/iWQuAQZALuT/2L8U=
-149,-53,3sKoqy+U9z0Nybv0dKw7ktSWcbA=,50Fcm3Lfpz/iWQuAQZALuT/2L8U=
-145,-53,3sKoqy+U9z0Nybv0dKw7ktSWcbA=,50Fcm3Lfpz/iWQuAQZALuT/2L8U=
-152,-53,3sKoqy+U9z0Nybv0dKw7ktSWcbA=,50Fcm3Lfpz/iWQuAQZALuT/2L8U=
-151,-53,3sKoqy+U9z0Nybv0dKw7ktSWcbA=,50Fcm3Lfpz/iWQuAQZALuT/2L8U=
-150,-53,3sKoqy+U9z0Nybv0dKw7ktSWcbA=,50Fcm3Lfpz/iWQuAQZALuT/2L8U=
-148,-53,3sKoqy+U9z0Nybv0dKw7ktSWcbA=,50Fcm3Lfpz/iWQuAQZALuT/2L8U=
-153,-53,3sKoqy+U9z0Nybv0dKw7ktSWcbA=,50Fcm3Lfpz/iWQuAQZALuT/2L8U=
-150,-61,3sKoqy+U9z0Nybv0dKw7ktSWcbA=,50Fcm3Lfpz/iWQuAQZALuT/2L8U=
-155,-53,3sKoqy+U9z0Nybv0dKw7ktSWcbA=,50Fcm3Lfpz/iWQuAQZALuT/2L8U=
-154,-53,3sKoqy+U9z0Nybv0dKw7ktSWcbA=,50Fcm3Lfpz/iWQuAQZALuT/2L8U=
-158,-53,3sKoqy+U9z0Nybv0dKw7ktSWcbA=,50Fcm3Lfpz/iWQuAQZALuT/2L8U=
-156,-53,3sKoqy+U9z0Nybv0dKw7ktSWcbA=,50Fcm3Lfpz/iWQuAQZALuT/2L8U=
-157,-53,3sKoqy+U9z0Nybv0dKw7ktSWcbA=,50Fcm3Lfpz/iWQuAQZALuT/2L8U=
-159,-53,3sKoqy+U9z0Nybv0dKw7ktSWcbA=,50Fcm3Lfpz/iWQuAQZALuT/2L8U=
-160,-53,3sKoqy+U9z0Nybv0dKw7ktSWcbA=,50Fcm3Lfpz/iWQuAQZALuT/2L8U=
-145,-54,3sKoqy+U9z0Nybv0dKw7ktSWcbA=,50Fcm3Lfpz/iWQuAQZALuT/2L8U=
-146,-54,3sKoqy+U9z0Nybv0dKw7ktSWcbA=,50Fcm3Lfpz/iWQuAQZALuT/2L8U=
-147,-54,3sKoqy+U9z0Nybv0dKw7ktSWcbA=,50Fcm3Lfpz/iWQuAQZALuT/2L8U=
-149,-61,3sKoqy+U9z0Nybv0dKw7ktSWcbA=,50Fcm3Lfpz/iWQuAQZALuT/2L8U=
-148,-54,3sKoqy+U9z0Nybv0dKw7ktSWcbA=,50Fcm3Lfpz/iWQuAQZALuT/2L8U=
-149,-54,3sKoqy+U9z0Nybv0dKw7ktSWcbA=,50Fcm3Lfpz/iWQuAQZALuT/2L8U=
-152,-54,3sKoqy+U9z0Nybv0dKw7ktSWcbA=,50Fcm3Lfpz/iWQuAQZALuT/2L8U=
-151,-54,3sKoqy+U9z0Nybv0dKw7ktSWcbA=,50Fcm3Lfpz/iWQuAQZALuT/2L8U=
-150,-54,3sKoqy+U9z0Nybv0dKw7ktSWcbA=,50Fcm3Lfpz/iWQuAQZALuT/2L8U=
-154,-54,3sKoqy+U9z0Nybv0dKw7ktSWcbA=,50Fcm3Lfpz/iWQuAQZALuT/2L8U=
-153,-54,3sKoqy+U9z0Nybv0dKw7ktSWcbA=,50Fcm3Lfpz/iWQuAQZALuT/2L8U=
-148,-61,3sKoqy+U9z0Nybv0dKw7ktSWcbA=,50Fcm3Lfpz/iWQuAQZALuT/2L8U=
-155,-54,3sKoqy+U9z0Nybv0dKw7ktSWcbA=,50Fcm3Lfpz/iWQuAQZALuT/2L8U=
-156,-54,3sKoqy+U9z0Nybv0dKw7ktSWcbA=,50Fcm3Lfpz/iWQuAQZALuT/2L8U=
-157,-54,3sKoqy+U9z0Nybv0dKw7ktSWcbA=,50Fcm3Lfpz/iWQuAQZALuT/2L8U=
-158,-54,3sKoqy+U9z0Nybv0dKw7ktSWcbA=,50Fcm3Lfpz/iWQuAQZALuT/2L8U=
-145,-55,3sKoqy+U9z0Nybv0dKw7ktSWcbA=,50Fcm3Lfpz/iWQuAQZALuT/2L8U=
-159,-54,3sKoqy+U9z0Nybv0dKw7ktSWcbA=,50Fcm3Lfpz/iWQuAQZALuT/2L8U=
-146,-55,3sKoqy+U9z0Nybv0dKw7ktSWcbA=,50Fcm3Lfpz/iWQuAQZALuT/2L8U=
-160,-54,3sKoqy+U9z0Nybv0dKw7ktSWcbA=,50Fcm3Lfpz/iWQuAQZALuT/2L8U=
-147,-61,3sKoqy+U9z0Nybv0dKw7ktSWcbA=,50Fcm3Lfpz/iWQuAQZALuT/2L8U=
-147,-55,3sKoqy+U9z0Nybv0dKw7ktSWcbA=,50Fcm3Lfpz/iWQuAQZALuT/2L8U=
-148,-55,3sKoqy+U9z0Nybv0dKw7ktSWcbA=,50Fcm3Lfpz/iWQuAQZALuT/2L8U=
-149,-55,3sKoqy+U9z0Nybv0dKw7ktSWcbA=,50Fcm3Lfpz/iWQuAQZALuT/2L8U=
-150,-55,3sKoqy+U9z0Nybv0dKw7ktSWcbA=,50Fcm3Lfpz/iWQuAQZALuT/2L8U=
-151,-55,3sKoqy+U9z0Nybv0dKw7ktSWcbA=,50Fcm3Lfpz/iWQuAQZALuT/2L8U=
-152,-55,3sKoqy+U9z0Nybv0dKw7ktSWcbA=,50Fcm3Lfpz/iWQuAQZALuT/2L8U=
-153,-55,3sKoqy+U9z0Nybv0dKw7ktSWcbA=,50Fcm3Lfpz/iWQuAQZALuT/2L8U=
-154,-55,3sKoqy+U9z0Nybv0dKw7ktSWcbA=,50Fcm3Lfpz/iWQuAQZALuT/2L8U=
-146,-61,3sKoqy+U9z0Nybv0dKw7ktSWcbA=,50Fcm3Lfpz/iWQuAQZALuT/2L8U=
-155,-55,3sKoqy+U9z0Nybv0dKw7ktSWcbA=,50Fcm3Lfpz/iWQuAQZALuT/2L8U=
-157,-55,3sKoqy+U9z0Nybv0dKw7ktSWcbA=,50Fcm3Lfpz/iWQuAQZALuT/2L8U=
-156,-55,3sKoqy+U9z0Nybv0dKw7ktSWcbA=,50Fcm3Lfpz/iWQuAQZALuT/2L8U=
-159,-55,3sKoqy+U9z0Nybv0dKw7ktSWcbA=,50Fcm3Lfpz/iWQuAQZALuT/2L8U=
-158,-55,3sKoqy+U9z0Nybv0dKw7ktSWcbA=,50Fcm3Lfpz/iWQuAQZALuT/2L8U=
-160,-55,3sKoqy+U9z0Nybv0dKw7ktSWcbA=,50Fcm3Lfpz/iWQuAQZALuT/2L8U=
-145,-56,3sKoqy+U9z0Nybv0dKw7ktSWcbA=,50Fcm3Lfpz/iWQuAQZALuT/2L8U=
-147,-56,3sKoqy+U9z0Nybv0dKw7ktSWcbA=,50Fcm3Lfpz/iWQuAQZALuT/2L8U=
-146,-56,3sKoqy+U9z0Nybv0dKw7ktSWcbA=,50Fcm3Lfpz/iWQuAQZALuT/2L8U=
-145,-61,3sKoqy+U9z0Nybv0dKw7ktSWcbA=,50Fcm3Lfpz/iWQuAQZALuT/2L8U=
-148,-56,3sKoqy+U9z0Nybv0dKw7ktSWcbA=,50Fcm3Lfpz/iWQuAQZALuT/2L8U=
-149,-56,3sKoqy+U9z0Nybv0dKw7ktSWcbA=,50Fcm3Lfpz/iWQuAQZALuT/2L8U=
-150,-56,3sKoqy+U9z0Nybv0dKw7ktSWcbA=,50Fcm3Lfpz/iWQuAQZALuT/2L8U=
-153,-56,3sKoqy+U9z0Nybv0dKw7ktSWcbA=,50Fcm3Lfpz/iWQuAQZALuT/2L8U=
-152,-56,3sKoqy+U9z0Nybv0dKw7ktSWcbA=,50Fcm3Lfpz/iWQuAQZALuT/2L8U=
-151,-56,3sKoqy+U9z0Nybv0dKw7ktSWcbA=,50Fcm3Lfpz/iWQuAQZALuT/2L8U=
-160,-60,3sKoqy+U9z0Nybv0dKw7ktSWcbA=,50Fcm3Lfpz/iWQuAQZALuT/2L8U=
-154,-56,3sKoqy+U9z0Nybv0dKw7ktSWcbA=,50Fcm3Lfpz/iWQuAQZALuT/2L8U=
-156,-56,3sKoqy+U9z0Nybv0dKw7ktSWcbA=,50Fcm3Lfpz/iWQuAQZALuT/2L8U=
-155,-56,3sKoqy+U9z0Nybv0dKw7ktSWcbA=,50Fcm3Lfpz/iWQuAQZALuT/2L8U=
-157,-56,3sKoqy+U9z0Nybv0dKw7ktSWcbA=,50Fcm3Lfpz/iWQuAQZALuT/2L8U=
-159,-56,3sKoqy+U9z0Nybv0dKw7ktSWcbA=,50Fcm3Lfpz/iWQuAQZALuT/2L8U=
-160,-56,3sKoqy+U9z0Nybv0dKw7ktSWcbA=,50Fcm3Lfpz/iWQuAQZALuT/2L8U=
-158,-56,3sKoqy+U9z0Nybv0dKw7ktSWcbA=,50Fcm3Lfpz/iWQuAQZALuT/2L8U=
-145,-57,3sKoqy+U9z0Nybv0dKw7ktSWcbA=,50Fcm3Lfpz/iWQuAQZALuT/2L8U=
-146,-57,3sKoqy+U9z0Nybv0dKw7ktSWcbA=,50Fcm3Lfpz/iWQuAQZALuT/2L8U=
-148,-57,3sKoqy+U9z0Nybv0dKw7ktSWcbA=,50Fcm3Lfpz/iWQuAQZALuT/2L8U=
-147,-57,3sKoqy+U9z0Nybv0dKw7ktSWcbA=,50Fcm3Lfpz/iWQuAQZALuT/2L8U=
-159,-60,3sKoqy+U9z0Nybv0dKw7ktSWcbA=,50Fcm3Lfpz/iWQuAQZALuT/2L8U=
-150,-57,3sKoqy+U9z0Nybv0dKw7ktSWcbA=,50Fcm3Lfpz/iWQuAQZALuT/2L8U=
-151,-57,3sKoqy+U9z0Nybv0dKw7ktSWcbA=,50Fcm3Lfpz/iWQuAQZALuT/2L8U=
-153,-57,3sKoqy+U9z0Nybv0dKw7ktSWcbA=,50Fcm3Lfpz/iWQuAQZALuT/2L8U=
-154,-57,3sKoqy+U9z0Nybv0dKw7ktSWcbA=,50Fcm3Lfpz/iWQuAQZALuT/2L8U=
-152,-57,3sKoqy+U9z0Nybv0dKw7ktSWcbA=,50Fcm3Lfpz/iWQuAQZALuT/2L8U=
-156,-57,3sKoqy+U9z0Nybv0dKw7ktSWcbA=,50Fcm3Lfpz/iWQuAQZALuT/2L8U=
-155,-57,3sKoqy+U9z0Nybv0dKw7ktSWcbA=,50Fcm3Lfpz/iWQuAQZALuT/2L8U=
-149,-57,3sKoqy+U9z0Nybv0dKw7ktSWcbA=,50Fcm3Lfpz/iWQuAQZALuT/2L8U=
-158,-60,3sKoqy+U9z0Nybv0dKw7ktSWcbA=,50Fcm3Lfpz/iWQuAQZALuT/2L8U=
-159,-57,3sKoqy+U9z0Nybv0dKw7ktSWcbA=,50Fcm3Lfpz/iWQuAQZALuT/2L8U=
-158,-57,3sKoqy+U9z0Nybv0dKw7ktSWcbA=,50Fcm3Lfpz/iWQuAQZALuT/2L8U=
-157,-57,3sKoqy+U9z0Nybv0dKw7ktSWcbA=,50Fcm3Lfpz/iWQuAQZALuT/2L8U=
-160,-57,3sKoqy+U9z0Nybv0dKw7ktSWcbA=,50Fcm3Lfpz/iWQuAQZALuT/2L8U=
-145,-58,3sKoqy+U9z0Nybv0dKw7ktSWcbA=,50Fcm3Lfpz/iWQuAQZALuT/2L8U=
-146,-58,3sKoqy+U9z0Nybv0dKw7ktSWcbA=,50Fcm3Lfpz/iWQuAQZALuT/2L8U=
-147,-58,3sKoqy+U9z0Nybv0dKw7ktSWcbA=,50Fcm3Lfpz/iWQuAQZALuT/2L8U=
-148,-58,3sKoqy+U9z0Nybv0dKw7ktSWcbA=,50Fcm3Lfpz/iWQuAQZALuT/2L8U=
-149,-58,3sKoqy+U9z0Nybv0dKw7ktSWcbA=,50Fcm3Lfpz/iWQuAQZALuT/2L8U=
-157,-60,3sKoqy+U9z0Nybv0dKw7ktSWcbA=,50Fcm3Lfpz/iWQuAQZALuT/2L8U=
-151,-58,3sKoqy+U9z0Nybv0dKw7ktSWcbA=,50Fcm3Lfpz/iWQuAQZALuT/2L8U=
-150,-58,3sKoqy+U9z0Nybv0dKw7ktSWcbA=,50Fcm3Lfpz/iWQuAQZALuT/2L8U=
-152,-58,3sKoqy+U9z0Nybv0dKw7ktSWcbA=,50Fcm3Lfpz/iWQuAQZALuT/2L8U=
-153,-58,3sKoqy+U9z0Nybv0dKw7ktSWcbA=,50Fcm3Lfpz/iWQuAQZALuT/2L8U=
-154,-58,3sKoqy+U9z0Nybv0dKw7ktSWcbA=,50Fcm3Lfpz/iWQuAQZALuT/2L8U=
-156,-58,3sKoqy+U9z0Nybv0dKw7ktSWcbA=,50Fcm3Lfpz/iWQuAQZALuT/2L8U=
-155,-58,3sKoqy+U9z0Nybv0dKw7ktSWcbA=,50Fcm3Lfpz/iWQuAQZALuT/2L8U=
-156,-60,3sKoqy+U9z0Nybv0dKw7ktSWcbA=,50Fcm3Lfpz/iWQuAQZALuT/2L8U=
-159,-58,3sKoqy+U9z0Nybv0dKw7ktSWcbA=,50Fcm3Lfpz/iWQuAQZALuT/2L8U=
-157,-58,3sKoqy+U9z0Nybv0dKw7ktSWcbA=,50Fcm3Lfpz/iWQuAQZALuT/2L8U=
-158,-58,3sKoqy+U9z0Nybv0dKw7ktSWcbA=,50Fcm3Lfpz/iWQuAQZALuT/2L8U=
-160,-58,3sKoqy+U9z0Nybv0dKw7ktSWcbA=,50Fcm3Lfpz/iWQuAQZALuT/2L8U=
-145,-59,3sKoqy+U9z0Nybv0dKw7ktSWcbA=,50Fcm3Lfpz/iWQuAQZALuT/2L8U=
-147,-59,3sKoqy+U9z0Nybv0dKw7ktSWcbA=,50Fcm3Lfpz/iWQuAQZALuT/2L8U=
-146,-59,3sKoqy+U9z0Nybv0dKw7ktSWcbA=,50Fcm3Lfpz/iWQuAQZALuT/2L8U=
-148,-59,3sKoqy+U9z0Nybv0dKw7ktSWcbA=,50Fcm3Lfpz/iWQuAQZALuT/2L8U=
-149,-59,3sKoqy+U9z0Nybv0dKw7ktSWcbA=,50Fcm3Lfpz/iWQuAQZALuT/2L8U=
-155,-60,3sKoqy+U9z0Nybv0dKw7ktSWcbA=,50Fcm3Lfpz/iWQuAQZALuT/2L8U=
-150,-59,3sKoqy+U9z0Nybv0dKw7ktSWcbA=,50Fcm3Lfpz/iWQuAQZALuT/2L8U=
-151,-59,3sKoqy+U9z0Nybv0dKw7ktSWcbA=,50Fcm3Lfpz/iWQuAQZALuT/2L8U=
-153,-59,3sKoqy+U9z0Nybv0dKw7ktSWcbA=,50Fcm3Lfpz/iWQuAQZALuT/2L8U=
-152,-59,3sKoqy+U9z0Nybv0dKw7ktSWcbA=,50Fcm3Lfpz/iWQuAQZALuT/2L8U=
-156,-59,3sKoqy+U9z0Nybv0dKw7ktSWcbA=,50Fcm3Lfpz/iWQuAQZALuT/2L8U=
-155,-59,3sKoqy+U9z0Nybv0dKw7ktSWcbA=,50Fcm3Lfpz/iWQuAQZALuT/2L8U=
-154,-59,3sKoqy+U9z0Nybv0dKw7ktSWcbA=,50Fcm3Lfpz/iWQuAQZALuT/2L8U=
-157,-59,3sKoqy+U9z0Nybv0dKw7ktSWcbA=,50Fcm3Lfpz/iWQuAQZALuT/2L8U=
-158,-59,3sKoqy+U9z0Nybv0dKw7ktSWcbA=,50Fcm3Lfpz/iWQuAQZALuT/2L8U=
-154,-60,3sKoqy+U9z0Nybv0dKw7ktSWcbA=,50Fcm3Lfpz/iWQuAQZALuT/2L8U=
-159,-59,3sKoqy+U9z0Nybv0dKw7ktSWcbA=,50Fcm3Lfpz/iWQuAQZALuT/2L8U=
-146,-60,3sKoqy+U9z0Nybv0dKw7ktSWcbA=,50Fcm3Lfpz/iWQuAQZALuT/2L8U=
-145,-60,3sKoqy+U9z0Nybv0dKw7ktSWcbA=,50Fcm3Lfpz/iWQuAQZALuT/2L8U=
-160,-59,3sKoqy+U9z0Nybv0dKw7ktSWcbA=,50Fcm3Lfpz/iWQuAQZALuT/2L8U=
-147,-60,3sKoqy+U9z0Nybv0dKw7ktSWcbA=,50Fcm3Lfpz/iWQuAQZALuT/2L8U=
-153,-60,3sKoqy+U9z0Nybv0dKw7ktSWcbA=,50Fcm3Lfpz/iWQuAQZALuT/2L8U=
-150,-60,3sKoqy+U9z0Nybv0dKw7ktSWcbA=,50Fcm3Lfpz/iWQuAQZALuT/2L8U=
-148,-60,3sKoqy+U9z0Nybv0dKw7ktSWcbA=,50Fcm3Lfpz/iWQuAQZALuT/2L8U=
-149,-60,3sKoqy+U9z0Nybv0dKw7ktSWcbA=,50Fcm3Lfpz/iWQuAQZALuT/2L8U=
-151,-60,3sKoqy+U9z0Nybv0dKw7ktSWcbA=,50Fcm3Lfpz/iWQuAQZALuT/2L8U=
-152,-60,3sKoqy+U9z0Nybv0dKw7ktSWcbA=,50Fcm3Lfpz/iWQuAQZALuT/2L8U=
-141,-62,/2SQ+/obdp216QkiJeGiiMPMmRM=,50Fcm3Lfpz/iWQuAQZALuT/2L8U=
-140,-62,/2SQ+/obdp216QkiJeGiiMPMmRM=,50Fcm3Lfpz/iWQuAQZALuT/2L8U=
-138,-62,/2SQ+/obdp216QkiJeGiiMPMmRM=,50Fcm3Lfpz/iWQuAQZALuT/2L8U=
-139,-62,/2SQ+/obdp216QkiJeGiiMPMmRM=,50Fcm3Lfpz/iWQuAQZALuT/2L8U=
-137,-62,/2SQ+/obdp216QkiJeGiiMPMmRM=,50Fcm3Lfpz/iWQuAQZALuT/2L8U=
-136,-62,/2SQ+/obdp216QkiJeGiiMPMmRM=,50Fcm3Lfpz/iWQuAQZALuT/2L8U=
-135,-62,/2SQ+/obdp216QkiJeGiiMPMmRM=,50Fcm3Lfpz/iWQuAQZALuT/2L8U=
-134,-62,/2SQ+/obdp216QkiJeGiiMPMmRM=,50Fcm3Lfpz/iWQuAQZALuT/2L8U=
-133,-62,/2SQ+/obdp216QkiJeGiiMPMmRM=,50Fcm3Lfpz/iWQuAQZALuT/2L8U=
-132,-62,/2SQ+/obdp216QkiJeGiiMPMmRM=,50Fcm3Lfpz/iWQuAQZALuT/2L8U=
-130,-62,/2SQ+/obdp216QkiJeGiiMPMmRM=,50Fcm3Lfpz/iWQuAQZALuT/2L8U=
-131,-62,/2SQ+/obdp216QkiJeGiiMPMmRM=,50Fcm3Lfpz/iWQuAQZALuT/2L8U=
-144,-61,/2SQ+/obdp216QkiJeGiiMPMmRM=,50Fcm3Lfpz/iWQuAQZALuT/2L8U=
-129,-62,/2SQ+/obdp216QkiJeGiiMPMmRM=,50Fcm3Lfpz/iWQuAQZALuT/2L8U=
-143,-61,/2SQ+/obdp216QkiJeGiiMPMmRM=,50Fcm3Lfpz/iWQuAQZALuT/2L8U=
-142,-64,/2SQ+/obdp216QkiJeGiiMPMmRM=,50Fcm3Lfpz/iWQuAQZALuT/2L8U=
-141,-61,/2SQ+/obdp216QkiJeGiiMPMmRM=,50Fcm3Lfpz/iWQuAQZALuT/2L8U=
-142,-61,/2SQ+/obdp216QkiJeGiiMPMmRM=,50Fcm3Lfpz/iWQuAQZALuT/2L8U=
-140,-61,/2SQ+/obdp216QkiJeGiiMPMmRM=,50Fcm3Lfpz/iWQuAQZALuT/2L8U=
-138,-61,/2SQ+/obdp216QkiJeGiiMPMmRM=,50Fcm3Lfpz/iWQuAQZALuT/2L8U=
-139,-61,/2SQ+/obdp216QkiJeGiiMPMmRM=,50Fcm3Lfpz/iWQuAQZALuT/2L8U=
-136,-61,/2SQ+/obdp216QkiJeGiiMPMmRM=,50Fcm3Lfpz/iWQuAQZALuT/2L8U=
-135,-61,/2SQ+/obdp216QkiJeGiiMPMmRM=,50Fcm3Lfpz/iWQuAQZALuT/2L8U=
-142,-63,/2SQ+/obdp216QkiJeGiiMPMmRM=,50Fcm3Lfpz/iWQuAQZALuT/2L8U=
-134,-61,/2SQ+/obdp216QkiJeGiiMPMmRM=,50Fcm3Lfpz/iWQuAQZALuT/2L8U=
-137,-61,/2SQ+/obdp216QkiJeGiiMPMmRM=,50Fcm3Lfpz/iWQuAQZALuT/2L8U=
-133,-61,/2SQ+/obdp216QkiJeGiiMPMmRM=,50Fcm3Lfpz/iWQuAQZALuT/2L8U=
-144,-63,/2SQ+/obdp216QkiJeGiiMPMmRM=,50Fcm3Lfpz/iWQuAQZALuT/2L8U=
-132,-61,/2SQ+/obdp216QkiJeGiiMPMmRM=,50Fcm3Lfpz/iWQuAQZALuT/2L8U=
-142,-62,/2SQ+/obdp216QkiJeGiiMPMmRM=,50Fcm3Lfpz/iWQuAQZALuT/2L8U=
-143,-63,/2SQ+/obdp216QkiJeGiiMPMmRM=,50Fcm3Lfpz/iWQuAQZALuT/2L8U=
-131,-61,/2SQ+/obdp216QkiJeGiiMPMmRM=,50Fcm3Lfpz/iWQuAQZALuT/2L8U=
-130,-61,/2SQ+/obdp216QkiJeGiiMPMmRM=,50Fcm3Lfpz/iWQuAQZALuT/2L8U=
-143,-64,/2SQ+/obdp216QkiJeGiiMPMmRM=,50Fcm3Lfpz/iWQuAQZALuT/2L8U=
-129,-61,/2SQ+/obdp216QkiJeGiiMPMmRM=,50Fcm3Lfpz/iWQuAQZALuT/2L8U=
-144,-60,/2SQ+/obdp216QkiJeGiiMPMmRM=,50Fcm3Lfpz/iWQuAQZALuT/2L8U=
-143,-62,/2SQ+/obdp216QkiJeGiiMPMmRM=,50Fcm3Lfpz/iWQuAQZALuT/2L8U=
-143,-60,/2SQ+/obdp216QkiJeGiiMPMmRM=,50Fcm3Lfpz/iWQuAQZALuT/2L8U=
-141,-64,/2SQ+/obdp216QkiJeGiiMPMmRM=,50Fcm3Lfpz/iWQuAQZALuT/2L8U=
-129,-63,/2SQ+/obdp216QkiJeGiiMPMmRM=,50Fcm3Lfpz/iWQuAQZALuT/2L8U=
-142,-60,/2SQ+/obdp216QkiJeGiiMPMmRM=,50Fcm3Lfpz/iWQuAQZALuT/2L8U=
-144,-62,/2SQ+/obdp216QkiJeGiiMPMmRM=,50Fcm3Lfpz/iWQuAQZALuT/2L8U=
-130,-63,/2SQ+/obdp216QkiJeGiiMPMmRM=,50Fcm3Lfpz/iWQuAQZALuT/2L8U=
-141,-60,/2SQ+/obdp216QkiJeGiiMPMmRM=,50Fcm3Lfpz/iWQuAQZALuT/2L8U=
-131,-63,/2SQ+/obdp216QkiJeGiiMPMmRM=,50Fcm3Lfpz/iWQuAQZALuT/2L8U=
-133,-63,/2SQ+/obdp216QkiJeGiiMPMmRM=,50Fcm3Lfpz/iWQuAQZALuT/2L8U=
-139,-60,/2SQ+/obdp216QkiJeGiiMPMmRM=,50Fcm3Lfpz/iWQuAQZALuT/2L8U=
-140,-60,/2SQ+/obdp216QkiJeGiiMPMmRM=,50Fcm3Lfpz/iWQuAQZALuT/2L8U=
-134,-63,/2SQ+/obdp216QkiJeGiiMPMmRM=,50Fcm3Lfpz/iWQuAQZALuT/2L8U=
-138,-60,/2SQ+/obdp216QkiJeGiiMPMmRM=,50Fcm3Lfpz/iWQuAQZALuT/2L8U=
-135,-63,/2SQ+/obdp216QkiJeGiiMPMmRM=,50Fcm3Lfpz/iWQuAQZALuT/2L8U=
-137,-60,/2SQ+/obdp216QkiJeGiiMPMmRM=,50Fcm3Lfpz/iWQuAQZALuT/2L8U=
-132,-63,/2SQ+/obdp216QkiJeGiiMPMmRM=,50Fcm3Lfpz/iWQuAQZALuT/2L8U=
-136,-60,/2SQ+/obdp216QkiJeGiiMPMmRM=,50Fcm3Lfpz/iWQuAQZALuT/2L8U=
-136,-63,/2SQ+/obdp216QkiJeGiiMPMmRM=,50Fcm3Lfpz/iWQuAQZALuT/2L8U=
-135,-60,/2SQ+/obdp216QkiJeGiiMPMmRM=,50Fcm3Lfpz/iWQuAQZALuT/2L8U=
-138,-63,/2SQ+/obdp216QkiJeGiiMPMmRM=,50Fcm3Lfpz/iWQuAQZALuT/2L8U=
-137,-63,/2SQ+/obdp216QkiJeGiiMPMmRM=,50Fcm3Lfpz/iWQuAQZALuT/2L8U=
-134,-60,/2SQ+/obdp216QkiJeGiiMPMmRM=,50Fcm3Lfpz/iWQuAQZALuT/2L8U=
-139,-63,/2SQ+/obdp216QkiJeGiiMPMmRM=,50Fcm3Lfpz/iWQuAQZALuT/2L8U=
-140,-63,/2SQ+/obdp216QkiJeGiiMPMmRM=,50Fcm3Lfpz/iWQuAQZALuT/2L8U=
-132,-60,/2SQ+/obdp216QkiJeGiiMPMmRM=,50Fcm3Lfpz/iWQuAQZALuT/2L8U=
-133,-60,/2SQ+/obdp216QkiJeGiiMPMmRM=,50Fcm3Lfpz/iWQuAQZALuT/2L8U=
-141,-63,/2SQ+/obdp216QkiJeGiiMPMmRM=,50Fcm3Lfpz/iWQuAQZALuT/2L8U=
-131,-60,/2SQ+/obdp216QkiJeGiiMPMmRM=,50Fcm3Lfpz/iWQuAQZALuT/2L8U=
-144,-64,/2SQ+/obdp216QkiJeGiiMPMmRM=,50Fcm3Lfpz/iWQuAQZALuT/2L8U=
-129,-49,/2SQ+/obdp216QkiJeGiiMPMmRM=,50Fcm3Lfpz/iWQuAQZALuT/2L8U=
-130,-60,/2SQ+/obdp216QkiJeGiiMPMmRM=,50Fcm3Lfpz/iWQuAQZALuT/2L8U=
-131,-49,/2SQ+/obdp216QkiJeGiiMPMmRM=,50Fcm3Lfpz/iWQuAQZALuT/2L8U=
-130,-49,/2SQ+/obdp216QkiJeGiiMPMmRM=,50Fcm3Lfpz/iWQuAQZALuT/2L8U=
-132,-49,/2SQ+/obdp216QkiJeGiiMPMmRM=,50Fcm3Lfpz/iWQuAQZALuT/2L8U=
-134,-49,/2SQ+/obdp216QkiJeGiiMPMmRM=,50Fcm3Lfpz/iWQuAQZALuT/2L8U=
-133,-49,/2SQ+/obdp216QkiJeGiiMPMmRM=,50Fcm3Lfpz/iWQuAQZALuT/2L8U=
-135,-49,/2SQ+/obdp216QkiJeGiiMPMmRM=,50Fcm3Lfpz/iWQuAQZALuT/2L8U=
-136,-49,/2SQ+/obdp216QkiJeGiiMPMmRM=,50Fcm3Lfpz/iWQuAQZALuT/2L8U=
-137,-49,/2SQ+/obdp216QkiJeGiiMPMmRM=,50Fcm3Lfpz/iWQuAQZALuT/2L8U=
-129,-60,/2SQ+/obdp216QkiJeGiiMPMmRM=,50Fcm3Lfpz/iWQuAQZALuT/2L8U=
-138,-49,/2SQ+/obdp216QkiJeGiiMPMmRM=,50Fcm3Lfpz/iWQuAQZALuT/2L8U=
-140,-64,/2SQ+/obdp216QkiJeGiiMPMmRM=,50Fcm3Lfpz/iWQuAQZALuT/2L8U=
-129,-64,/2SQ+/obdp216QkiJeGiiMPMmRM=,50Fcm3Lfpz/iWQuAQZALuT/2L8U=
-144,-59,/2SQ+/obdp216QkiJeGiiMPMmRM=,50Fcm3Lfpz/iWQuAQZALuT/2L8U=
-140,-49,/2SQ+/obdp216QkiJeGiiMPMmRM=,50Fcm3Lfpz/iWQuAQZALuT/2L8U=
-139,-49,/2SQ+/obdp216QkiJeGiiMPMmRM=,50Fcm3Lfpz/iWQuAQZALuT/2L8U=
-143,-59,/2SQ+/obdp216QkiJeGiiMPMmRM=,50Fcm3Lfpz/iWQuAQZALuT/2L8U=
-141,-49,/2SQ+/obdp216QkiJeGiiMPMmRM=,50Fcm3Lfpz/iWQuAQZALuT/2L8U=
-142,-59,/2SQ+/obdp216QkiJeGiiMPMmRM=,50Fcm3Lfpz/iWQuAQZALuT/2L8U=
-143,-49,/2SQ+/obdp216QkiJeGiiMPMmRM=,50Fcm3Lfpz/iWQuAQZALuT/2L8U=
-142,-49,/2SQ+/obdp216QkiJeGiiMPMmRM=,50Fcm3Lfpz/iWQuAQZALuT/2L8U=
-141,-59,/2SQ+/obdp216QkiJeGiiMPMmRM=,50Fcm3Lfpz/iWQuAQZALuT/2L8U=
-130,-50,/2SQ+/obdp216QkiJeGiiMPMmRM=,50Fcm3Lfpz/iWQuAQZALuT/2L8U=
-129,-50,/2SQ+/obdp216QkiJeGiiMPMmRM=,50Fcm3Lfpz/iWQuAQZALuT/2L8U=
-140,-59,/2SQ+/obdp216QkiJeGiiMPMmRM=,50Fcm3Lfpz/iWQuAQZALuT/2L8U=
-132,-50,/2SQ+/obdp216QkiJeGiiMPMmRM=,50Fcm3Lfpz/iWQuAQZALuT/2L8U=
-139,-59,/2SQ+/obdp216QkiJeGiiMPMmRM=,50Fcm3Lfpz/iWQuAQZALuT/2L8U=
-131,-50,/2SQ+/obdp216QkiJeGiiMPMmRM=,50Fcm3Lfpz/iWQuAQZALuT/2L8U=
-133,-50,/2SQ+/obdp216QkiJeGiiMPMmRM=,50Fcm3Lfpz/iWQuAQZALuT/2L8U=
-144,-49,/2SQ+/obdp216QkiJeGiiMPMmRM=,50Fcm3Lfpz/iWQuAQZALuT/2L8U=
-138,-59,/2SQ+/obdp216QkiJeGiiMPMmRM=,50Fcm3Lfpz/iWQuAQZALuT/2L8U=
-134,-50,/2SQ+/obdp216QkiJeGiiMPMmRM=,50Fcm3Lfpz/iWQuAQZALuT/2L8U=
-137,-59,/2SQ+/obdp216QkiJeGiiMPMmRM=,50Fcm3Lfpz/iWQuAQZALuT/2L8U=
-137,-50,/2SQ+/obdp216QkiJeGiiMPMmRM=,50Fcm3Lfpz/iWQuAQZALuT/2L8U=
-136,-50,/2SQ+/obdp216QkiJeGiiMPMmRM=,50Fcm3Lfpz/iWQuAQZALuT/2L8U=
-138,-50,/2SQ+/obdp216QkiJeGiiMPMmRM=,50Fcm3Lfpz/iWQuAQZALuT/2L8U=
-130,-64,/2SQ+/obdp216QkiJeGiiMPMmRM=,50Fcm3Lfpz/iWQuAQZALuT/2L8U=
-136,-59,/2SQ+/obdp216QkiJeGiiMPMmRM=,50Fcm3Lfpz/iWQuAQZALuT/2L8U=
-139,-50,/2SQ+/obdp216QkiJeGiiMPMmRM=,50Fcm3Lfpz/iWQuAQZALuT/2L8U=
-140,-50,/2SQ+/obdp216QkiJeGiiMPMmRM=,50Fcm3Lfpz/iWQuAQZALuT/2L8U=
-135,-59,/2SQ+/obdp216QkiJeGiiMPMmRM=,50Fcm3Lfpz/iWQuAQZALuT/2L8U=
-141,-50,/2SQ+/obdp216QkiJeGiiMPMmRM=,50Fcm3Lfpz/iWQuAQZALuT/2L8U=
-134,-59,/2SQ+/obdp216QkiJeGiiMPMmRM=,50Fcm3Lfpz/iWQuAQZALuT/2L8U=
-135,-50,/2SQ+/obdp216QkiJeGiiMPMmRM=,50Fcm3Lfpz/iWQuAQZALuT/2L8U=
-142,-50,/2SQ+/obdp216QkiJeGiiMPMmRM=,50Fcm3Lfpz/iWQuAQZALuT/2L8U=
-144,-50,/2SQ+/obdp216QkiJeGiiMPMmRM=,50Fcm3Lfpz/iWQuAQZALuT/2L8U=
-133,-59,/2SQ+/obdp216QkiJeGiiMPMmRM=,50Fcm3Lfpz/iWQuAQZALuT/2L8U=
-129,-51,/2SQ+/obdp216QkiJeGiiMPMmRM=,50Fcm3Lfpz/iWQuAQZALuT/2L8U=
-143,-50,/2SQ+/obdp216QkiJeGiiMPMmRM=,50Fcm3Lfpz/iWQuAQZALuT/2L8U=
-131,-51,/2SQ+/obdp216QkiJeGiiMPMmRM=,50Fcm3Lfpz/iWQuAQZALuT/2L8U=
-130,-51,/2SQ+/obdp216QkiJeGiiMPMmRM=,50Fcm3Lfpz/iWQuAQZALuT/2L8U=
-132,-51,/2SQ+/obdp216QkiJeGiiMPMmRM=,50Fcm3Lfpz/iWQuAQZALuT/2L8U=
-132,-59,/2SQ+/obdp216QkiJeGiiMPMmRM=,50Fcm3Lfpz/iWQuAQZALuT/2L8U=
-136,-51,/2SQ+/obdp216QkiJeGiiMPMmRM=,50Fcm3Lfpz/iWQuAQZALuT/2L8U=
-134,-51,/2SQ+/obdp216QkiJeGiiMPMmRM=,50Fcm3Lfpz/iWQuAQZALuT/2L8U=
-133,-51,/2SQ+/obdp216QkiJeGiiMPMmRM=,50Fcm3Lfpz/iWQuAQZALuT/2L8U=
-135,-51,/2SQ+/obdp216QkiJeGiiMPMmRM=,50Fcm3Lfpz/iWQuAQZALuT/2L8U=
-131,-59,/2SQ+/obdp216QkiJeGiiMPMmRM=,50Fcm3Lfpz/iWQuAQZALuT/2L8U=
-131,-64,/2SQ+/obdp216QkiJeGiiMPMmRM=,50Fcm3Lfpz/iWQuAQZALuT/2L8U=
-137,-51,/2SQ+/obdp216QkiJeGiiMPMmRM=,50Fcm3Lfpz/iWQuAQZALuT/2L8U=
-138,-51,/2SQ+/obdp216QkiJeGiiMPMmRM=,50Fcm3Lfpz/iWQuAQZALuT/2L8U=
-140,-51,/2SQ+/obdp216QkiJeGiiMPMmRM=,50Fcm3Lfpz/iWQuAQZALuT/2L8U=
-130,-59,/2SQ+/obdp216QkiJeGiiMPMmRM=,50Fcm3Lfpz/iWQuAQZALuT/2L8U=
-141,-51,/2SQ+/obdp216QkiJeGiiMPMmRM=,50Fcm3Lfpz/iWQuAQZALuT/2L8U=
-142,-51,/2SQ+/obdp216QkiJeGiiMPMmRM=,50Fcm3Lfpz/iWQuAQZALuT/2L8U=
-139,-51,/2SQ+/obdp216QkiJeGiiMPMmRM=,50Fcm3Lfpz/iWQuAQZALuT/2L8U=
-139,-64,/2SQ+/obdp216QkiJeGiiMPMmRM=,50Fcm3Lfpz/iWQuAQZALuT/2L8U=
-129,-52,/2SQ+/obdp216QkiJeGiiMPMmRM=,50Fcm3Lfpz/iWQuAQZALuT/2L8U=
-143,-51,/2SQ+/obdp216QkiJeGiiMPMmRM=,50Fcm3Lfpz/iWQuAQZALuT/2L8U=
-144,-51,/2SQ+/obdp216QkiJeGiiMPMmRM=,50Fcm3Lfpz/iWQuAQZALuT/2L8U=
-131,-52,/2SQ+/obdp216QkiJeGiiMPMmRM=,50Fcm3Lfpz/iWQuAQZALuT/2L8U=
-130,-52,/2SQ+/obdp216QkiJeGiiMPMmRM=,50Fcm3Lfpz/iWQuAQZALuT/2L8U=
-129,-59,/2SQ+/obdp216QkiJeGiiMPMmRM=,50Fcm3Lfpz/iWQuAQZALuT/2L8U=
-135,-52,/2SQ+/obdp216QkiJeGiiMPMmRM=,50Fcm3Lfpz/iWQuAQZALuT/2L8U=
-134,-52,/2SQ+/obdp216QkiJeGiiMPMmRM=,50Fcm3Lfpz/iWQuAQZALuT/2L8U=
-136,-52,/2SQ+/obdp216QkiJeGiiMPMmRM=,50Fcm3Lfpz/iWQuAQZALuT/2L8U=
-144,-58,/2SQ+/obdp216QkiJeGiiMPMmRM=,50Fcm3Lfpz/iWQuAQZALuT/2L8U=
-132,-64,/2SQ+/obdp216QkiJeGiiMPMmRM=,50Fcm3Lfpz/iWQuAQZALuT/2L8U=
-133,-52,/2SQ+/obdp216QkiJeGiiMPMmRM=,50Fcm3Lfpz/iWQuAQZALuT/2L8U=
-137,-52,/2SQ+/obdp216QkiJeGiiMPMmRM=,50Fcm3Lfpz/iWQuAQZALuT/2L8U=
-139,-52,/2SQ+/obdp216QkiJeGiiMPMmRM=,50Fcm3Lfpz/iWQuAQZALuT/2L8U=
-140,-52,/2SQ+/obdp216QkiJeGiiMPMmRM=,50Fcm3Lfpz/iWQuAQZALuT/2L8U=
-132,-52,/2SQ+/obdp216QkiJeGiiMPMmRM=,50Fcm3Lfpz/iWQuAQZALuT/2L8U=
-141,-52,/2SQ+/obdp216QkiJeGiiMPMmRM=,50Fcm3Lfpz/iWQuAQZALuT/2L8U=
-143,-58,/2SQ+/obdp216QkiJeGiiMPMmRM=,50Fcm3Lfpz/iWQuAQZALuT/2L8U=
-143,-52,/2SQ+/obdp216QkiJeGiiMPMmRM=,50Fcm3Lfpz/iWQuAQZALuT/2L8U=
-138,-52,/2SQ+/obdp216QkiJeGiiMPMmRM=,50Fcm3Lfpz/iWQuAQZALuT/2L8U=
-144,-52,/2SQ+/obdp216QkiJeGiiMPMmRM=,50Fcm3Lfpz/iWQuAQZALuT/2L8U=
-142,-52,/2SQ+/obdp216QkiJeGiiMPMmRM=,50Fcm3Lfpz/iWQuAQZALuT/2L8U=
-130,-53,/2SQ+/obdp216QkiJeGiiMPMmRM=,50Fcm3Lfpz/iWQuAQZALuT/2L8U=
-129,-53,/2SQ+/obdp216QkiJeGiiMPMmRM=,50Fcm3Lfpz/iWQuAQZALuT/2L8U=
-131,-53,/2SQ+/obdp216QkiJeGiiMPMmRM=,50Fcm3Lfpz/iWQuAQZALuT/2L8U=
-132,-53,/2SQ+/obdp216QkiJeGiiMPMmRM=,50Fcm3Lfpz/iWQuAQZALuT/2L8U=
-133,-53,/2SQ+/obdp216QkiJeGiiMPMmRM=,50Fcm3Lfpz/iWQuAQZALuT/2L8U=
-142,-58,/2SQ+/obdp216QkiJeGiiMPMmRM=,50Fcm3Lfpz/iWQuAQZALuT/2L8U=
-133,-64,/2SQ+/obdp216QkiJeGiiMPMmRM=,50Fcm3Lfpz/iWQuAQZALuT/2L8U=
-137,-53,/2SQ+/obdp216QkiJeGiiMPMmRM=,50Fcm3Lfpz/iWQuAQZALuT/2L8U=
-134,-53,/2SQ+/obdp216QkiJeGiiMPMmRM=,50Fcm3Lfpz/iWQuAQZALuT/2L8U=
-135,-53,/2SQ+/obdp216QkiJeGiiMPMmRM=,50Fcm3Lfpz/iWQuAQZALuT/2L8U=
-136,-53,/2SQ+/obdp216QkiJeGiiMPMmRM=,50Fcm3Lfpz/iWQuAQZALuT/2L8U=
-138,-53,/2SQ+/obdp216QkiJeGiiMPMmRM=,50Fcm3Lfpz/iWQuAQZALuT/2L8U=
-139,-53,/2SQ+/obdp216QkiJeGiiMPMmRM=,50Fcm3Lfpz/iWQuAQZALuT/2L8U=
-140,-53,/2SQ+/obdp216QkiJeGiiMPMmRM=,50Fcm3Lfpz/iWQuAQZALuT/2L8U=
-141,-53,/2SQ+/obdp216QkiJeGiiMPMmRM=,50Fcm3Lfpz/iWQuAQZALuT/2L8U=
-141,-58,/2SQ+/obdp216QkiJeGiiMPMmRM=,50Fcm3Lfpz/iWQuAQZALuT/2L8U=
-143,-53,/2SQ+/obdp216QkiJeGiiMPMmRM=,50Fcm3Lfpz/iWQuAQZALuT/2L8U=
-142,-53,/2SQ+/obdp216QkiJeGiiMPMmRM=,50Fcm3Lfpz/iWQuAQZALuT/2L8U=
-131,-54,/2SQ+/obdp216QkiJeGiiMPMmRM=,50Fcm3Lfpz/iWQuAQZALuT/2L8U=
-132,-54,/2SQ+/obdp216QkiJeGiiMPMmRM=,50Fcm3Lfpz/iWQuAQZALuT/2L8U=
-129,-54,/2SQ+/obdp216QkiJeGiiMPMmRM=,50Fcm3Lfpz/iWQuAQZALuT/2L8U=
-144,-53,/2SQ+/obdp216QkiJeGiiMPMmRM=,50Fcm3Lfpz/iWQuAQZALuT/2L8U=
-130,-54,/2SQ+/obdp216QkiJeGiiMPMmRM=,50Fcm3Lfpz/iWQuAQZALuT/2L8U=
-140,-58,/2SQ+/obdp216QkiJeGiiMPMmRM=,50Fcm3Lfpz/iWQuAQZALuT/2L8U=
-133,-54,/2SQ+/obdp216QkiJeGiiMPMmRM=,50Fcm3Lfpz/iWQuAQZALuT/2L8U=
-134,-54,/2SQ+/obdp216QkiJeGiiMPMmRM=,50Fcm3Lfpz/iWQuAQZALuT/2L8U=
-134,-64,/2SQ+/obdp216QkiJeGiiMPMmRM=,50Fcm3Lfpz/iWQuAQZALuT/2L8U=
-137,-54,/2SQ+/obdp216QkiJeGiiMPMmRM=,50Fcm3Lfpz/iWQuAQZALuT/2L8U=
-138,-54,/2SQ+/obdp216QkiJeGiiMPMmRM=,50Fcm3Lfpz/iWQuAQZALuT/2L8U=
-136,-54,/2SQ+/obdp216QkiJeGiiMPMmRM=,50Fcm3Lfpz/iWQuAQZALuT/2L8U=
-139,-58,/2SQ+/obdp216QkiJeGiiMPMmRM=,50Fcm3Lfpz/iWQuAQZALuT/2L8U=
-140,-54,/2SQ+/obdp216QkiJeGiiMPMmRM=,50Fcm3Lfpz/iWQuAQZALuT/2L8U=
-139,-54,/2SQ+/obdp216QkiJeGiiMPMmRM=,50Fcm3Lfpz/iWQuAQZALuT/2L8U=
-142,-54,/2SQ+/obdp216QkiJeGiiMPMmRM=,50Fcm3Lfpz/iWQuAQZALuT/2L8U=
-143,-54,/2SQ+/obdp216QkiJeGiiMPMmRM=,50Fcm3Lfpz/iWQuAQZALuT/2L8U=
-141,-54,/2SQ+/obdp216QkiJeGiiMPMmRM=,50Fcm3Lfpz/iWQuAQZALuT/2L8U=
-129,-55,/2SQ+/obdp216QkiJeGiiMPMmRM=,50Fcm3Lfpz/iWQuAQZALuT/2L8U=
-135,-54,/2SQ+/obdp216QkiJeGiiMPMmRM=,50Fcm3Lfpz/iWQuAQZALuT/2L8U=
-144,-54,/2SQ+/obdp216QkiJeGiiMPMmRM=,50Fcm3Lfpz/iWQuAQZALuT/2L8U=
-138,-58,/2SQ+/obdp216QkiJeGiiMPMmRM=,50Fcm3Lfpz/iWQuAQZALuT/2L8U=
-130,-55,/2SQ+/obdp216QkiJeGiiMPMmRM=,50Fcm3Lfpz/iWQuAQZALuT/2L8U=
-131,-55,/2SQ+/obdp216QkiJeGiiMPMmRM=,50Fcm3Lfpz/iWQuAQZALuT/2L8U=
-132,-55,/2SQ+/obdp216QkiJeGiiMPMmRM=,50Fcm3Lfpz/iWQuAQZALuT/2L8U=
-134,-55,/2SQ+/obdp216QkiJeGiiMPMmRM=,50Fcm3Lfpz/iWQuAQZALuT/2L8U=
-133,-55,/2SQ+/obdp216QkiJeGiiMPMmRM=,50Fcm3Lfpz/iWQuAQZALuT/2L8U=
-135,-64,/2SQ+/obdp216QkiJeGiiMPMmRM=,50Fcm3Lfpz/iWQuAQZALuT/2L8U=
-136,-55,/2SQ+/obdp216QkiJeGiiMPMmRM=,50Fcm3Lfpz/iWQuAQZALuT/2L8U=
-137,-55,/2SQ+/obdp216QkiJeGiiMPMmRM=,50Fcm3Lfpz/iWQuAQZALuT/2L8U=
-137,-58,/2SQ+/obdp216QkiJeGiiMPMmRM=,50Fcm3Lfpz/iWQuAQZALuT/2L8U=
-135,-55,/2SQ+/obdp216QkiJeGiiMPMmRM=,50Fcm3Lfpz/iWQuAQZALuT/2L8U=
-139,-55,/2SQ+/obdp216QkiJeGiiMPMmRM=,50Fcm3Lfpz/iWQuAQZALuT/2L8U=
-138,-55,/2SQ+/obdp216QkiJeGiiMPMmRM=,50Fcm3Lfpz/iWQuAQZALuT/2L8U=
-140,-55,/2SQ+/obdp216QkiJeGiiMPMmRM=,50Fcm3Lfpz/iWQuAQZALuT/2L8U=
-141,-55,/2SQ+/obdp216QkiJeGiiMPMmRM=,50Fcm3Lfpz/iWQuAQZALuT/2L8U=
-142,-55,/2SQ+/obdp216QkiJeGiiMPMmRM=,50Fcm3Lfpz/iWQuAQZALuT/2L8U=
-136,-58,/2SQ+/obdp216QkiJeGiiMPMmRM=,50Fcm3Lfpz/iWQuAQZALuT/2L8U=
-144,-55,/2SQ+/obdp216QkiJeGiiMPMmRM=,50Fcm3Lfpz/iWQuAQZALuT/2L8U=
-129,-56,/2SQ+/obdp216QkiJeGiiMPMmRM=,50Fcm3Lfpz/iWQuAQZALuT/2L8U=
-143,-55,/2SQ+/obdp216QkiJeGiiMPMmRM=,50Fcm3Lfpz/iWQuAQZALuT/2L8U=
-130,-56,/2SQ+/obdp216QkiJeGiiMPMmRM=,50Fcm3Lfpz/iWQuAQZALuT/2L8U=
-132,-56,/2SQ+/obdp216QkiJeGiiMPMmRM=,50Fcm3Lfpz/iWQuAQZALuT/2L8U=
-131,-56,/2SQ+/obdp216QkiJeGiiMPMmRM=,50Fcm3Lfpz/iWQuAQZALuT/2L8U=
-136,-64,/2SQ+/obdp216QkiJeGiiMPMmRM=,50Fcm3Lfpz/iWQuAQZALuT/2L8U=
-133,-56,/2SQ+/obdp216QkiJeGiiMPMmRM=,50Fcm3Lfpz/iWQuAQZALuT/2L8U=
-134,-56,/2SQ+/obdp216QkiJeGiiMPMmRM=,50Fcm3Lfpz/iWQuAQZALuT/2L8U=
-135,-58,/2SQ+/obdp216QkiJeGiiMPMmRM=,50Fcm3Lfpz/iWQuAQZALuT/2L8U=
-137,-56,/2SQ+/obdp216QkiJeGiiMPMmRM=,50Fcm3Lfpz/iWQuAQZALuT/2L8U=
-135,-56,/2SQ+/obdp216QkiJeGiiMPMmRM=,50Fcm3Lfpz/iWQuAQZALuT/2L8U=
-138,-56,/2SQ+/obdp216QkiJeGiiMPMmRM=,50Fcm3Lfpz/iWQuAQZALuT/2L8U=
-136,-56,/2SQ+/obdp216QkiJeGiiMPMmRM=,50Fcm3Lfpz/iWQuAQZALuT/2L8U=
-139,-56,/2SQ+/obdp216QkiJeGiiMPMmRM=,50Fcm3Lfpz/iWQuAQZALuT/2L8U=
-140,-56,/2SQ+/obdp216QkiJeGiiMPMmRM=,50Fcm3Lfpz/iWQuAQZALuT/2L8U=
-141,-56,/2SQ+/obdp216QkiJeGiiMPMmRM=,50Fcm3Lfpz/iWQuAQZALuT/2L8U=
-142,-56,/2SQ+/obdp216QkiJeGiiMPMmRM=,50Fcm3Lfpz/iWQuAQZALuT/2L8U=
-143,-56,/2SQ+/obdp216QkiJeGiiMPMmRM=,50Fcm3Lfpz/iWQuAQZALuT/2L8U=
-134,-58,/2SQ+/obdp216QkiJeGiiMPMmRM=,50Fcm3Lfpz/iWQuAQZALuT/2L8U=
-144,-56,/2SQ+/obdp216QkiJeGiiMPMmRM=,50Fcm3Lfpz/iWQuAQZALuT/2L8U=
-131,-57,/2SQ+/obdp216QkiJeGiiMPMmRM=,50Fcm3Lfpz/iWQuAQZALuT/2L8U=
-137,-64,/2SQ+/obdp216QkiJeGiiMPMmRM=,50Fcm3Lfpz/iWQuAQZALuT/2L8U=
-129,-57,/2SQ+/obdp216QkiJeGiiMPMmRM=,50Fcm3Lfpz/iWQuAQZALuT/2L8U=
-130,-57,/2SQ+/obdp216QkiJeGiiMPMmRM=,50Fcm3Lfpz/iWQuAQZALuT/2L8U=
-132,-57,/2SQ+/obdp216QkiJeGiiMPMmRM=,50Fcm3Lfpz/iWQuAQZALuT/2L8U=
-134,-57,/2SQ+/obdp216QkiJeGiiMPMmRM=,50Fcm3Lfpz/iWQuAQZALuT/2L8U=
-133,-58,/2SQ+/obdp216QkiJeGiiMPMmRM=,50Fcm3Lfpz/iWQuAQZALuT/2L8U=
-136,-57,/2SQ+/obdp216QkiJeGiiMPMmRM=,50Fcm3Lfpz/iWQuAQZALuT/2L8U=
-133,-57,/2SQ+/obdp216QkiJeGiiMPMmRM=,50Fcm3Lfpz/iWQuAQZALuT/2L8U=
-138,-57,/2SQ+/obdp216QkiJeGiiMPMmRM=,50Fcm3Lfpz/iWQuAQZALuT/2L8U=
-135,-57,/2SQ+/obdp216QkiJeGiiMPMmRM=,50Fcm3Lfpz/iWQuAQZALuT/2L8U=
-140,-57,/2SQ+/obdp216QkiJeGiiMPMmRM=,50Fcm3Lfpz/iWQuAQZALuT/2L8U=
-137,-57,/2SQ+/obdp216QkiJeGiiMPMmRM=,50Fcm3Lfpz/iWQuAQZALuT/2L8U=
-139,-57,/2SQ+/obdp216QkiJeGiiMPMmRM=,50Fcm3Lfpz/iWQuAQZALuT/2L8U=
-141,-57,/2SQ+/obdp216QkiJeGiiMPMmRM=,50Fcm3Lfpz/iWQuAQZALuT/2L8U=
-144,-57,/2SQ+/obdp216QkiJeGiiMPMmRM=,50Fcm3Lfpz/iWQuAQZALuT/2L8U=
-142,-57,/2SQ+/obdp216QkiJeGiiMPMmRM=,50Fcm3Lfpz/iWQuAQZALuT/2L8U=
-132,-58,/2SQ+/obdp216QkiJeGiiMPMmRM=,50Fcm3Lfpz/iWQuAQZALuT/2L8U=
-143,-57,/2SQ+/obdp216QkiJeGiiMPMmRM=,50Fcm3Lfpz/iWQuAQZALuT/2L8U=
-129,-58,/2SQ+/obdp216QkiJeGiiMPMmRM=,50Fcm3Lfpz/iWQuAQZALuT/2L8U=
-130,-58,/2SQ+/obdp216QkiJeGiiMPMmRM=,50Fcm3Lfpz/iWQuAQZALuT/2L8U=
-138,-64,/2SQ+/obdp216QkiJeGiiMPMmRM=,50Fcm3Lfpz/iWQuAQZALuT/2L8U=
-131,-58,/2SQ+/obdp216QkiJeGiiMPMmRM=,50Fcm3Lfpz/iWQuAQZALuT/2L8U=
-159,-48,ZsNxVyTEXkEQTxXuHEIxDXhftnM=,50Fcm3Lfpz/iWQuAQZALuT/2L8U=
-157,-47,ZsNxVyTEXkEQTxXuHEIxDXhftnM=,50Fcm3Lfpz/iWQuAQZALuT/2L8U=
-156,-47,ZsNxVyTEXkEQTxXuHEIxDXhftnM=,50Fcm3Lfpz/iWQuAQZALuT/2L8U=
-155,-47,ZsNxVyTEXkEQTxXuHEIxDXhftnM=,50Fcm3Lfpz/iWQuAQZALuT/2L8U=
-154,-47,ZsNxVyTEXkEQTxXuHEIxDXhftnM=,50Fcm3Lfpz/iWQuAQZALuT/2L8U=
-153,-47,ZsNxVyTEXkEQTxXuHEIxDXhftnM=,50Fcm3Lfpz/iWQuAQZALuT/2L8U=
-152,-47,ZsNxVyTEXkEQTxXuHEIxDXhftnM=,50Fcm3Lfpz/iWQuAQZALuT/2L8U=
-151,-47,ZsNxVyTEXkEQTxXuHEIxDXhftnM=,50Fcm3Lfpz/iWQuAQZALuT/2L8U=
-150,-47,ZsNxVyTEXkEQTxXuHEIxDXhftnM=,50Fcm3Lfpz/iWQuAQZALuT/2L8U=
-149,-47,ZsNxVyTEXkEQTxXuHEIxDXhftnM=,50Fcm3Lfpz/iWQuAQZALuT/2L8U=
-148,-47,25K1gKCFCdKU51X+NJYNwg/IGIk=,50Fcm3Lfpz/iWQuAQZALuT/2L8U=
-147,-47,25K1gKCFCdKU51X+NJYNwg/IGIk=,50Fcm3Lfpz/iWQuAQZALuT/2L8U=
-146,-47,25K1gKCFCdKU51X+NJYNwg/IGIk=,50Fcm3Lfpz/iWQuAQZALuT/2L8U=
-145,-47,25K1gKCFCdKU51X+NJYNwg/IGIk=,50Fcm3Lfpz/iWQuAQZALuT/2L8U=
-160,-46,25K1gKCFCdKU51X+NJYNwg/IGIk=,50Fcm3Lfpz/iWQuAQZALuT/2L8U=
-158,-48,25K1gKCFCdKU51X+NJYNwg/IGIk=,50Fcm3Lfpz/iWQuAQZALuT/2L8U=
-159,-46,25K1gKCFCdKU51X+NJYNwg/IGIk=,50Fcm3Lfpz/iWQuAQZALuT/2L8U=
-158,-47,25K1gKCFCdKU51X+NJYNwg/IGIk=,50Fcm3Lfpz/iWQuAQZALuT/2L8U=
-158,-46,25K1gKCFCdKU51X+NJYNwg/IGIk=,50Fcm3Lfpz/iWQuAQZALuT/2L8U=
-159,-47,25K1gKCFCdKU51X+NJYNwg/IGIk=,50Fcm3Lfpz/iWQuAQZALuT/2L8U=
-157,-46,25K1gKCFCdKU51X+NJYNwg/IGIk=,50Fcm3Lfpz/iWQuAQZALuT/2L8U=
-156,-46,25K1gKCFCdKU51X+NJYNwg/IGIk=,50Fcm3Lfpz/iWQuAQZALuT/2L8U=
-145,-33,25K1gKCFCdKU51X+NJYNwg/IGIk=,50Fcm3Lfpz/iWQuAQZALuT/2L8U=
-154,-46,25K1gKCFCdKU51X+NJYNwg/IGIk=,50Fcm3Lfpz/iWQuAQZALuT/2L8U=
-155,-46,25K1gKCFCdKU51X+NJYNwg/IGIk=,50Fcm3Lfpz/iWQuAQZALuT/2L8U=
-153,-46,25K1gKCFCdKU51X+NJYNwg/IGIk=,50Fcm3Lfpz/iWQuAQZALuT/2L8U=
-152,-46,25K1gKCFCdKU51X+NJYNwg/IGIk=,50Fcm3Lfpz/iWQuAQZALuT/2L8U=
-151,-46,25K1gKCFCdKU51X+NJYNwg/IGIk=,50Fcm3Lfpz/iWQuAQZALuT/2L8U=
-150,-46,25K1gKCFCdKU51X+NJYNwg/IGIk=,50Fcm3Lfpz/iWQuAQZALuT/2L8U=
-148,-46,typd1ZB3oCALXz4G3e3wT16+4ZM=,50Fcm3Lfpz/iWQuAQZALuT/2L8U=
-149,-46,25K1gKCFCdKU51X+NJYNwg/IGIk=,50Fcm3Lfpz/iWQuAQZALuT/2L8U=
-147,-46,typd1ZB3oCALXz4G3e3wT16+4ZM=,50Fcm3Lfpz/iWQuAQZALuT/2L8U=
-146,-46,typd1ZB3oCALXz4G3e3wT16+4ZM=,50Fcm3Lfpz/iWQuAQZALuT/2L8U=
-145,-46,typd1ZB3oCALXz4G3e3wT16+4ZM=,50Fcm3Lfpz/iWQuAQZALuT/2L8U=
-157,-48,typd1ZB3oCALXz4G3e3wT16+4ZM=,50Fcm3Lfpz/iWQuAQZALuT/2L8U=
-160,-45,typd1ZB3oCALXz4G3e3wT16+4ZM=,50Fcm3Lfpz/iWQuAQZALuT/2L8U=
-159,-45,typd1ZB3oCALXz4G3e3wT16+4ZM=,50Fcm3Lfpz/iWQuAQZALuT/2L8U=
-157,-45,typd1ZB3oCALXz4G3e3wT16+4ZM=,50Fcm3Lfpz/iWQuAQZALuT/2L8U=
-156,-45,typd1ZB3oCALXz4G3e3wT16+4ZM=,50Fcm3Lfpz/iWQuAQZALuT/2L8U=
-155,-45,typd1ZB3oCALXz4G3e3wT16+4ZM=,50Fcm3Lfpz/iWQuAQZALuT/2L8U=
-158,-45,typd1ZB3oCALXz4G3e3wT16+4ZM=,50Fcm3Lfpz/iWQuAQZALuT/2L8U=
-154,-45,typd1ZB3oCALXz4G3e3wT16+4ZM=,50Fcm3Lfpz/iWQuAQZALuT/2L8U=
-153,-45,typd1ZB3oCALXz4G3e3wT16+4ZM=,50Fcm3Lfpz/iWQuAQZALuT/2L8U=
-152,-45,typd1ZB3oCALXz4G3e3wT16+4ZM=,50Fcm3Lfpz/iWQuAQZALuT/2L8U=
-151,-45,typd1ZB3oCALXz4G3e3wT16+4ZM=,50Fcm3Lfpz/iWQuAQZALuT/2L8U=
-150,-45,typd1ZB3oCALXz4G3e3wT16+4ZM=,50Fcm3Lfpz/iWQuAQZALuT/2L8U=
-149,-45,typd1ZB3oCALXz4G3e3wT16+4ZM=,50Fcm3Lfpz/iWQuAQZALuT/2L8U=
-148,-45,typd1ZB3oCALXz4G3e3wT16+4ZM=,50Fcm3Lfpz/iWQuAQZALuT/2L8U=
-147,-45,typd1ZB3oCALXz4G3e3wT16+4ZM=,50Fcm3Lfpz/iWQuAQZALuT/2L8U=
-146,-45,typd1ZB3oCALXz4G3e3wT16+4ZM=,50Fcm3Lfpz/iWQuAQZALuT/2L8U=
-156,-48,typd1ZB3oCALXz4G3e3wT16+4ZM=,50Fcm3Lfpz/iWQuAQZALuT/2L8U=
-145,-45,typd1ZB3oCALXz4G3e3wT16+4ZM=,50Fcm3Lfpz/iWQuAQZALuT/2L8U=
-160,-44,typd1ZB3oCALXz4G3e3wT16+4ZM=,50Fcm3Lfpz/iWQuAQZALuT/2L8U=
-159,-44,typd1ZB3oCALXz4G3e3wT16+4ZM=,50Fcm3Lfpz/iWQuAQZALuT/2L8U=
-158,-44,typd1ZB3oCALXz4G3e3wT16+4ZM=,50Fcm3Lfpz/iWQuAQZALuT/2L8U=
-157,-44,typd1ZB3oCALXz4G3e3wT16+4ZM=,50Fcm3Lfpz/iWQuAQZALuT/2L8U=
-155,-44,typd1ZB3oCALXz4G3e3wT16+4ZM=,50Fcm3Lfpz/iWQuAQZALuT/2L8U=
-156,-44,typd1ZB3oCALXz4G3e3wT16+4ZM=,50Fcm3Lfpz/iWQuAQZALuT/2L8U=
-154,-44,typd1ZB3oCALXz4G3e3wT16+4ZM=,50Fcm3Lfpz/iWQuAQZALuT/2L8U=
-153,-44,typd1ZB3oCALXz4G3e3wT16+4ZM=,50Fcm3Lfpz/iWQuAQZALuT/2L8U=
-152,-44,typd1ZB3oCALXz4G3e3wT16+4ZM=,50Fcm3Lfpz/iWQuAQZALuT/2L8U=
-150,-44,typd1ZB3oCALXz4G3e3wT16+4ZM=,50Fcm3Lfpz/iWQuAQZALuT/2L8U=
-149,-44,typd1ZB3oCALXz4G3e3wT16+4ZM=,50Fcm3Lfpz/iWQuAQZALuT/2L8U=
-151,-44,typd1ZB3oCALXz4G3e3wT16+4ZM=,50Fcm3Lfpz/iWQuAQZALuT/2L8U=
-148,-44,typd1ZB3oCALXz4G3e3wT16+4ZM=,50Fcm3Lfpz/iWQuAQZALuT/2L8U=
-147,-44,typd1ZB3oCALXz4G3e3wT16+4ZM=,50Fcm3Lfpz/iWQuAQZALuT/2L8U=
-146,-44,typd1ZB3oCALXz4G3e3wT16+4ZM=,50Fcm3Lfpz/iWQuAQZALuT/2L8U=
-155,-48,typd1ZB3oCALXz4G3e3wT16+4ZM=,50Fcm3Lfpz/iWQuAQZALuT/2L8U=
-145,-44,typd1ZB3oCALXz4G3e3wT16+4ZM=,50Fcm3Lfpz/iWQuAQZALuT/2L8U=
-160,-43,typd1ZB3oCALXz4G3e3wT16+4ZM=,50Fcm3Lfpz/iWQuAQZALuT/2L8U=
-151,-33,typd1ZB3oCALXz4G3e3wT16+4ZM=,50Fcm3Lfpz/iWQuAQZALuT/2L8U=
-159,-43,typd1ZB3oCALXz4G3e3wT16+4ZM=,50Fcm3Lfpz/iWQuAQZALuT/2L8U=
-158,-43,typd1ZB3oCALXz4G3e3wT16+4ZM=,50Fcm3Lfpz/iWQuAQZALuT/2L8U=
-152,-33,typd1ZB3oCALXz4G3e3wT16+4ZM=,50Fcm3Lfpz/iWQuAQZALuT/2L8U=
-157,-43,typd1ZB3oCALXz4G3e3wT16+4ZM=,50Fcm3Lfpz/iWQuAQZALuT/2L8U=
-153,-33,typd1ZB3oCALXz4G3e3wT16+4ZM=,50Fcm3Lfpz/iWQuAQZALuT/2L8U=
-156,-43,typd1ZB3oCALXz4G3e3wT16+4ZM=,50Fcm3Lfpz/iWQuAQZALuT/2L8U=
-155,-33,typd1ZB3oCALXz4G3e3wT16+4ZM=,50Fcm3Lfpz/iWQuAQZALuT/2L8U=
-155,-43,typd1ZB3oCALXz4G3e3wT16+4ZM=,50Fcm3Lfpz/iWQuAQZALuT/2L8U=
-156,-33,typd1ZB3oCALXz4G3e3wT16+4ZM=,50Fcm3Lfpz/iWQuAQZALuT/2L8U=
-154,-43,typd1ZB3oCALXz4G3e3wT16+4ZM=,50Fcm3Lfpz/iWQuAQZALuT/2L8U=
-154,-33,typd1ZB3oCALXz4G3e3wT16+4ZM=,50Fcm3Lfpz/iWQuAQZALuT/2L8U=
-157,-33,typd1ZB3oCALXz4G3e3wT16+4ZM=,50Fcm3Lfpz/iWQuAQZALuT/2L8U=
-153,-43,typd1ZB3oCALXz4G3e3wT16+4ZM=,50Fcm3Lfpz/iWQuAQZALuT/2L8U=
-158,-33,typd1ZB3oCALXz4G3e3wT16+4ZM=,50Fcm3Lfpz/iWQuAQZALuT/2L8U=
-152,-43,typd1ZB3oCALXz4G3e3wT16+4ZM=,50Fcm3Lfpz/iWQuAQZALuT/2L8U=
-159,-33,typd1ZB3oCALXz4G3e3wT16+4ZM=,50Fcm3Lfpz/iWQuAQZALuT/2L8U=
-151,-43,typd1ZB3oCALXz4G3e3wT16+4ZM=,50Fcm3Lfpz/iWQuAQZALuT/2L8U=
-160,-47,typd1ZB3oCALXz4G3e3wT16+4ZM=,50Fcm3Lfpz/iWQuAQZALuT/2L8U=
-150,-43,typd1ZB3oCALXz4G3e3wT16+4ZM=,50Fcm3Lfpz/iWQuAQZALuT/2L8U=
-145,-48,typd1ZB3oCALXz4G3e3wT16+4ZM=,50Fcm3Lfpz/iWQuAQZALuT/2L8U=
-146,-34,typd1ZB3oCALXz4G3e3wT16+4ZM=,50Fcm3Lfpz/iWQuAQZALuT/2L8U=
-149,-43,typd1ZB3oCALXz4G3e3wT16+4ZM=,50Fcm3Lfpz/iWQuAQZALuT/2L8U=
-148,-43,typd1ZB3oCALXz4G3e3wT16+4ZM=,50Fcm3Lfpz/iWQuAQZALuT/2L8U=
-154,-48,typd1ZB3oCALXz4G3e3wT16+4ZM=,50Fcm3Lfpz/iWQuAQZALuT/2L8U=
-145,-34,typd1ZB3oCALXz4G3e3wT16+4ZM=,50Fcm3Lfpz/iWQuAQZALuT/2L8U=
-147,-43,typd1ZB3oCALXz4G3e3wT16+4ZM=,50Fcm3Lfpz/iWQuAQZALuT/2L8U=
-146,-43,typd1ZB3oCALXz4G3e3wT16+4ZM=,50Fcm3Lfpz/iWQuAQZALuT/2L8U=
-145,-43,typd1ZB3oCALXz4G3e3wT16+4ZM=,50Fcm3Lfpz/iWQuAQZALuT/2L8U=
-160,-42,typd1ZB3oCALXz4G3e3wT16+4ZM=,50Fcm3Lfpz/iWQuAQZALuT/2L8U=
-159,-42,typd1ZB3oCALXz4G3e3wT16+4ZM=,50Fcm3Lfpz/iWQuAQZALuT/2L8U=
-158,-42,typd1ZB3oCALXz4G3e3wT16+4ZM=,50Fcm3Lfpz/iWQuAQZALuT/2L8U=
-156,-42,typd1ZB3oCALXz4G3e3wT16+4ZM=,50Fcm3Lfpz/iWQuAQZALuT/2L8U=
-157,-42,typd1ZB3oCALXz4G3e3wT16+4ZM=,50Fcm3Lfpz/iWQuAQZALuT/2L8U=
-155,-42,typd1ZB3oCALXz4G3e3wT16+4ZM=,50Fcm3Lfpz/iWQuAQZALuT/2L8U=
-154,-42,typd1ZB3oCALXz4G3e3wT16+4ZM=,50Fcm3Lfpz/iWQuAQZALuT/2L8U=
-153,-42,typd1ZB3oCALXz4G3e3wT16+4ZM=,50Fcm3Lfpz/iWQuAQZALuT/2L8U=
-152,-42,typd1ZB3oCALXz4G3e3wT16+4ZM=,50Fcm3Lfpz/iWQuAQZALuT/2L8U=
-150,-42,typd1ZB3oCALXz4G3e3wT16+4ZM=,50Fcm3Lfpz/iWQuAQZALuT/2L8U=
-151,-42,typd1ZB3oCALXz4G3e3wT16+4ZM=,50Fcm3Lfpz/iWQuAQZALuT/2L8U=
-149,-42,typd1ZB3oCALXz4G3e3wT16+4ZM=,50Fcm3Lfpz/iWQuAQZALuT/2L8U=
-153,-48,typd1ZB3oCALXz4G3e3wT16+4ZM=,50Fcm3Lfpz/iWQuAQZALuT/2L8U=
-148,-42,typd1ZB3oCALXz4G3e3wT16+4ZM=,50Fcm3Lfpz/iWQuAQZALuT/2L8U=
-146,-42,typd1ZB3oCALXz4G3e3wT16+4ZM=,50Fcm3Lfpz/iWQuAQZALuT/2L8U=
-145,-42,typd1ZB3oCALXz4G3e3wT16+4ZM=,50Fcm3Lfpz/iWQuAQZALuT/2L8U=
-147,-42,typd1ZB3oCALXz4G3e3wT16+4ZM=,50Fcm3Lfpz/iWQuAQZALuT/2L8U=
-160,-41,typd1ZB3oCALXz4G3e3wT16+4ZM=,50Fcm3Lfpz/iWQuAQZALuT/2L8U=
-159,-41,typd1ZB3oCALXz4G3e3wT16+4ZM=,50Fcm3Lfpz/iWQuAQZALuT/2L8U=
-158,-41,typd1ZB3oCALXz4G3e3wT16+4ZM=,50Fcm3Lfpz/iWQuAQZALuT/2L8U=
-157,-41,typd1ZB3oCALXz4G3e3wT16+4ZM=,50Fcm3Lfpz/iWQuAQZALuT/2L8U=
-156,-41,typd1ZB3oCALXz4G3e3wT16+4ZM=,50Fcm3Lfpz/iWQuAQZALuT/2L8U=
-155,-41,typd1ZB3oCALXz4G3e3wT16+4ZM=,50Fcm3Lfpz/iWQuAQZALuT/2L8U=
-154,-41,typd1ZB3oCALXz4G3e3wT16+4ZM=,50Fcm3Lfpz/iWQuAQZALuT/2L8U=
-153,-41,typd1ZB3oCALXz4G3e3wT16+4ZM=,50Fcm3Lfpz/iWQuAQZALuT/2L8U=
-152,-41,typd1ZB3oCALXz4G3e3wT16+4ZM=,50Fcm3Lfpz/iWQuAQZALuT/2L8U=
-150,-41,typd1ZB3oCALXz4G3e3wT16+4ZM=,50Fcm3Lfpz/iWQuAQZALuT/2L8U=
-152,-48,typd1ZB3oCALXz4G3e3wT16+4ZM=,50Fcm3Lfpz/iWQuAQZALuT/2L8U=
-151,-41,typd1ZB3oCALXz4G3e3wT16+4ZM=,50Fcm3Lfpz/iWQuAQZALuT/2L8U=
-148,-41,typd1ZB3oCALXz4G3e3wT16+4ZM=,50Fcm3Lfpz/iWQuAQZALuT/2L8U=
-149,-41,typd1ZB3oCALXz4G3e3wT16+4ZM=,50Fcm3Lfpz/iWQuAQZALuT/2L8U=
-147,-41,typd1ZB3oCALXz4G3e3wT16+4ZM=,50Fcm3Lfpz/iWQuAQZALuT/2L8U=
-146,-41,typd1ZB3oCALXz4G3e3wT16+4ZM=,50Fcm3Lfpz/iWQuAQZALuT/2L8U=
-160,-40,typd1ZB3oCALXz4G3e3wT16+4ZM=,50Fcm3Lfpz/iWQuAQZALuT/2L8U=
-159,-40,typd1ZB3oCALXz4G3e3wT16+4ZM=,50Fcm3Lfpz/iWQuAQZALuT/2L8U=
-145,-41,typd1ZB3oCALXz4G3e3wT16+4ZM=,50Fcm3Lfpz/iWQuAQZALuT/2L8U=
-158,-40,typd1ZB3oCALXz4G3e3wT16+4ZM=,50Fcm3Lfpz/iWQuAQZALuT/2L8U=
-148,-33,typd1ZB3oCALXz4G3e3wT16+4ZM=,50Fcm3Lfpz/iWQuAQZALuT/2L8U=
-151,-34,typd1ZB3oCALXz4G3e3wT16+4ZM=,50Fcm3Lfpz/iWQuAQZALuT/2L8U=
-153,-34,typd1ZB3oCALXz4G3e3wT16+4ZM=,50Fcm3Lfpz/iWQuAQZALuT/2L8U=
-152,-34,typd1ZB3oCALXz4G3e3wT16+4ZM=,50Fcm3Lfpz/iWQuAQZALuT/2L8U=
-154,-34,typd1ZB3oCALXz4G3e3wT16+4ZM=,50Fcm3Lfpz/iWQuAQZALuT/2L8U=
-147,-33,typd1ZB3oCALXz4G3e3wT16+4ZM=,50Fcm3Lfpz/iWQuAQZALuT/2L8U=
-148,-34,typd1ZB3oCALXz4G3e3wT16+4ZM=,50Fcm3Lfpz/iWQuAQZALuT/2L8U=
-160,-48,typd1ZB3oCALXz4G3e3wT16+4ZM=,50Fcm3Lfpz/iWQuAQZALuT/2L8U=
-147,-34,typd1ZB3oCALXz4G3e3wT16+4ZM=,50Fcm3Lfpz/iWQuAQZALuT/2L8U=
-146,-33,typd1ZB3oCALXz4G3e3wT16+4ZM=,50Fcm3Lfpz/iWQuAQZALuT/2L8U=
-157,-40,typd1ZB3oCALXz4G3e3wT16+4ZM=,50Fcm3Lfpz/iWQuAQZALuT/2L8U=
-160,-33,typd1ZB3oCALXz4G3e3wT16+4ZM=,50Fcm3Lfpz/iWQuAQZALuT/2L8U=
-155,-40,typd1ZB3oCALXz4G3e3wT16+4ZM=,50Fcm3Lfpz/iWQuAQZALuT/2L8U=
-156,-40,typd1ZB3oCALXz4G3e3wT16+4ZM=,50Fcm3Lfpz/iWQuAQZALuT/2L8U=
-154,-40,typd1ZB3oCALXz4G3e3wT16+4ZM=,50Fcm3Lfpz/iWQuAQZALuT/2L8U=
-153,-40,typd1ZB3oCALXz4G3e3wT16+4ZM=,50Fcm3Lfpz/iWQuAQZALuT/2L8U=
-152,-40,typd1ZB3oCALXz4G3e3wT16+4ZM=,50Fcm3Lfpz/iWQuAQZALuT/2L8U=
-151,-40,typd1ZB3oCALXz4G3e3wT16+4ZM=,50Fcm3Lfpz/iWQuAQZALuT/2L8U=
-151,-48,typd1ZB3oCALXz4G3e3wT16+4ZM=,50Fcm3Lfpz/iWQuAQZALuT/2L8U=
-149,-40,typd1ZB3oCALXz4G3e3wT16+4ZM=,50Fcm3Lfpz/iWQuAQZALuT/2L8U=
-150,-40,typd1ZB3oCALXz4G3e3wT16+4ZM=,50Fcm3Lfpz/iWQuAQZALuT/2L8U=
-148,-40,typd1ZB3oCALXz4G3e3wT16+4ZM=,50Fcm3Lfpz/iWQuAQZALuT/2L8U=
-147,-40,typd1ZB3oCALXz4G3e3wT16+4ZM=,50Fcm3Lfpz/iWQuAQZALuT/2L8U=
-146,-40,typd1ZB3oCALXz4G3e3wT16+4ZM=,50Fcm3Lfpz/iWQuAQZALuT/2L8U=
-145,-40,typd1ZB3oCALXz4G3e3wT16+4ZM=,50Fcm3Lfpz/iWQuAQZALuT/2L8U=
-160,-39,typd1ZB3oCALXz4G3e3wT16+4ZM=,50Fcm3Lfpz/iWQuAQZALuT/2L8U=
-159,-39,typd1ZB3oCALXz4G3e3wT16+4ZM=,50Fcm3Lfpz/iWQuAQZALuT/2L8U=
-158,-39,typd1ZB3oCALXz4G3e3wT16+4ZM=,50Fcm3Lfpz/iWQuAQZALuT/2L8U=
-150,-33,typd1ZB3oCALXz4G3e3wT16+4ZM=,50Fcm3Lfpz/iWQuAQZALuT/2L8U=
-145,-35,typd1ZB3oCALXz4G3e3wT16+4ZM=,50Fcm3Lfpz/iWQuAQZALuT/2L8U=
-146,-35,typd1ZB3oCALXz4G3e3wT16+4ZM=,50Fcm3Lfpz/iWQuAQZALuT/2L8U=
-149,-33,typd1ZB3oCALXz4G3e3wT16+4ZM=,50Fcm3Lfpz/iWQuAQZALuT/2L8U=
-149,-34,typd1ZB3oCALXz4G3e3wT16+4ZM=,50Fcm3Lfpz/iWQuAQZALuT/2L8U=
-150,-34,typd1ZB3oCALXz4G3e3wT16+4ZM=,50Fcm3Lfpz/iWQuAQZALuT/2L8U=
-159,-34,typd1ZB3oCALXz4G3e3wT16+4ZM=,50Fcm3Lfpz/iWQuAQZALuT/2L8U=
-151,-35,typd1ZB3oCALXz4G3e3wT16+4ZM=,50Fcm3Lfpz/iWQuAQZALuT/2L8U=
-152,-35,typd1ZB3oCALXz4G3e3wT16+4ZM=,50Fcm3Lfpz/iWQuAQZALuT/2L8U=
-147,-35,typd1ZB3oCALXz4G3e3wT16+4ZM=,50Fcm3Lfpz/iWQuAQZALuT/2L8U=
-150,-35,typd1ZB3oCALXz4G3e3wT16+4ZM=,50Fcm3Lfpz/iWQuAQZALuT/2L8U=
-148,-35,typd1ZB3oCALXz4G3e3wT16+4ZM=,50Fcm3Lfpz/iWQuAQZALuT/2L8U=
-146,-48,typd1ZB3oCALXz4G3e3wT16+4ZM=,50Fcm3Lfpz/iWQuAQZALuT/2L8U=
-149,-35,typd1ZB3oCALXz4G3e3wT16+4ZM=,50Fcm3Lfpz/iWQuAQZALuT/2L8U=
-153,-35,typd1ZB3oCALXz4G3e3wT16+4ZM=,50Fcm3Lfpz/iWQuAQZALuT/2L8U=
-158,-34,typd1ZB3oCALXz4G3e3wT16+4ZM=,50Fcm3Lfpz/iWQuAQZALuT/2L8U=
-157,-39,typd1ZB3oCALXz4G3e3wT16+4ZM=,50Fcm3Lfpz/iWQuAQZALuT/2L8U=
-160,-34,typd1ZB3oCALXz4G3e3wT16+4ZM=,50Fcm3Lfpz/iWQuAQZALuT/2L8U=
-159,-35,typd1ZB3oCALXz4G3e3wT16+4ZM=,50Fcm3Lfpz/iWQuAQZALuT/2L8U=
-145,-36,typd1ZB3oCALXz4G3e3wT16+4ZM=,50Fcm3Lfpz/iWQuAQZALuT/2L8U=
-146,-36,typd1ZB3oCALXz4G3e3wT16+4ZM=,50Fcm3Lfpz/iWQuAQZALuT/2L8U=
-147,-36,typd1ZB3oCALXz4G3e3wT16+4ZM=,50Fcm3Lfpz/iWQuAQZALuT/2L8U=
-156,-39,typd1ZB3oCALXz4G3e3wT16+4ZM=,50Fcm3Lfpz/iWQuAQZALuT/2L8U=
-148,-36,typd1ZB3oCALXz4G3e3wT16+4ZM=,50Fcm3Lfpz/iWQuAQZALuT/2L8U=
-149,-36,typd1ZB3oCALXz4G3e3wT16+4ZM=,50Fcm3Lfpz/iWQuAQZALuT/2L8U=
-150,-36,typd1ZB3oCALXz4G3e3wT16+4ZM=,50Fcm3Lfpz/iWQuAQZALuT/2L8U=
-151,-36,typd1ZB3oCALXz4G3e3wT16+4ZM=,50Fcm3Lfpz/iWQuAQZALuT/2L8U=
-152,-36,typd1ZB3oCALXz4G3e3wT16+4ZM=,50Fcm3Lfpz/iWQuAQZALuT/2L8U=
-158,-35,typd1ZB3oCALXz4G3e3wT16+4ZM=,50Fcm3Lfpz/iWQuAQZALuT/2L8U=
-155,-39,typd1ZB3oCALXz4G3e3wT16+4ZM=,50Fcm3Lfpz/iWQuAQZALuT/2L8U=
-154,-39,typd1ZB3oCALXz4G3e3wT16+4ZM=,50Fcm3Lfpz/iWQuAQZALuT/2L8U=
-157,-34,typd1ZB3oCALXz4G3e3wT16+4ZM=,50Fcm3Lfpz/iWQuAQZALuT/2L8U=
-147,-48,typd1ZB3oCALXz4G3e3wT16+4ZM=,50Fcm3Lfpz/iWQuAQZALuT/2L8U=
-153,-36,typd1ZB3oCALXz4G3e3wT16+4ZM=,50Fcm3Lfpz/iWQuAQZALuT/2L8U=
-153,-39,typd1ZB3oCALXz4G3e3wT16+4ZM=,50Fcm3Lfpz/iWQuAQZALuT/2L8U=
-152,-39,typd1ZB3oCALXz4G3e3wT16+4ZM=,50Fcm3Lfpz/iWQuAQZALuT/2L8U=
-150,-48,typd1ZB3oCALXz4G3e3wT16+4ZM=,50Fcm3Lfpz/iWQuAQZALuT/2L8U=
-151,-39,typd1ZB3oCALXz4G3e3wT16+4ZM=,50Fcm3Lfpz/iWQuAQZALuT/2L8U=
-150,-39,typd1ZB3oCALXz4G3e3wT16+4ZM=,50Fcm3Lfpz/iWQuAQZALuT/2L8U=
-149,-39,typd1ZB3oCALXz4G3e3wT16+4ZM=,50Fcm3Lfpz/iWQuAQZALuT/2L8U=
-148,-39,typd1ZB3oCALXz4G3e3wT16+4ZM=,50Fcm3Lfpz/iWQuAQZALuT/2L8U=
-147,-39,typd1ZB3oCALXz4G3e3wT16+4ZM=,50Fcm3Lfpz/iWQuAQZALuT/2L8U=
-146,-39,typd1ZB3oCALXz4G3e3wT16+4ZM=,50Fcm3Lfpz/iWQuAQZALuT/2L8U=
-145,-39,typd1ZB3oCALXz4G3e3wT16+4ZM=,50Fcm3Lfpz/iWQuAQZALuT/2L8U=
-160,-38,typd1ZB3oCALXz4G3e3wT16+4ZM=,50Fcm3Lfpz/iWQuAQZALuT/2L8U=
-159,-38,typd1ZB3oCALXz4G3e3wT16+4ZM=,50Fcm3Lfpz/iWQuAQZALuT/2L8U=
-158,-38,typd1ZB3oCALXz4G3e3wT16+4ZM=,50Fcm3Lfpz/iWQuAQZALuT/2L8U=
-160,-35,typd1ZB3oCALXz4G3e3wT16+4ZM=,50Fcm3Lfpz/iWQuAQZALuT/2L8U=
-157,-35,typd1ZB3oCALXz4G3e3wT16+4ZM=,50Fcm3Lfpz/iWQuAQZALuT/2L8U=
-157,-38,typd1ZB3oCALXz4G3e3wT16+4ZM=,50Fcm3Lfpz/iWQuAQZALuT/2L8U=
-158,-36,typd1ZB3oCALXz4G3e3wT16+4ZM=,50Fcm3Lfpz/iWQuAQZALuT/2L8U=
-159,-36,typd1ZB3oCALXz4G3e3wT16+4ZM=,50Fcm3Lfpz/iWQuAQZALuT/2L8U=
-156,-38,typd1ZB3oCALXz4G3e3wT16+4ZM=,50Fcm3Lfpz/iWQuAQZALuT/2L8U=
-156,-36,typd1ZB3oCALXz4G3e3wT16+4ZM=,50Fcm3Lfpz/iWQuAQZALuT/2L8U=
-145,-37,typd1ZB3oCALXz4G3e3wT16+4ZM=,50Fcm3Lfpz/iWQuAQZALuT/2L8U=
-146,-37,typd1ZB3oCALXz4G3e3wT16+4ZM=,50Fcm3Lfpz/iWQuAQZALuT/2L8U=
-147,-37,typd1ZB3oCALXz4G3e3wT16+4ZM=,50Fcm3Lfpz/iWQuAQZALuT/2L8U=
-148,-37,typd1ZB3oCALXz4G3e3wT16+4ZM=,50Fcm3Lfpz/iWQuAQZALuT/2L8U=
-149,-37,typd1ZB3oCALXz4G3e3wT16+4ZM=,50Fcm3Lfpz/iWQuAQZALuT/2L8U=
-150,-37,typd1ZB3oCALXz4G3e3wT16+4ZM=,50Fcm3Lfpz/iWQuAQZALuT/2L8U=
-151,-37,typd1ZB3oCALXz4G3e3wT16+4ZM=,50Fcm3Lfpz/iWQuAQZALuT/2L8U=
-152,-37,typd1ZB3oCALXz4G3e3wT16+4ZM=,50Fcm3Lfpz/iWQuAQZALuT/2L8U=
-157,-36,typd1ZB3oCALXz4G3e3wT16+4ZM=,50Fcm3Lfpz/iWQuAQZALuT/2L8U=
-148,-48,typd1ZB3oCALXz4G3e3wT16+4ZM=,50Fcm3Lfpz/iWQuAQZALuT/2L8U=
-160,-36,typd1ZB3oCALXz4G3e3wT16+4ZM=,50Fcm3Lfpz/iWQuAQZALuT/2L8U=
-154,-36,typd1ZB3oCALXz4G3e3wT16+4ZM=,50Fcm3Lfpz/iWQuAQZALuT/2L8U=
-154,-35,typd1ZB3oCALXz4G3e3wT16+4ZM=,50Fcm3Lfpz/iWQuAQZALuT/2L8U=
-153,-37,typd1ZB3oCALXz4G3e3wT16+4ZM=,50Fcm3Lfpz/iWQuAQZALuT/2L8U=
-158,-37,typd1ZB3oCALXz4G3e3wT16+4ZM=,50Fcm3Lfpz/iWQuAQZALuT/2L8U=
-159,-37,typd1ZB3oCALXz4G3e3wT16+4ZM=,50Fcm3Lfpz/iWQuAQZALuT/2L8U=
-160,-37,typd1ZB3oCALXz4G3e3wT16+4ZM=,50Fcm3Lfpz/iWQuAQZALuT/2L8U=
-145,-38,typd1ZB3oCALXz4G3e3wT16+4ZM=,50Fcm3Lfpz/iWQuAQZALuT/2L8U=
-146,-38,typd1ZB3oCALXz4G3e3wT16+4ZM=,50Fcm3Lfpz/iWQuAQZALuT/2L8U=
-147,-38,typd1ZB3oCALXz4G3e3wT16+4ZM=,50Fcm3Lfpz/iWQuAQZALuT/2L8U=
-148,-38,typd1ZB3oCALXz4G3e3wT16+4ZM=,50Fcm3Lfpz/iWQuAQZALuT/2L8U=
-149,-38,typd1ZB3oCALXz4G3e3wT16+4ZM=,50Fcm3Lfpz/iWQuAQZALuT/2L8U=
-150,-38,typd1ZB3oCALXz4G3e3wT16+4ZM=,50Fcm3Lfpz/iWQuAQZALuT/2L8U=
-151,-38,typd1ZB3oCALXz4G3e3wT16+4ZM=,50Fcm3Lfpz/iWQuAQZALuT/2L8U=
-152,-38,typd1ZB3oCALXz4G3e3wT16+4ZM=,50Fcm3Lfpz/iWQuAQZALuT/2L8U=
-149,-48,typd1ZB3oCALXz4G3e3wT16+4ZM=,50Fcm3Lfpz/iWQuAQZALuT/2L8U=
-154,-37,typd1ZB3oCALXz4G3e3wT16+4ZM=,50Fcm3Lfpz/iWQuAQZALuT/2L8U=
-157,-37,typd1ZB3oCALXz4G3e3wT16+4ZM=,50Fcm3Lfpz/iWQuAQZALuT/2L8U=
-153,-38,typd1ZB3oCALXz4G3e3wT16+4ZM=,50Fcm3Lfpz/iWQuAQZALuT/2L8U=
-155,-38,typd1ZB3oCALXz4G3e3wT16+4ZM=,50Fcm3Lfpz/iWQuAQZALuT/2L8U=
-155,-37,typd1ZB3oCALXz4G3e3wT16+4ZM=,50Fcm3Lfpz/iWQuAQZALuT/2L8U=
-154,-38,typd1ZB3oCALXz4G3e3wT16+4ZM=,50Fcm3Lfpz/iWQuAQZALuT/2L8U=
-155,-36,typd1ZB3oCALXz4G3e3wT16+4ZM=,50Fcm3Lfpz/iWQuAQZALuT/2L8U=
-156,-35,typd1ZB3oCALXz4G3e3wT16+4ZM=,50Fcm3Lfpz/iWQuAQZALuT/2L8U=
-156,-37,typd1ZB3oCALXz4G3e3wT16+4ZM=,50Fcm3Lfpz/iWQuAQZALuT/2L8U=
-155,-35,typd1ZB3oCALXz4G3e3wT16+4ZM=,50Fcm3Lfpz/iWQuAQZALuT/2L8U=
-155,-34,typd1ZB3oCALXz4G3e3wT16+4ZM=,50Fcm3Lfpz/iWQuAQZALuT/2L8U=
-156,-34,typd1ZB3oCALXz4G3e3wT16+4ZM=,50Fcm3Lfpz/iWQuAQZALuT/2L8U=
-141,-47,3pIt0c9iVdVOFK3MIEbAZ+7XJWE=,50Fcm3Lfpz/iWQuAQZALuT/2L8U=
-143,-48,3pIt0c9iVdVOFK3MIEbAZ+7XJWE=,50Fcm3Lfpz/iWQuAQZALuT/2L8U=
-142,-47,3pIt0c9iVdVOFK3MIEbAZ+7XJWE=,50Fcm3Lfpz/iWQuAQZALuT/2L8U=
-144,-48,3pIt0c9iVdVOFK3MIEbAZ+7XJWE=,50Fcm3Lfpz/iWQuAQZALuT/2L8U=
-144,-47,3pIt0c9iVdVOFK3MIEbAZ+7XJWE=,50Fcm3Lfpz/iWQuAQZALuT/2L8U=
-143,-47,3pIt0c9iVdVOFK3MIEbAZ+7XJWE=,50Fcm3Lfpz/iWQuAQZALuT/2L8U=
-129,-34,3pIt0c9iVdVOFK3MIEbAZ+7XJWE=,50Fcm3Lfpz/iWQuAQZALuT/2L8U=
-130,-34,3pIt0c9iVdVOFK3MIEbAZ+7XJWE=,50Fcm3Lfpz/iWQuAQZALuT/2L8U=
-131,-34,3pIt0c9iVdVOFK3MIEbAZ+7XJWE=,50Fcm3Lfpz/iWQuAQZALuT/2L8U=
-132,-34,3pIt0c9iVdVOFK3MIEbAZ+7XJWE=,50Fcm3Lfpz/iWQuAQZALuT/2L8U=
-134,-34,3pIt0c9iVdVOFK3MIEbAZ+7XJWE=,50Fcm3Lfpz/iWQuAQZALuT/2L8U=
-133,-34,3pIt0c9iVdVOFK3MIEbAZ+7XJWE=,50Fcm3Lfpz/iWQuAQZALuT/2L8U=
-135,-34,3pIt0c9iVdVOFK3MIEbAZ+7XJWE=,50Fcm3Lfpz/iWQuAQZALuT/2L8U=
-137,-34,3pIt0c9iVdVOFK3MIEbAZ+7XJWE=,50Fcm3Lfpz/iWQuAQZALuT/2L8U=
-136,-34,3pIt0c9iVdVOFK3MIEbAZ+7XJWE=,50Fcm3Lfpz/iWQuAQZALuT/2L8U=
-138,-34,3pIt0c9iVdVOFK3MIEbAZ+7XJWE=,50Fcm3Lfpz/iWQuAQZALuT/2L8U=
-139,-34,3pIt0c9iVdVOFK3MIEbAZ+7XJWE=,50Fcm3Lfpz/iWQuAQZALuT/2L8U=
-140,-34,3pIt0c9iVdVOFK3MIEbAZ+7XJWE=,50Fcm3Lfpz/iWQuAQZALuT/2L8U=
-142,-34,3pIt0c9iVdVOFK3MIEbAZ+7XJWE=,50Fcm3Lfpz/iWQuAQZALuT/2L8U=
-141,-34,3pIt0c9iVdVOFK3MIEbAZ+7XJWE=,50Fcm3Lfpz/iWQuAQZALuT/2L8U=
-129,-48,3pIt0c9iVdVOFK3MIEbAZ+7XJWE=,50Fcm3Lfpz/iWQuAQZALuT/2L8U=
-130,-48,3pIt0c9iVdVOFK3MIEbAZ+7XJWE=,50Fcm3Lfpz/iWQuAQZALuT/2L8U=
-144,-34,3pIt0c9iVdVOFK3MIEbAZ+7XJWE=,50Fcm3Lfpz/iWQuAQZALuT/2L8U=
-129,-35,3pIt0c9iVdVOFK3MIEbAZ+7XJWE=,50Fcm3Lfpz/iWQuAQZALuT/2L8U=
-143,-34,3pIt0c9iVdVOFK3MIEbAZ+7XJWE=,50Fcm3Lfpz/iWQuAQZALuT/2L8U=
-130,-35,3pIt0c9iVdVOFK3MIEbAZ+7XJWE=,50Fcm3Lfpz/iWQuAQZALuT/2L8U=
-131,-35,3pIt0c9iVdVOFK3MIEbAZ+7XJWE=,50Fcm3Lfpz/iWQuAQZALuT/2L8U=
-132,-35,3pIt0c9iVdVOFK3MIEbAZ+7XJWE=,50Fcm3Lfpz/iWQuAQZALuT/2L8U=
-133,-35,3pIt0c9iVdVOFK3MIEbAZ+7XJWE=,50Fcm3Lfpz/iWQuAQZALuT/2L8U=
-134,-35,3pIt0c9iVdVOFK3MIEbAZ+7XJWE=,50Fcm3Lfpz/iWQuAQZALuT/2L8U=
-136,-35,3pIt0c9iVdVOFK3MIEbAZ+7XJWE=,50Fcm3Lfpz/iWQuAQZALuT/2L8U=
-135,-35,3pIt0c9iVdVOFK3MIEbAZ+7XJWE=,50Fcm3Lfpz/iWQuAQZALuT/2L8U=
-138,-35,3pIt0c9iVdVOFK3MIEbAZ+7XJWE=,50Fcm3Lfpz/iWQuAQZALuT/2L8U=
-137,-35,3pIt0c9iVdVOFK3MIEbAZ+7XJWE=,50Fcm3Lfpz/iWQuAQZALuT/2L8U=
-140,-35,3pIt0c9iVdVOFK3MIEbAZ+7XJWE=,50Fcm3Lfpz/iWQuAQZALuT/2L8U=
-141,-35,3pIt0c9iVdVOFK3MIEbAZ+7XJWE=,50Fcm3Lfpz/iWQuAQZALuT/2L8U=
-142,-35,3pIt0c9iVdVOFK3MIEbAZ+7XJWE=,50Fcm3Lfpz/iWQuAQZALuT/2L8U=
-139,-35,3pIt0c9iVdVOFK3MIEbAZ+7XJWE=,50Fcm3Lfpz/iWQuAQZALuT/2L8U=
-143,-35,3pIt0c9iVdVOFK3MIEbAZ+7XJWE=,50Fcm3Lfpz/iWQuAQZALuT/2L8U=
-131,-48,3pIt0c9iVdVOFK3MIEbAZ+7XJWE=,50Fcm3Lfpz/iWQuAQZALuT/2L8U=
-144,-35,3pIt0c9iVdVOFK3MIEbAZ+7XJWE=,50Fcm3Lfpz/iWQuAQZALuT/2L8U=
-129,-36,3pIt0c9iVdVOFK3MIEbAZ+7XJWE=,50Fcm3Lfpz/iWQuAQZALuT/2L8U=
-130,-36,3pIt0c9iVdVOFK3MIEbAZ+7XJWE=,50Fcm3Lfpz/iWQuAQZALuT/2L8U=
-131,-36,3pIt0c9iVdVOFK3MIEbAZ+7XJWE=,50Fcm3Lfpz/iWQuAQZALuT/2L8U=
-132,-36,3pIt0c9iVdVOFK3MIEbAZ+7XJWE=,50Fcm3Lfpz/iWQuAQZALuT/2L8U=
-133,-36,3pIt0c9iVdVOFK3MIEbAZ+7XJWE=,50Fcm3Lfpz/iWQuAQZALuT/2L8U=
-134,-36,3pIt0c9iVdVOFK3MIEbAZ+7XJWE=,50Fcm3Lfpz/iWQuAQZALuT/2L8U=
-135,-36,3pIt0c9iVdVOFK3MIEbAZ+7XJWE=,50Fcm3Lfpz/iWQuAQZALuT/2L8U=
-136,-36,3pIt0c9iVdVOFK3MIEbAZ+7XJWE=,50Fcm3Lfpz/iWQuAQZALuT/2L8U=
-137,-36,3pIt0c9iVdVOFK3MIEbAZ+7XJWE=,50Fcm3Lfpz/iWQuAQZALuT/2L8U=
-138,-36,3pIt0c9iVdVOFK3MIEbAZ+7XJWE=,50Fcm3Lfpz/iWQuAQZALuT/2L8U=
-139,-36,3pIt0c9iVdVOFK3MIEbAZ+7XJWE=,50Fcm3Lfpz/iWQuAQZALuT/2L8U=
-140,-36,3pIt0c9iVdVOFK3MIEbAZ+7XJWE=,50Fcm3Lfpz/iWQuAQZALuT/2L8U=
-141,-36,3pIt0c9iVdVOFK3MIEbAZ+7XJWE=,50Fcm3Lfpz/iWQuAQZALuT/2L8U=
-143,-36,3pIt0c9iVdVOFK3MIEbAZ+7XJWE=,50Fcm3Lfpz/iWQuAQZALuT/2L8U=
-142,-36,3pIt0c9iVdVOFK3MIEbAZ+7XJWE=,50Fcm3Lfpz/iWQuAQZALuT/2L8U=
-132,-48,3pIt0c9iVdVOFK3MIEbAZ+7XJWE=,50Fcm3Lfpz/iWQuAQZALuT/2L8U=
-144,-36,3pIt0c9iVdVOFK3MIEbAZ+7XJWE=,50Fcm3Lfpz/iWQuAQZALuT/2L8U=
-129,-37,3pIt0c9iVdVOFK3MIEbAZ+7XJWE=,50Fcm3Lfpz/iWQuAQZALuT/2L8U=
-131,-37,3pIt0c9iVdVOFK3MIEbAZ+7XJWE=,50Fcm3Lfpz/iWQuAQZALuT/2L8U=
-130,-37,3pIt0c9iVdVOFK3MIEbAZ+7XJWE=,50Fcm3Lfpz/iWQuAQZALuT/2L8U=
-132,-37,3pIt0c9iVdVOFK3MIEbAZ+7XJWE=,50Fcm3Lfpz/iWQuAQZALuT/2L8U=
-133,-37,3pIt0c9iVdVOFK3MIEbAZ+7XJWE=,50Fcm3Lfpz/iWQuAQZALuT/2L8U=
-135,-37,3pIt0c9iVdVOFK3MIEbAZ+7XJWE=,50Fcm3Lfpz/iWQuAQZALuT/2L8U=
-136,-37,3pIt0c9iVdVOFK3MIEbAZ+7XJWE=,50Fcm3Lfpz/iWQuAQZALuT/2L8U=
-137,-37,3pIt0c9iVdVOFK3MIEbAZ+7XJWE=,50Fcm3Lfpz/iWQuAQZALuT/2L8U=
-139,-37,3pIt0c9iVdVOFK3MIEbAZ+7XJWE=,50Fcm3Lfpz/iWQuAQZALuT/2L8U=
-134,-37,3pIt0c9iVdVOFK3MIEbAZ+7XJWE=,50Fcm3Lfpz/iWQuAQZALuT/2L8U=
-138,-37,3pIt0c9iVdVOFK3MIEbAZ+7XJWE=,50Fcm3Lfpz/iWQuAQZALuT/2L8U=
-140,-37,3pIt0c9iVdVOFK3MIEbAZ+7XJWE=,50Fcm3Lfpz/iWQuAQZALuT/2L8U=
-142,-37,3pIt0c9iVdVOFK3MIEbAZ+7XJWE=,50Fcm3Lfpz/iWQuAQZALuT/2L8U=
-141,-37,3pIt0c9iVdVOFK3MIEbAZ+7XJWE=,50Fcm3Lfpz/iWQuAQZALuT/2L8U=
-133,-48,3pIt0c9iVdVOFK3MIEbAZ+7XJWE=,50Fcm3Lfpz/iWQuAQZALuT/2L8U=
-143,-37,3pIt0c9iVdVOFK3MIEbAZ+7XJWE=,50Fcm3Lfpz/iWQuAQZALuT/2L8U=
-129,-38,3pIt0c9iVdVOFK3MIEbAZ+7XJWE=,50Fcm3Lfpz/iWQuAQZALuT/2L8U=
-144,-37,3pIt0c9iVdVOFK3MIEbAZ+7XJWE=,50Fcm3Lfpz/iWQuAQZALuT/2L8U=
-130,-38,3pIt0c9iVdVOFK3MIEbAZ+7XJWE=,50Fcm3Lfpz/iWQuAQZALuT/2L8U=
-132,-38,3pIt0c9iVdVOFK3MIEbAZ+7XJWE=,50Fcm3Lfpz/iWQuAQZALuT/2L8U=
-133,-38,3pIt0c9iVdVOFK3MIEbAZ+7XJWE=,50Fcm3Lfpz/iWQuAQZALuT/2L8U=
-134,-38,3pIt0c9iVdVOFK3MIEbAZ+7XJWE=,50Fcm3Lfpz/iWQuAQZALuT/2L8U=
-131,-38,3pIt0c9iVdVOFK3MIEbAZ+7XJWE=,50Fcm3Lfpz/iWQuAQZALuT/2L8U=
-135,-38,3pIt0c9iVdVOFK3MIEbAZ+7XJWE=,50Fcm3Lfpz/iWQuAQZALuT/2L8U=
-136,-38,3pIt0c9iVdVOFK3MIEbAZ+7XJWE=,50Fcm3Lfpz/iWQuAQZALuT/2L8U=
-139,-38,3pIt0c9iVdVOFK3MIEbAZ+7XJWE=,50Fcm3Lfpz/iWQuAQZALuT/2L8U=
-140,-38,3pIt0c9iVdVOFK3MIEbAZ+7XJWE=,50Fcm3Lfpz/iWQuAQZALuT/2L8U=
-138,-38,3pIt0c9iVdVOFK3MIEbAZ+7XJWE=,50Fcm3Lfpz/iWQuAQZALuT/2L8U=
-137,-38,3pIt0c9iVdVOFK3MIEbAZ+7XJWE=,50Fcm3Lfpz/iWQuAQZALuT/2L8U=
-141,-38,3pIt0c9iVdVOFK3MIEbAZ+7XJWE=,50Fcm3Lfpz/iWQuAQZALuT/2L8U=
-142,-38,3pIt0c9iVdVOFK3MIEbAZ+7XJWE=,50Fcm3Lfpz/iWQuAQZALuT/2L8U=
-134,-48,3pIt0c9iVdVOFK3MIEbAZ+7XJWE=,50Fcm3Lfpz/iWQuAQZALuT/2L8U=
-143,-38,3pIt0c9iVdVOFK3MIEbAZ+7XJWE=,50Fcm3Lfpz/iWQuAQZALuT/2L8U=
-144,-38,3pIt0c9iVdVOFK3MIEbAZ+7XJWE=,50Fcm3Lfpz/iWQuAQZALuT/2L8U=
-129,-39,3pIt0c9iVdVOFK3MIEbAZ+7XJWE=,50Fcm3Lfpz/iWQuAQZALuT/2L8U=
-130,-39,3pIt0c9iVdVOFK3MIEbAZ+7XJWE=,50Fcm3Lfpz/iWQuAQZALuT/2L8U=
-131,-39,3pIt0c9iVdVOFK3MIEbAZ+7XJWE=,50Fcm3Lfpz/iWQuAQZALuT/2L8U=
-132,-39,3pIt0c9iVdVOFK3MIEbAZ+7XJWE=,50Fcm3Lfpz/iWQuAQZALuT/2L8U=
-133,-39,3pIt0c9iVdVOFK3MIEbAZ+7XJWE=,50Fcm3Lfpz/iWQuAQZALuT/2L8U=
-134,-39,3pIt0c9iVdVOFK3MIEbAZ+7XJWE=,50Fcm3Lfpz/iWQuAQZALuT/2L8U=
-135,-39,3pIt0c9iVdVOFK3MIEbAZ+7XJWE=,50Fcm3Lfpz/iWQuAQZALuT/2L8U=
-136,-39,3pIt0c9iVdVOFK3MIEbAZ+7XJWE=,50Fcm3Lfpz/iWQuAQZALuT/2L8U=
-138,-39,3pIt0c9iVdVOFK3MIEbAZ+7XJWE=,50Fcm3Lfpz/iWQuAQZALuT/2L8U=
-137,-39,3pIt0c9iVdVOFK3MIEbAZ+7XJWE=,50Fcm3Lfpz/iWQuAQZALuT/2L8U=
-139,-39,3pIt0c9iVdVOFK3MIEbAZ+7XJWE=,50Fcm3Lfpz/iWQuAQZALuT/2L8U=
-141,-39,3pIt0c9iVdVOFK3MIEbAZ+7XJWE=,50Fcm3Lfpz/iWQuAQZALuT/2L8U=
-140,-39,3pIt0c9iVdVOFK3MIEbAZ+7XJWE=,50Fcm3Lfpz/iWQuAQZALuT/2L8U=
-143,-39,3pIt0c9iVdVOFK3MIEbAZ+7XJWE=,50Fcm3Lfpz/iWQuAQZALuT/2L8U=
-142,-39,3pIt0c9iVdVOFK3MIEbAZ+7XJWE=,50Fcm3Lfpz/iWQuAQZALuT/2L8U=
-135,-48,3pIt0c9iVdVOFK3MIEbAZ+7XJWE=,50Fcm3Lfpz/iWQuAQZALuT/2L8U=
-144,-39,3pIt0c9iVdVOFK3MIEbAZ+7XJWE=,50Fcm3Lfpz/iWQuAQZALuT/2L8U=
-129,-40,3pIt0c9iVdVOFK3MIEbAZ+7XJWE=,50Fcm3Lfpz/iWQuAQZALuT/2L8U=
-130,-40,3pIt0c9iVdVOFK3MIEbAZ+7XJWE=,50Fcm3Lfpz/iWQuAQZALuT/2L8U=
-131,-40,3pIt0c9iVdVOFK3MIEbAZ+7XJWE=,50Fcm3Lfpz/iWQuAQZALuT/2L8U=
-132,-40,3pIt0c9iVdVOFK3MIEbAZ+7XJWE=,50Fcm3Lfpz/iWQuAQZALuT/2L8U=
-133,-40,3pIt0c9iVdVOFK3MIEbAZ+7XJWE=,50Fcm3Lfpz/iWQuAQZALuT/2L8U=
-134,-40,3pIt0c9iVdVOFK3MIEbAZ+7XJWE=,50Fcm3Lfpz/iWQuAQZALuT/2L8U=
-135,-40,3pIt0c9iVdVOFK3MIEbAZ+7XJWE=,50Fcm3Lfpz/iWQuAQZALuT/2L8U=
-137,-40,3pIt0c9iVdVOFK3MIEbAZ+7XJWE=,50Fcm3Lfpz/iWQuAQZALuT/2L8U=
-138,-40,3pIt0c9iVdVOFK3MIEbAZ+7XJWE=,50Fcm3Lfpz/iWQuAQZALuT/2L8U=
-136,-40,3pIt0c9iVdVOFK3MIEbAZ+7XJWE=,50Fcm3Lfpz/iWQuAQZALuT/2L8U=
-140,-40,3pIt0c9iVdVOFK3MIEbAZ+7XJWE=,50Fcm3Lfpz/iWQuAQZALuT/2L8U=
-139,-40,3pIt0c9iVdVOFK3MIEbAZ+7XJWE=,50Fcm3Lfpz/iWQuAQZALuT/2L8U=
-141,-40,3pIt0c9iVdVOFK3MIEbAZ+7XJWE=,50Fcm3Lfpz/iWQuAQZALuT/2L8U=
-142,-40,3pIt0c9iVdVOFK3MIEbAZ+7XJWE=,50Fcm3Lfpz/iWQuAQZALuT/2L8U=
-143,-40,3pIt0c9iVdVOFK3MIEbAZ+7XJWE=,50Fcm3Lfpz/iWQuAQZALuT/2L8U=
-136,-48,3pIt0c9iVdVOFK3MIEbAZ+7XJWE=,50Fcm3Lfpz/iWQuAQZALuT/2L8U=
-129,-41,3pIt0c9iVdVOFK3MIEbAZ+7XJWE=,50Fcm3Lfpz/iWQuAQZALuT/2L8U=
-144,-40,3pIt0c9iVdVOFK3MIEbAZ+7XJWE=,50Fcm3Lfpz/iWQuAQZALuT/2L8U=
-131,-41,3pIt0c9iVdVOFK3MIEbAZ+7XJWE=,50Fcm3Lfpz/iWQuAQZALuT/2L8U=
-130,-41,3pIt0c9iVdVOFK3MIEbAZ+7XJWE=,50Fcm3Lfpz/iWQuAQZALuT/2L8U=
-132,-41,3pIt0c9iVdVOFK3MIEbAZ+7XJWE=,50Fcm3Lfpz/iWQuAQZALuT/2L8U=
-136,-41,3pIt0c9iVdVOFK3MIEbAZ+7XJWE=,50Fcm3Lfpz/iWQuAQZALuT/2L8U=
-133,-41,3pIt0c9iVdVOFK3MIEbAZ+7XJWE=,50Fcm3Lfpz/iWQuAQZALuT/2L8U=
-135,-41,3pIt0c9iVdVOFK3MIEbAZ+7XJWE=,50Fcm3Lfpz/iWQuAQZALuT/2L8U=
-134,-41,3pIt0c9iVdVOFK3MIEbAZ+7XJWE=,50Fcm3Lfpz/iWQuAQZALuT/2L8U=
-137,-41,3pIt0c9iVdVOFK3MIEbAZ+7XJWE=,50Fcm3Lfpz/iWQuAQZALuT/2L8U=
-138,-41,3pIt0c9iVdVOFK3MIEbAZ+7XJWE=,50Fcm3Lfpz/iWQuAQZALuT/2L8U=
-139,-41,3pIt0c9iVdVOFK3MIEbAZ+7XJWE=,50Fcm3Lfpz/iWQuAQZALuT/2L8U=
-140,-41,3pIt0c9iVdVOFK3MIEbAZ+7XJWE=,50Fcm3Lfpz/iWQuAQZALuT/2L8U=
-141,-41,3pIt0c9iVdVOFK3MIEbAZ+7XJWE=,50Fcm3Lfpz/iWQuAQZALuT/2L8U=
-142,-41,3pIt0c9iVdVOFK3MIEbAZ+7XJWE=,50Fcm3Lfpz/iWQuAQZALuT/2L8U=
-143,-41,3pIt0c9iVdVOFK3MIEbAZ+7XJWE=,50Fcm3Lfpz/iWQuAQZALuT/2L8U=
-137,-48,3pIt0c9iVdVOFK3MIEbAZ+7XJWE=,50Fcm3Lfpz/iWQuAQZALuT/2L8U=
-129,-42,3pIt0c9iVdVOFK3MIEbAZ+7XJWE=,50Fcm3Lfpz/iWQuAQZALuT/2L8U=
-144,-41,3pIt0c9iVdVOFK3MIEbAZ+7XJWE=,50Fcm3Lfpz/iWQuAQZALuT/2L8U=
-130,-42,3pIt0c9iVdVOFK3MIEbAZ+7XJWE=,50Fcm3Lfpz/iWQuAQZALuT/2L8U=
-131,-42,3pIt0c9iVdVOFK3MIEbAZ+7XJWE=,50Fcm3Lfpz/iWQuAQZALuT/2L8U=
-132,-42,3pIt0c9iVdVOFK3MIEbAZ+7XJWE=,50Fcm3Lfpz/iWQuAQZALuT/2L8U=
-133,-42,3pIt0c9iVdVOFK3MIEbAZ+7XJWE=,50Fcm3Lfpz/iWQuAQZALuT/2L8U=
-134,-42,3pIt0c9iVdVOFK3MIEbAZ+7XJWE=,50Fcm3Lfpz/iWQuAQZALuT/2L8U=
-136,-42,3pIt0c9iVdVOFK3MIEbAZ+7XJWE=,50Fcm3Lfpz/iWQuAQZALuT/2L8U=
-135,-42,3pIt0c9iVdVOFK3MIEbAZ+7XJWE=,50Fcm3Lfpz/iWQuAQZALuT/2L8U=
-139,-42,3pIt0c9iVdVOFK3MIEbAZ+7XJWE=,50Fcm3Lfpz/iWQuAQZALuT/2L8U=
-138,-42,3pIt0c9iVdVOFK3MIEbAZ+7XJWE=,50Fcm3Lfpz/iWQuAQZALuT/2L8U=
-140,-42,3pIt0c9iVdVOFK3MIEbAZ+7XJWE=,50Fcm3Lfpz/iWQuAQZALuT/2L8U=
-142,-42,3pIt0c9iVdVOFK3MIEbAZ+7XJWE=,50Fcm3Lfpz/iWQuAQZALuT/2L8U=
-141,-42,3pIt0c9iVdVOFK3MIEbAZ+7XJWE=,50Fcm3Lfpz/iWQuAQZALuT/2L8U=
-137,-42,3pIt0c9iVdVOFK3MIEbAZ+7XJWE=,50Fcm3Lfpz/iWQuAQZALuT/2L8U=
-143,-42,3pIt0c9iVdVOFK3MIEbAZ+7XJWE=,50Fcm3Lfpz/iWQuAQZALuT/2L8U=
-138,-48,3pIt0c9iVdVOFK3MIEbAZ+7XJWE=,50Fcm3Lfpz/iWQuAQZALuT/2L8U=
-144,-42,3pIt0c9iVdVOFK3MIEbAZ+7XJWE=,50Fcm3Lfpz/iWQuAQZALuT/2L8U=
-129,-43,3pIt0c9iVdVOFK3MIEbAZ+7XJWE=,50Fcm3Lfpz/iWQuAQZALuT/2L8U=
-130,-43,3pIt0c9iVdVOFK3MIEbAZ+7XJWE=,50Fcm3Lfpz/iWQuAQZALuT/2L8U=
-131,-43,3pIt0c9iVdVOFK3MIEbAZ+7XJWE=,50Fcm3Lfpz/iWQuAQZALuT/2L8U=
-133,-43,3pIt0c9iVdVOFK3MIEbAZ+7XJWE=,50Fcm3Lfpz/iWQuAQZALuT/2L8U=
-132,-43,3pIt0c9iVdVOFK3MIEbAZ+7XJWE=,50Fcm3Lfpz/iWQuAQZALuT/2L8U=
-134,-43,3pIt0c9iVdVOFK3MIEbAZ+7XJWE=,50Fcm3Lfpz/iWQuAQZALuT/2L8U=
-136,-43,3pIt0c9iVdVOFK3MIEbAZ+7XJWE=,50Fcm3Lfpz/iWQuAQZALuT/2L8U=
-138,-43,3pIt0c9iVdVOFK3MIEbAZ+7XJWE=,50Fcm3Lfpz/iWQuAQZALuT/2L8U=
-137,-43,3pIt0c9iVdVOFK3MIEbAZ+7XJWE=,50Fcm3Lfpz/iWQuAQZALuT/2L8U=
-135,-43,3pIt0c9iVdVOFK3MIEbAZ+7XJWE=,50Fcm3Lfpz/iWQuAQZALuT/2L8U=
-139,-43,3pIt0c9iVdVOFK3MIEbAZ+7XJWE=,50Fcm3Lfpz/iWQuAQZALuT/2L8U=
-140,-43,3pIt0c9iVdVOFK3MIEbAZ+7XJWE=,50Fcm3Lfpz/iWQuAQZALuT/2L8U=
-142,-43,3pIt0c9iVdVOFK3MIEbAZ+7XJWE=,50Fcm3Lfpz/iWQuAQZALuT/2L8U=
-141,-43,3pIt0c9iVdVOFK3MIEbAZ+7XJWE=,50Fcm3Lfpz/iWQuAQZALuT/2L8U=
-143,-43,3pIt0c9iVdVOFK3MIEbAZ+7XJWE=,50Fcm3Lfpz/iWQuAQZALuT/2L8U=
-139,-48,3pIt0c9iVdVOFK3MIEbAZ+7XJWE=,50Fcm3Lfpz/iWQuAQZALuT/2L8U=
-144,-43,3pIt0c9iVdVOFK3MIEbAZ+7XJWE=,50Fcm3Lfpz/iWQuAQZALuT/2L8U=
-129,-44,3pIt0c9iVdVOFK3MIEbAZ+7XJWE=,50Fcm3Lfpz/iWQuAQZALuT/2L8U=
-130,-44,3pIt0c9iVdVOFK3MIEbAZ+7XJWE=,50Fcm3Lfpz/iWQuAQZALuT/2L8U=
-131,-44,3pIt0c9iVdVOFK3MIEbAZ+7XJWE=,50Fcm3Lfpz/iWQuAQZALuT/2L8U=
-132,-44,3pIt0c9iVdVOFK3MIEbAZ+7XJWE=,50Fcm3Lfpz/iWQuAQZALuT/2L8U=
-133,-44,3pIt0c9iVdVOFK3MIEbAZ+7XJWE=,50Fcm3Lfpz/iWQuAQZALuT/2L8U=
-134,-44,3pIt0c9iVdVOFK3MIEbAZ+7XJWE=,50Fcm3Lfpz/iWQuAQZALuT/2L8U=
-135,-44,3pIt0c9iVdVOFK3MIEbAZ+7XJWE=,50Fcm3Lfpz/iWQuAQZALuT/2L8U=
-136,-44,3pIt0c9iVdVOFK3MIEbAZ+7XJWE=,50Fcm3Lfpz/iWQuAQZALuT/2L8U=
-138,-44,3pIt0c9iVdVOFK3MIEbAZ+7XJWE=,50Fcm3Lfpz/iWQuAQZALuT/2L8U=
-137,-44,3pIt0c9iVdVOFK3MIEbAZ+7XJWE=,50Fcm3Lfpz/iWQuAQZALuT/2L8U=
-139,-44,3pIt0c9iVdVOFK3MIEbAZ+7XJWE=,50Fcm3Lfpz/iWQuAQZALuT/2L8U=
-141,-44,3pIt0c9iVdVOFK3MIEbAZ+7XJWE=,50Fcm3Lfpz/iWQuAQZALuT/2L8U=
-140,-44,3pIt0c9iVdVOFK3MIEbAZ+7XJWE=,50Fcm3Lfpz/iWQuAQZALuT/2L8U=
-142,-44,3pIt0c9iVdVOFK3MIEbAZ+7XJWE=,50Fcm3Lfpz/iWQuAQZALuT/2L8U=
-140,-48,3pIt0c9iVdVOFK3MIEbAZ+7XJWE=,50Fcm3Lfpz/iWQuAQZALuT/2L8U=
-143,-44,3pIt0c9iVdVOFK3MIEbAZ+7XJWE=,50Fcm3Lfpz/iWQuAQZALuT/2L8U=
-144,-44,3pIt0c9iVdVOFK3MIEbAZ+7XJWE=,50Fcm3Lfpz/iWQuAQZALuT/2L8U=
-129,-45,3pIt0c9iVdVOFK3MIEbAZ+7XJWE=,50Fcm3Lfpz/iWQuAQZALuT/2L8U=
-130,-45,3pIt0c9iVdVOFK3MIEbAZ+7XJWE=,50Fcm3Lfpz/iWQuAQZALuT/2L8U=
-131,-45,3pIt0c9iVdVOFK3MIEbAZ+7XJWE=,50Fcm3Lfpz/iWQuAQZALuT/2L8U=
-132,-45,3pIt0c9iVdVOFK3MIEbAZ+7XJWE=,50Fcm3Lfpz/iWQuAQZALuT/2L8U=
-133,-45,3pIt0c9iVdVOFK3MIEbAZ+7XJWE=,50Fcm3Lfpz/iWQuAQZALuT/2L8U=
-134,-45,3pIt0c9iVdVOFK3MIEbAZ+7XJWE=,50Fcm3Lfpz/iWQuAQZALuT/2L8U=
-135,-45,3pIt0c9iVdVOFK3MIEbAZ+7XJWE=,50Fcm3Lfpz/iWQuAQZALuT/2L8U=
-136,-45,3pIt0c9iVdVOFK3MIEbAZ+7XJWE=,50Fcm3Lfpz/iWQuAQZALuT/2L8U=
-137,-45,3pIt0c9iVdVOFK3MIEbAZ+7XJWE=,50Fcm3Lfpz/iWQuAQZALuT/2L8U=
-138,-45,3pIt0c9iVdVOFK3MIEbAZ+7XJWE=,50Fcm3Lfpz/iWQuAQZALuT/2L8U=
-139,-45,3pIt0c9iVdVOFK3MIEbAZ+7XJWE=,50Fcm3Lfpz/iWQuAQZALuT/2L8U=
-140,-45,3pIt0c9iVdVOFK3MIEbAZ+7XJWE=,50Fcm3Lfpz/iWQuAQZALuT/2L8U=
-141,-45,3pIt0c9iVdVOFK3MIEbAZ+7XJWE=,50Fcm3Lfpz/iWQuAQZALuT/2L8U=
-142,-45,3pIt0c9iVdVOFK3MIEbAZ+7XJWE=,50Fcm3Lfpz/iWQuAQZALuT/2L8U=
-143,-45,3pIt0c9iVdVOFK3MIEbAZ+7XJWE=,50Fcm3Lfpz/iWQuAQZALuT/2L8U=
-141,-48,3pIt0c9iVdVOFK3MIEbAZ+7XJWE=,50Fcm3Lfpz/iWQuAQZALuT/2L8U=
-144,-45,3pIt0c9iVdVOFK3MIEbAZ+7XJWE=,50Fcm3Lfpz/iWQuAQZALuT/2L8U=
-129,-46,3pIt0c9iVdVOFK3MIEbAZ+7XJWE=,50Fcm3Lfpz/iWQuAQZALuT/2L8U=
-130,-46,3pIt0c9iVdVOFK3MIEbAZ+7XJWE=,50Fcm3Lfpz/iWQuAQZALuT/2L8U=
-132,-46,3pIt0c9iVdVOFK3MIEbAZ+7XJWE=,50Fcm3Lfpz/iWQuAQZALuT/2L8U=
-131,-46,3pIt0c9iVdVOFK3MIEbAZ+7XJWE=,50Fcm3Lfpz/iWQuAQZALuT/2L8U=
-134,-46,3pIt0c9iVdVOFK3MIEbAZ+7XJWE=,50Fcm3Lfpz/iWQuAQZALuT/2L8U=
-133,-46,3pIt0c9iVdVOFK3MIEbAZ+7XJWE=,50Fcm3Lfpz/iWQuAQZALuT/2L8U=
-135,-46,3pIt0c9iVdVOFK3MIEbAZ+7XJWE=,50Fcm3Lfpz/iWQuAQZALuT/2L8U=
-137,-46,3pIt0c9iVdVOFK3MIEbAZ+7XJWE=,50Fcm3Lfpz/iWQuAQZALuT/2L8U=
-136,-46,3pIt0c9iVdVOFK3MIEbAZ+7XJWE=,50Fcm3Lfpz/iWQuAQZALuT/2L8U=
-138,-46,3pIt0c9iVdVOFK3MIEbAZ+7XJWE=,50Fcm3Lfpz/iWQuAQZALuT/2L8U=
-140,-46,3pIt0c9iVdVOFK3MIEbAZ+7XJWE=,50Fcm3Lfpz/iWQuAQZALuT/2L8U=
-139,-46,3pIt0c9iVdVOFK3MIEbAZ+7XJWE=,50Fcm3Lfpz/iWQuAQZALuT/2L8U=
-141,-46,3pIt0c9iVdVOFK3MIEbAZ+7XJWE=,50Fcm3Lfpz/iWQuAQZALuT/2L8U=
-142,-46,3pIt0c9iVdVOFK3MIEbAZ+7XJWE=,50Fcm3Lfpz/iWQuAQZALuT/2L8U=
-143,-46,3pIt0c9iVdVOFK3MIEbAZ+7XJWE=,50Fcm3Lfpz/iWQuAQZALuT/2L8U=
-144,-46,3pIt0c9iVdVOFK3MIEbAZ+7XJWE=,50Fcm3Lfpz/iWQuAQZALuT/2L8U=
-144,-33,3pIt0c9iVdVOFK3MIEbAZ+7XJWE=,50Fcm3Lfpz/iWQuAQZALuT/2L8U=
-130,-33,3pIt0c9iVdVOFK3MIEbAZ+7XJWE=,50Fcm3Lfpz/iWQuAQZALuT/2L8U=
-143,-33,3pIt0c9iVdVOFK3MIEbAZ+7XJWE=,50Fcm3Lfpz/iWQuAQZALuT/2L8U=
-131,-33,3pIt0c9iVdVOFK3MIEbAZ+7XJWE=,50Fcm3Lfpz/iWQuAQZALuT/2L8U=
-142,-48,3pIt0c9iVdVOFK3MIEbAZ+7XJWE=,50Fcm3Lfpz/iWQuAQZALuT/2L8U=
-132,-33,3pIt0c9iVdVOFK3MIEbAZ+7XJWE=,50Fcm3Lfpz/iWQuAQZALuT/2L8U=
-141,-33,3pIt0c9iVdVOFK3MIEbAZ+7XJWE=,50Fcm3Lfpz/iWQuAQZALuT/2L8U=
-142,-33,3pIt0c9iVdVOFK3MIEbAZ+7XJWE=,50Fcm3Lfpz/iWQuAQZALuT/2L8U=
-129,-47,3pIt0c9iVdVOFK3MIEbAZ+7XJWE=,50Fcm3Lfpz/iWQuAQZALuT/2L8U=
-140,-33,3pIt0c9iVdVOFK3MIEbAZ+7XJWE=,50Fcm3Lfpz/iWQuAQZALuT/2L8U=
-130,-47,3pIt0c9iVdVOFK3MIEbAZ+7XJWE=,50Fcm3Lfpz/iWQuAQZALuT/2L8U=
-133,-33,3pIt0c9iVdVOFK3MIEbAZ+7XJWE=,50Fcm3Lfpz/iWQuAQZALuT/2L8U=
-131,-47,3pIt0c9iVdVOFK3MIEbAZ+7XJWE=,50Fcm3Lfpz/iWQuAQZALuT/2L8U=
-139,-33,3pIt0c9iVdVOFK3MIEbAZ+7XJWE=,50Fcm3Lfpz/iWQuAQZALuT/2L8U=
-134,-33,3pIt0c9iVdVOFK3MIEbAZ+7XJWE=,50Fcm3Lfpz/iWQuAQZALuT/2L8U=
-138,-33,3pIt0c9iVdVOFK3MIEbAZ+7XJWE=,50Fcm3Lfpz/iWQuAQZALuT/2L8U=
-132,-47,3pIt0c9iVdVOFK3MIEbAZ+7XJWE=,50Fcm3Lfpz/iWQuAQZALuT/2L8U=
-137,-33,3pIt0c9iVdVOFK3MIEbAZ+7XJWE=,50Fcm3Lfpz/iWQuAQZALuT/2L8U=
-133,-47,3pIt0c9iVdVOFK3MIEbAZ+7XJWE=,50Fcm3Lfpz/iWQuAQZALuT/2L8U=
-134,-47,3pIt0c9iVdVOFK3MIEbAZ+7XJWE=,50Fcm3Lfpz/iWQuAQZALuT/2L8U=
-135,-33,3pIt0c9iVdVOFK3MIEbAZ+7XJWE=,50Fcm3Lfpz/iWQuAQZALuT/2L8U=
-136,-33,3pIt0c9iVdVOFK3MIEbAZ+7XJWE=,50Fcm3Lfpz/iWQuAQZALuT/2L8U=
-135,-47,3pIt0c9iVdVOFK3MIEbAZ+7XJWE=,50Fcm3Lfpz/iWQuAQZALuT/2L8U=
-137,-47,3pIt0c9iVdVOFK3MIEbAZ+7XJWE=,50Fcm3Lfpz/iWQuAQZALuT/2L8U=
-136,-47,3pIt0c9iVdVOFK3MIEbAZ+7XJWE=,50Fcm3Lfpz/iWQuAQZALuT/2L8U=
-138,-47,3pIt0c9iVdVOFK3MIEbAZ+7XJWE=,50Fcm3Lfpz/iWQuAQZALuT/2L8U=
-139,-47,3pIt0c9iVdVOFK3MIEbAZ+7XJWE=,50Fcm3Lfpz/iWQuAQZALuT/2L8U=
-140,-47,3pIt0c9iVdVOFK3MIEbAZ+7XJWE=,50Fcm3Lfpz/iWQuAQZALuT/2L8U=
-129,-33,3pIt0c9iVdVOFK3MIEbAZ+7XJWE=,50Fcm3Lfpz/iWQuAQZALuT/2L8U=
