-191,1,/HV3SrbXulCbKozjdj/FyPV+rpU=,UjkV7DPuYUI40DiM94HvPMNrcSU=
-190,1,/HV3SrbXulCbKozjdj/FyPV+rpU=,UjkV7DPuYUI40DiM94HvPMNrcSU=
-189,1,/HV3SrbXulCbKozjdj/FyPV+rpU=,UjkV7DPuYUI40DiM94HvPMNrcSU=
-188,1,/HV3SrbXulCbKozjdj/FyPV+rpU=,UjkV7DPuYUI40DiM94HvPMNrcSU=
-181,1,iAM3L5FF9jb187zewuDochgpmok=,UjkV7DPuYUI40DiM94HvPMNrcSU=
-180,1,iAM3L5FF9jb187zewuDochgpmok=,UjkV7DPuYUI40DiM94HvPMNrcSU=
-179,1,iAM3L5FF9jb187zewuDochgpmok=,UjkV7DPuYUI40DiM94HvPMNrcSU=
-178,1,iAM3L5FF9jb187zewuDochgpmok=,UjkV7DPuYUI40DiM94HvPMNrcSU=
-177,1,iAM3L5FF9jb187zewuDochgpmok=,UjkV7DPuYUI40DiM94HvPMNrcSU=
-192,2,iAM3L5FF9jb187zewuDochgpmok=,UjkV7DPuYUI40DiM94HvPMNrcSU=
-191,2,iAM3L5FF9jb187zewuDochgpmok=,UjkV7DPuYUI40DiM94HvPMNrcSU=
-190,2,iAM3L5FF9jb187zewuDochgpmok=,UjkV7DPuYUI40DiM94HvPMNrcSU=
-189,2,iAM3L5FF9jb187zewuDochgpmok=,UjkV7DPuYUI40DiM94HvPMNrcSU=
-188,2,iAM3L5FF9jb187zewuDochgpmok=,UjkV7DPuYUI40DiM94HvPMNrcSU=
-192,1,/HV3SrbXulCbKozjdj/FyPV+rpU=,UjkV7DPuYUI40DiM94HvPMNrcSU=
-177,15,/HV3SrbXulCbKozjdj/FyPV+rpU=,UjkV7DPuYUI40DiM94HvPMNrcSU=
-177,0,/HV3SrbXulCbKozjdj/FyPV+rpU=,UjkV7DPuYUI40DiM94HvPMNrcSU=
-178,0,/HV3SrbXulCbKozjdj/FyPV+rpU=,UjkV7DPuYUI40DiM94HvPMNrcSU=
-179,0,/HV3SrbXulCbKozjdj/FyPV+rpU=,UjkV7DPuYUI40DiM94HvPMNrcSU=
-180,0,/HV3SrbXulCbKozjdj/FyPV+rpU=,UjkV7DPuYUI40DiM94HvPMNrcSU=
-181,0,/HV3SrbXulCbKozjdj/FyPV+rpU=,UjkV7DPuYUI40DiM94HvPMNrcSU=
-182,0,/HV3SrbXulCbKozjdj/FyPV+rpU=,UjkV7DPuYUI40DiM94HvPMNrcSU=
-187,2,iAM3L5FF9jb187zewuDochgpmok=,UjkV7DPuYUI40DiM94HvPMNrcSU=
-186,2,iAM3L5FF9jb187zewuDochgpmok=,UjkV7DPuYUI40DiM94HvPMNrcSU=
-185,2,iAM3L5FF9jb187zewuDochgpmok=,UjkV7DPuYUI40DiM94HvPMNrcSU=
-185,1,iAM3L5FF9jb187zewuDochgpmok=,UjkV7DPuYUI40DiM94HvPMNrcSU=
-187,0,/HV3SrbXulCbKozjdj/FyPV+rpU=,UjkV7DPuYUI40DiM94HvPMNrcSU=
-188,0,/HV3SrbXulCbKozjdj/FyPV+rpU=,UjkV7DPuYUI40DiM94HvPMNrcSU=
-189,0,/HV3SrbXulCbKozjdj/FyPV+rpU=,UjkV7DPuYUI40DiM94HvPMNrcSU=
-190,0,/HV3SrbXulCbKozjdj/FyPV+rpU=,UjkV7DPuYUI40DiM94HvPMNrcSU=
-178,15,/HV3SrbXulCbKozjdj/FyPV+rpU=,UjkV7DPuYUI40DiM94HvPMNrcSU=
-191,0,/HV3SrbXulCbKozjdj/FyPV+rpU=,UjkV7DPuYUI40DiM94HvPMNrcSU=
-192,0,/HV3SrbXulCbKozjdj/FyPV+rpU=,UjkV7DPuYUI40DiM94HvPMNrcSU=
-179,15,/HV3SrbXulCbKozjdj/FyPV+rpU=,UjkV7DPuYUI40DiM94HvPMNrcSU=
-180,15,/HV3SrbXulCbKozjdj/FyPV+rpU=,UjkV7DPuYUI40DiM94HvPMNrcSU=
-187,1,/HV3SrbXulCbKozjdj/FyPV+rpU=,UjkV7DPuYUI40DiM94HvPMNrcSU=
-186,0,/HV3SrbXulCbKozjdj/FyPV+rpU=,UjkV7DPuYUI40DiM94HvPMNrcSU=
-181,15,/HV3SrbXulCbKozjdj/FyPV+rpU=,UjkV7DPuYUI40DiM94HvPMNrcSU=
-184,2,iAM3L5FF9jb187zewuDochgpmok=,UjkV7DPuYUI40DiM94HvPMNrcSU=
-186,1,/HV3SrbXulCbKozjdj/FyPV+rpU=,UjkV7DPuYUI40DiM94HvPMNrcSU=
-185,15,/HV3SrbXulCbKozjdj/FyPV+rpU=,UjkV7DPuYUI40DiM94HvPMNrcSU=
-186,15,/HV3SrbXulCbKozjdj/FyPV+rpU=,UjkV7DPuYUI40DiM94HvPMNrcSU=
-187,15,/HV3SrbXulCbKozjdj/FyPV+rpU=,UjkV7DPuYUI40DiM94HvPMNrcSU=
-188,15,/HV3SrbXulCbKozjdj/FyPV+rpU=,UjkV7DPuYUI40DiM94HvPMNrcSU=
-189,15,/HV3SrbXulCbKozjdj/FyPV+rpU=,UjkV7DPuYUI40DiM94HvPMNrcSU=
-190,15,/HV3SrbXulCbKozjdj/FyPV+rpU=,UjkV7DPuYUI40DiM94HvPMNrcSU=
-191,15,/HV3SrbXulCbKozjdj/FyPV+rpU=,UjkV7DPuYUI40DiM94HvPMNrcSU=
-182,1,iAM3L5FF9jb187zewuDochgpmok=,UjkV7DPuYUI40DiM94HvPMNrcSU=
-177,14,/HV3SrbXulCbKozjdj/FyPV+rpU=,UjkV7DPuYUI40DiM94HvPMNrcSU=
-178,14,/HV3SrbXulCbKozjdj/FyPV+rpU=,UjkV7DPuYUI40DiM94HvPMNrcSU=
-179,14,/HV3SrbXulCbKozjdj/FyPV+rpU=,UjkV7DPuYUI40DiM94HvPMNrcSU=
-180,14,/HV3SrbXulCbKozjdj/FyPV+rpU=,UjkV7DPuYUI40DiM94HvPMNrcSU=
-181,14,/HV3SrbXulCbKozjdj/FyPV+rpU=,UjkV7DPuYUI40DiM94HvPMNrcSU=
-183,15,/HV3SrbXulCbKozjdj/FyPV+rpU=,UjkV7DPuYUI40DiM94HvPMNrcSU=
-185,0,/HV3SrbXulCbKozjdj/FyPV+rpU=,UjkV7DPuYUI40DiM94HvPMNrcSU=
-182,15,/HV3SrbXulCbKozjdj/FyPV+rpU=,UjkV7DPuYUI40DiM94HvPMNrcSU=
-186,14,/HV3SrbXulCbKozjdj/FyPV+rpU=,UjkV7DPuYUI40DiM94HvPMNrcSU=
-185,14,/HV3SrbXulCbKozjdj/FyPV+rpU=,UjkV7DPuYUI40DiM94HvPMNrcSU=
-192,15,/HV3SrbXulCbKozjdj/FyPV+rpU=,UjkV7DPuYUI40DiM94HvPMNrcSU=
-182,14,/HV3SrbXulCbKozjdj/FyPV+rpU=,UjkV7DPuYUI40DiM94HvPMNrcSU=
-184,1,iAM3L5FF9jb187zewuDochgpmok=,UjkV7DPuYUI40DiM94HvPMNrcSU=
-190,14,/HV3SrbXulCbKozjdj/FyPV+rpU=,UjkV7DPuYUI40DiM94HvPMNrcSU=
-191,14,/HV3SrbXulCbKozjdj/FyPV+rpU=,UjkV7DPuYUI40DiM94HvPMNrcSU=
-192,14,/HV3SrbXulCbKozjdj/FyPV+rpU=,UjkV7DPuYUI40DiM94HvPMNrcSU=
-177,13,/HV3SrbXulCbKozjdj/FyPV+rpU=,UjkV7DPuYUI40DiM94HvPMNrcSU=
-178,13,/HV3SrbXulCbKozjdj/FyPV+rpU=,UjkV7DPuYUI40DiM94HvPMNrcSU=
-179,13,/HV3SrbXulCbKozjdj/FyPV+rpU=,UjkV7DPuYUI40DiM94HvPMNrcSU=
-181,13,/HV3SrbXulCbKozjdj/FyPV+rpU=,UjkV7DPuYUI40DiM94HvPMNrcSU=
-183,14,/HV3SrbXulCbKozjdj/FyPV+rpU=,UjkV7DPuYUI40DiM94HvPMNrcSU=
-180,13,/HV3SrbXulCbKozjdj/FyPV+rpU=,UjkV7DPuYUI40DiM94HvPMNrcSU=
-182,13,/HV3SrbXulCbKozjdj/FyPV+rpU=,UjkV7DPuYUI40DiM94HvPMNrcSU=
-183,2,iAM3L5FF9jb187zewuDochgpmok=,UjkV7DPuYUI40DiM94HvPMNrcSU=
-182,2,iAM3L5FF9jb187zewuDochgpmok=,UjkV7DPuYUI40DiM94HvPMNrcSU=
-181,2,iAM3L5FF9jb187zewuDochgpmok=,UjkV7DPuYUI40DiM94HvPMNrcSU=
-180,2,iAM3L5FF9jb187zewuDochgpmok=,UjkV7DPuYUI40DiM94HvPMNrcSU=
-179,2,iAM3L5FF9jb187zewuDochgpmok=,UjkV7DPuYUI40DiM94HvPMNrcSU=
-178,2,iAM3L5FF9jb187zewuDochgpmok=,UjkV7DPuYUI40DiM94HvPMNrcSU=
-177,2,iAM3L5FF9jb187zewuDochgpmok=,UjkV7DPuYUI40DiM94HvPMNrcSU=
-192,3,iAM3L5FF9jb187zewuDochgpmok=,UjkV7DPuYUI40DiM94HvPMNrcSU=
-190,3,iAM3L5FF9jb187zewuDochgpmok=,UjkV7DPuYUI40DiM94HvPMNrcSU=
-191,3,iAM3L5FF9jb187zewuDochgpmok=,UjkV7DPuYUI40DiM94HvPMNrcSU=
-188,3,iAM3L5FF9jb187zewuDochgpmok=,UjkV7DPuYUI40DiM94HvPMNrcSU=
-189,3,iAM3L5FF9jb187zewuDochgpmok=,UjkV7DPuYUI40DiM94HvPMNrcSU=
-187,3,iAM3L5FF9jb187zewuDochgpmok=,UjkV7DPuYUI40DiM94HvPMNrcSU=
-186,3,iAM3L5FF9jb187zewuDochgpmok=,UjkV7DPuYUI40DiM94HvPMNrcSU=
-185,3,iAM3L5FF9jb187zewuDochgpmok=,UjkV7DPuYUI40DiM94HvPMNrcSU=
-184,3,iAM3L5FF9jb187zewuDochgpmok=,UjkV7DPuYUI40DiM94HvPMNrcSU=
-184,13,/HV3SrbXulCbKozjdj/FyPV+rpU=,UjkV7DPuYUI40DiM94HvPMNrcSU=
-183,3,iAM3L5FF9jb187zewuDochgpmok=,UjkV7DPuYUI40DiM94HvPMNrcSU=
-182,3,iAM3L5FF9jb187zewuDochgpmok=,UjkV7DPuYUI40DiM94HvPMNrcSU=
-183,1,iAM3L5FF9jb187zewuDochgpmok=,UjkV7DPuYUI40DiM94HvPMNrcSU=
-184,14,/HV3SrbXulCbKozjdj/FyPV+rpU=,UjkV7DPuYUI40DiM94HvPMNrcSU=
-186,13,/HV3SrbXulCbKozjdj/FyPV+rpU=,UjkV7DPuYUI40DiM94HvPMNrcSU=
-188,14,/HV3SrbXulCbKozjdj/FyPV+rpU=,UjkV7DPuYUI40DiM94HvPMNrcSU=
-184,0,/HV3SrbXulCbKozjdj/FyPV+rpU=,UjkV7DPuYUI40DiM94HvPMNrcSU=
-190,13,/HV3SrbXulCbKozjdj/FyPV+rpU=,UjkV7DPuYUI40DiM94HvPMNrcSU=
-191,13,/HV3SrbXulCbKozjdj/FyPV+rpU=,UjkV7DPuYUI40DiM94HvPMNrcSU=
-189,14,/HV3SrbXulCbKozjdj/FyPV+rpU=,UjkV7DPuYUI40DiM94HvPMNrcSU=
-178,12,/HV3SrbXulCbKozjdj/FyPV+rpU=,UjkV7DPuYUI40DiM94HvPMNrcSU=
-180,12,/HV3SrbXulCbKozjdj/FyPV+rpU=,UjkV7DPuYUI40DiM94HvPMNrcSU=
-181,12,/HV3SrbXulCbKozjdj/FyPV+rpU=,UjkV7DPuYUI40DiM94HvPMNrcSU=
-177,12,/HV3SrbXulCbKozjdj/FyPV+rpU=,UjkV7DPuYUI40DiM94HvPMNrcSU=
-181,3,iAM3L5FF9jb187zewuDochgpmok=,UjkV7DPuYUI40DiM94HvPMNrcSU=
-179,12,/HV3SrbXulCbKozjdj/FyPV+rpU=,UjkV7DPuYUI40DiM94HvPMNrcSU=
-180,3,iAM3L5FF9jb187zewuDochgpmok=,UjkV7DPuYUI40DiM94HvPMNrcSU=
-183,13,/HV3SrbXulCbKozjdj/FyPV+rpU=,UjkV7DPuYUI40DiM94HvPMNrcSU=
-182,12,/HV3SrbXulCbKozjdj/FyPV+rpU=,UjkV7DPuYUI40DiM94HvPMNrcSU=
-187,14,/HV3SrbXulCbKozjdj/FyPV+rpU=,UjkV7DPuYUI40DiM94HvPMNrcSU=
-187,13,/HV3SrbXulCbKozjdj/FyPV+rpU=,UjkV7DPuYUI40DiM94HvPMNrcSU=
-183,0,iAM3L5FF9jb187zewuDochgpmok=,UjkV7DPuYUI40DiM94HvPMNrcSU=
-179,3,iAM3L5FF9jb187zewuDochgpmok=,UjkV7DPuYUI40DiM94HvPMNrcSU=
-178,3,iAM3L5FF9jb187zewuDochgpmok=,UjkV7DPuYUI40DiM94HvPMNrcSU=
-177,3,iAM3L5FF9jb187zewuDochgpmok=,UjkV7DPuYUI40DiM94HvPMNrcSU=
-192,4,iAM3L5FF9jb187zewuDochgpmok=,UjkV7DPuYUI40DiM94HvPMNrcSU=
-191,4,iAM3L5FF9jb187zewuDochgpmok=,UjkV7DPuYUI40DiM94HvPMNrcSU=
-190,4,iAM3L5FF9jb187zewuDochgpmok=,UjkV7DPuYUI40DiM94HvPMNrcSU=
-189,4,iAM3L5FF9jb187zewuDochgpmok=,UjkV7DPuYUI40DiM94HvPMNrcSU=
-188,4,iAM3L5FF9jb187zewuDochgpmok=,UjkV7DPuYUI40DiM94HvPMNrcSU=
-187,4,iAM3L5FF9jb187zewuDochgpmok=,UjkV7DPuYUI40DiM94HvPMNrcSU=
-186,4,iAM3L5FF9jb187zewuDochgpmok=,UjkV7DPuYUI40DiM94HvPMNrcSU=
-185,4,iAM3L5FF9jb187zewuDochgpmok=,UjkV7DPuYUI40DiM94HvPMNrcSU=
-183,12,/HV3SrbXulCbKozjdj/FyPV+rpU=,UjkV7DPuYUI40DiM94HvPMNrcSU=
-188,13,/HV3SrbXulCbKozjdj/FyPV+rpU=,UjkV7DPuYUI40DiM94HvPMNrcSU=
-192,13,iAM3L5FF9jb187zewuDochgpmok=,UjkV7DPuYUI40DiM94HvPMNrcSU=
-190,12,iAM3L5FF9jb187zewuDochgpmok=,UjkV7DPuYUI40DiM94HvPMNrcSU=
-191,12,iAM3L5FF9jb187zewuDochgpmok=,UjkV7DPuYUI40DiM94HvPMNrcSU=
-188,12,iAM3L5FF9jb187zewuDochgpmok=,UjkV7DPuYUI40DiM94HvPMNrcSU=
-177,11,iAM3L5FF9jb187zewuDochgpmok=,UjkV7DPuYUI40DiM94HvPMNrcSU=
-178,11,iAM3L5FF9jb187zewuDochgpmok=,UjkV7DPuYUI40DiM94HvPMNrcSU=
-179,11,iAM3L5FF9jb187zewuDochgpmok=,UjkV7DPuYUI40DiM94HvPMNrcSU=
-180,11,iAM3L5FF9jb187zewuDochgpmok=,UjkV7DPuYUI40DiM94HvPMNrcSU=
-181,11,iAM3L5FF9jb187zewuDochgpmok=,UjkV7DPuYUI40DiM94HvPMNrcSU=
-189,13,iAM3L5FF9jb187zewuDochgpmok=,UjkV7DPuYUI40DiM94HvPMNrcSU=
-184,4,iAM3L5FF9jb187zewuDochgpmok=,UjkV7DPuYUI40DiM94HvPMNrcSU=
-189,12,iAM3L5FF9jb187zewuDochgpmok=,UjkV7DPuYUI40DiM94HvPMNrcSU=
-184,12,iAM3L5FF9jb187zewuDochgpmok=,UjkV7DPuYUI40DiM94HvPMNrcSU=
-182,11,iAM3L5FF9jb187zewuDochgpmok=,UjkV7DPuYUI40DiM94HvPMNrcSU=
-185,13,iAM3L5FF9jb187zewuDochgpmok=,UjkV7DPuYUI40DiM94HvPMNrcSU=
-183,4,iAM3L5FF9jb187zewuDochgpmok=,UjkV7DPuYUI40DiM94HvPMNrcSU=
-184,15,/HV3SrbXulCbKozjdj/FyPV+rpU=,UjkV7DPuYUI40DiM94HvPMNrcSU=
-183,11,iAM3L5FF9jb187zewuDochgpmok=,UjkV7DPuYUI40DiM94HvPMNrcSU=
-184,11,iAM3L5FF9jb187zewuDochgpmok=,UjkV7DPuYUI40DiM94HvPMNrcSU=
-190,11,iAM3L5FF9jb187zewuDochgpmok=,UjkV7DPuYUI40DiM94HvPMNrcSU=
-191,11,iAM3L5FF9jb187zewuDochgpmok=,UjkV7DPuYUI40DiM94HvPMNrcSU=
-189,11,iAM3L5FF9jb187zewuDochgpmok=,UjkV7DPuYUI40DiM94HvPMNrcSU=
-177,10,iAM3L5FF9jb187zewuDochgpmok=,UjkV7DPuYUI40DiM94HvPMNrcSU=
-178,10,iAM3L5FF9jb187zewuDochgpmok=,UjkV7DPuYUI40DiM94HvPMNrcSU=
-185,11,iAM3L5FF9jb187zewuDochgpmok=,UjkV7DPuYUI40DiM94HvPMNrcSU=
-182,4,iAM3L5FF9jb187zewuDochgpmok=,UjkV7DPuYUI40DiM94HvPMNrcSU=
-186,11,iAM3L5FF9jb187zewuDochgpmok=,UjkV7DPuYUI40DiM94HvPMNrcSU=
-187,11,iAM3L5FF9jb187zewuDochgpmok=,UjkV7DPuYUI40DiM94HvPMNrcSU=
-185,12,iAM3L5FF9jb187zewuDochgpmok=,UjkV7DPuYUI40DiM94HvPMNrcSU=
-186,12,iAM3L5FF9jb187zewuDochgpmok=,UjkV7DPuYUI40DiM94HvPMNrcSU=
-192,12,iAM3L5FF9jb187zewuDochgpmok=,UjkV7DPuYUI40DiM94HvPMNrcSU=
-188,11,iAM3L5FF9jb187zewuDochgpmok=,UjkV7DPuYUI40DiM94HvPMNrcSU=
-181,4,iAM3L5FF9jb187zewuDochgpmok=,UjkV7DPuYUI40DiM94HvPMNrcSU=
-183,10,iAM3L5FF9jb187zewuDochgpmok=,UjkV7DPuYUI40DiM94HvPMNrcSU=
-182,10,iAM3L5FF9jb187zewuDochgpmok=,UjkV7DPuYUI40DiM94HvPMNrcSU=
-186,10,iAM3L5FF9jb187zewuDochgpmok=,UjkV7DPuYUI40DiM94HvPMNrcSU=
-189,10,iAM3L5FF9jb187zewuDochgpmok=,UjkV7DPuYUI40DiM94HvPMNrcSU=
-190,10,iAM3L5FF9jb187zewuDochgpmok=,UjkV7DPuYUI40DiM94HvPMNrcSU=
-191,10,iAM3L5FF9jb187zewuDochgpmok=,UjkV7DPuYUI40DiM94HvPMNrcSU=
-188,10,iAM3L5FF9jb187zewuDochgpmok=,UjkV7DPuYUI40DiM94HvPMNrcSU=
-187,12,iAM3L5FF9jb187zewuDochgpmok=,UjkV7DPuYUI40DiM94HvPMNrcSU=
-179,10,iAM3L5FF9jb187zewuDochgpmok=,UjkV7DPuYUI40DiM94HvPMNrcSU=
-185,10,iAM3L5FF9jb187zewuDochgpmok=,UjkV7DPuYUI40DiM94HvPMNrcSU=
-180,10,iAM3L5FF9jb187zewuDochgpmok=,UjkV7DPuYUI40DiM94HvPMNrcSU=
-192,11,iAM3L5FF9jb187zewuDochgpmok=,UjkV7DPuYUI40DiM94HvPMNrcSU=
-181,10,iAM3L5FF9jb187zewuDochgpmok=,UjkV7DPuYUI40DiM94HvPMNrcSU=
-184,10,iAM3L5FF9jb187zewuDochgpmok=,UjkV7DPuYUI40DiM94HvPMNrcSU=
-182,9,iAM3L5FF9jb187zewuDochgpmok=,UjkV7DPuYUI40DiM94HvPMNrcSU=
-185,9,iAM3L5FF9jb187zewuDochgpmok=,UjkV7DPuYUI40DiM94HvPMNrcSU=
-180,4,iAM3L5FF9jb187zewuDochgpmok=,UjkV7DPuYUI40DiM94HvPMNrcSU=
-186,9,iAM3L5FF9jb187zewuDochgpmok=,UjkV7DPuYUI40DiM94HvPMNrcSU=
-183,9,iAM3L5FF9jb187zewuDochgpmok=,UjkV7DPuYUI40DiM94HvPMNrcSU=
-188,9,iAM3L5FF9jb187zewuDochgpmok=,UjkV7DPuYUI40DiM94HvPMNrcSU=
-189,9,iAM3L5FF9jb187zewuDochgpmok=,UjkV7DPuYUI40DiM94HvPMNrcSU=
-190,9,iAM3L5FF9jb187zewuDochgpmok=,UjkV7DPuYUI40DiM94HvPMNrcSU=
-191,9,iAM3L5FF9jb187zewuDochgpmok=,UjkV7DPuYUI40DiM94HvPMNrcSU=
-192,9,iAM3L5FF9jb187zewuDochgpmok=,UjkV7DPuYUI40DiM94HvPMNrcSU=
-187,10,iAM3L5FF9jb187zewuDochgpmok=,UjkV7DPuYUI40DiM94HvPMNrcSU=
-187,9,iAM3L5FF9jb187zewuDochgpmok=,UjkV7DPuYUI40DiM94HvPMNrcSU=
-179,4,iAM3L5FF9jb187zewuDochgpmok=,UjkV7DPuYUI40DiM94HvPMNrcSU=
-181,9,iAM3L5FF9jb187zewuDochgpmok=,UjkV7DPuYUI40DiM94HvPMNrcSU=
-192,10,iAM3L5FF9jb187zewuDochgpmok=,UjkV7DPuYUI40DiM94HvPMNrcSU=
-180,9,iAM3L5FF9jb187zewuDochgpmok=,UjkV7DPuYUI40DiM94HvPMNrcSU=
-177,9,iAM3L5FF9jb187zewuDochgpmok=,UjkV7DPuYUI40DiM94HvPMNrcSU=
-178,4,iAM3L5FF9jb187zewuDochgpmok=,UjkV7DPuYUI40DiM94HvPMNrcSU=
-177,4,iAM3L5FF9jb187zewuDochgpmok=,UjkV7DPuYUI40DiM94HvPMNrcSU=
-192,5,iAM3L5FF9jb187zewuDochgpmok=,UjkV7DPuYUI40DiM94HvPMNrcSU=
-191,5,iAM3L5FF9jb187zewuDochgpmok=,UjkV7DPuYUI40DiM94HvPMNrcSU=
-190,5,iAM3L5FF9jb187zewuDochgpmok=,UjkV7DPuYUI40DiM94HvPMNrcSU=
-189,5,iAM3L5FF9jb187zewuDochgpmok=,UjkV7DPuYUI40DiM94HvPMNrcSU=
-188,5,iAM3L5FF9jb187zewuDochgpmok=,UjkV7DPuYUI40DiM94HvPMNrcSU=
-187,5,iAM3L5FF9jb187zewuDochgpmok=,UjkV7DPuYUI40DiM94HvPMNrcSU=
-186,5,iAM3L5FF9jb187zewuDochgpmok=,UjkV7DPuYUI40DiM94HvPMNrcSU=
-184,9,iAM3L5FF9jb187zewuDochgpmok=,UjkV7DPuYUI40DiM94HvPMNrcSU=
-179,9,iAM3L5FF9jb187zewuDochgpmok=,UjkV7DPuYUI40DiM94HvPMNrcSU=
-185,8,iAM3L5FF9jb187zewuDochgpmok=,UjkV7DPuYUI40DiM94HvPMNrcSU=
-186,8,iAM3L5FF9jb187zewuDochgpmok=,UjkV7DPuYUI40DiM94HvPMNrcSU=
-187,8,iAM3L5FF9jb187zewuDochgpmok=,UjkV7DPuYUI40DiM94HvPMNrcSU=
-188,8,iAM3L5FF9jb187zewuDochgpmok=,UjkV7DPuYUI40DiM94HvPMNrcSU=
-189,8,iAM3L5FF9jb187zewuDochgpmok=,UjkV7DPuYUI40DiM94HvPMNrcSU=
-190,8,iAM3L5FF9jb187zewuDochgpmok=,UjkV7DPuYUI40DiM94HvPMNrcSU=
-191,8,iAM3L5FF9jb187zewuDochgpmok=,UjkV7DPuYUI40DiM94HvPMNrcSU=
-192,8,iAM3L5FF9jb187zewuDochgpmok=,UjkV7DPuYUI40DiM94HvPMNrcSU=
-177,8,iAM3L5FF9jb187zewuDochgpmok=,UjkV7DPuYUI40DiM94HvPMNrcSU=
-181,8,iAM3L5FF9jb187zewuDochgpmok=,UjkV7DPuYUI40DiM94HvPMNrcSU=
-184,8,iAM3L5FF9jb187zewuDochgpmok=,UjkV7DPuYUI40DiM94HvPMNrcSU=
-185,5,iAM3L5FF9jb187zewuDochgpmok=,UjkV7DPuYUI40DiM94HvPMNrcSU=
-184,5,iAM3L5FF9jb187zewuDochgpmok=,UjkV7DPuYUI40DiM94HvPMNrcSU=
-177,7,iAM3L5FF9jb187zewuDochgpmok=,UjkV7DPuYUI40DiM94HvPMNrcSU=
-183,8,iAM3L5FF9jb187zewuDochgpmok=,UjkV7DPuYUI40DiM94HvPMNrcSU=
-183,5,iAM3L5FF9jb187zewuDochgpmok=,UjkV7DPuYUI40DiM94HvPMNrcSU=
-182,8,iAM3L5FF9jb187zewuDochgpmok=,UjkV7DPuYUI40DiM94HvPMNrcSU=
-178,8,iAM3L5FF9jb187zewuDochgpmok=,UjkV7DPuYUI40DiM94HvPMNrcSU=
-180,7,iAM3L5FF9jb187zewuDochgpmok=,UjkV7DPuYUI40DiM94HvPMNrcSU=
-185,7,iAM3L5FF9jb187zewuDochgpmok=,UjkV7DPuYUI40DiM94HvPMNrcSU=
-186,7,iAM3L5FF9jb187zewuDochgpmok=,UjkV7DPuYUI40DiM94HvPMNrcSU=
-188,7,iAM3L5FF9jb187zewuDochgpmok=,UjkV7DPuYUI40DiM94HvPMNrcSU=
-189,7,iAM3L5FF9jb187zewuDochgpmok=,UjkV7DPuYUI40DiM94HvPMNrcSU=
-190,7,iAM3L5FF9jb187zewuDochgpmok=,UjkV7DPuYUI40DiM94HvPMNrcSU=
-187,7,iAM3L5FF9jb187zewuDochgpmok=,UjkV7DPuYUI40DiM94HvPMNrcSU=
-192,7,iAM3L5FF9jb187zewuDochgpmok=,UjkV7DPuYUI40DiM94HvPMNrcSU=
-184,7,iAM3L5FF9jb187zewuDochgpmok=,UjkV7DPuYUI40DiM94HvPMNrcSU=
-183,7,iAM3L5FF9jb187zewuDochgpmok=,UjkV7DPuYUI40DiM94HvPMNrcSU=
-180,8,iAM3L5FF9jb187zewuDochgpmok=,UjkV7DPuYUI40DiM94HvPMNrcSU=
-182,5,iAM3L5FF9jb187zewuDochgpmok=,UjkV7DPuYUI40DiM94HvPMNrcSU=
-181,7,iAM3L5FF9jb187zewuDochgpmok=,UjkV7DPuYUI40DiM94HvPMNrcSU=
-179,8,iAM3L5FF9jb187zewuDochgpmok=,UjkV7DPuYUI40DiM94HvPMNrcSU=
-178,6,iAM3L5FF9jb187zewuDochgpmok=,UjkV7DPuYUI40DiM94HvPMNrcSU=
-182,7,iAM3L5FF9jb187zewuDochgpmok=,UjkV7DPuYUI40DiM94HvPMNrcSU=
-177,6,iAM3L5FF9jb187zewuDochgpmok=,UjkV7DPuYUI40DiM94HvPMNrcSU=
-179,7,iAM3L5FF9jb187zewuDochgpmok=,UjkV7DPuYUI40DiM94HvPMNrcSU=
-186,6,iAM3L5FF9jb187zewuDochgpmok=,UjkV7DPuYUI40DiM94HvPMNrcSU=
-188,6,iAM3L5FF9jb187zewuDochgpmok=,UjkV7DPuYUI40DiM94HvPMNrcSU=
-187,6,iAM3L5FF9jb187zewuDochgpmok=,UjkV7DPuYUI40DiM94HvPMNrcSU=
-189,6,iAM3L5FF9jb187zewuDochgpmok=,UjkV7DPuYUI40DiM94HvPMNrcSU=
-190,6,iAM3L5FF9jb187zewuDochgpmok=,UjkV7DPuYUI40DiM94HvPMNrcSU=
-191,6,iAM3L5FF9jb187zewuDochgpmok=,UjkV7DPuYUI40DiM94HvPMNrcSU=
-192,6,iAM3L5FF9jb187zewuDochgpmok=,UjkV7DPuYUI40DiM94HvPMNrcSU=
-178,9,iAM3L5FF9jb187zewuDochgpmok=,UjkV7DPuYUI40DiM94HvPMNrcSU=
-191,7,iAM3L5FF9jb187zewuDochgpmok=,UjkV7DPuYUI40DiM94HvPMNrcSU=
-184,6,iAM3L5FF9jb187zewuDochgpmok=,UjkV7DPuYUI40DiM94HvPMNrcSU=
-183,6,iAM3L5FF9jb187zewuDochgpmok=,UjkV7DPuYUI40DiM94HvPMNrcSU=
-177,5,iAM3L5FF9jb187zewuDochgpmok=,UjkV7DPuYUI40DiM94HvPMNrcSU=
-178,5,iAM3L5FF9jb187zewuDochgpmok=,UjkV7DPuYUI40DiM94HvPMNrcSU=
-185,6,iAM3L5FF9jb187zewuDochgpmok=,UjkV7DPuYUI40DiM94HvPMNrcSU=
-181,6,iAM3L5FF9jb187zewuDochgpmok=,UjkV7DPuYUI40DiM94HvPMNrcSU=
-181,5,iAM3L5FF9jb187zewuDochgpmok=,UjkV7DPuYUI40DiM94HvPMNrcSU=
-178,7,iAM3L5FF9jb187zewuDochgpmok=,UjkV7DPuYUI40DiM94HvPMNrcSU=
-182,6,iAM3L5FF9jb187zewuDochgpmok=,UjkV7DPuYUI40DiM94HvPMNrcSU=
-180,6,iAM3L5FF9jb187zewuDochgpmok=,UjkV7DPuYUI40DiM94HvPMNrcSU=
-179,5,iAM3L5FF9jb187zewuDochgpmok=,UjkV7DPuYUI40DiM94HvPMNrcSU=
-180,5,iAM3L5FF9jb187zewuDochgpmok=,UjkV7DPuYUI40DiM94HvPMNrcSU=
-179,6,iAM3L5FF9jb187zewuDochgpmok=,UjkV7DPuYUI40DiM94HvPMNrcSU=
-173,2,iAM3L5FF9jb187zewuDochgpmok=,UjkV7DPuYUI40DiM94HvPMNrcSU=
-174,1,iAM3L5FF9jb187zewuDochgpmok=,UjkV7DPuYUI40DiM94HvPMNrcSU=
-175,1,iAM3L5FF9jb187zewuDochgpmok=,UjkV7DPuYUI40DiM94HvPMNrcSU=
-172,2,iAM3L5FF9jb187zewuDochgpmok=,UjkV7DPuYUI40DiM94HvPMNrcSU=
-176,1,iAM3L5FF9jb187zewuDochgpmok=,UjkV7DPuYUI40DiM94HvPMNrcSU=
-171,2,iAM3L5FF9jb187zewuDochgpmok=,UjkV7DPuYUI40DiM94HvPMNrcSU=
-175,0,iAM3L5FF9jb187zewuDochgpmok=,UjkV7DPuYUI40DiM94HvPMNrcSU=
-170,2,iAM3L5FF9jb187zewuDochgpmok=,UjkV7DPuYUI40DiM94HvPMNrcSU=
-175,2,iAM3L5FF9jb187zewuDochgpmok=,UjkV7DPuYUI40DiM94HvPMNrcSU=
-169,2,iAM3L5FF9jb187zewuDochgpmok=,UjkV7DPuYUI40DiM94HvPMNrcSU=
-174,2,iAM3L5FF9jb187zewuDochgpmok=,UjkV7DPuYUI40DiM94HvPMNrcSU=
-176,2,iAM3L5FF9jb187zewuDochgpmok=,UjkV7DPuYUI40DiM94HvPMNrcSU=
-168,2,iAM3L5FF9jb187zewuDochgpmok=,UjkV7DPuYUI40DiM94HvPMNrcSU=
-161,1,iAM3L5FF9jb187zewuDochgpmok=,UjkV7DPuYUI40DiM94HvPMNrcSU=
-168,1,iAM3L5FF9jb187zewuDochgpmok=,UjkV7DPuYUI40DiM94HvPMNrcSU=
-161,2,iAM3L5FF9jb187zewuDochgpmok=,UjkV7DPuYUI40DiM94HvPMNrcSU=
-176,3,iAM3L5FF9jb187zewuDochgpmok=,UjkV7DPuYUI40DiM94HvPMNrcSU=
-175,3,iAM3L5FF9jb187zewuDochgpmok=,UjkV7DPuYUI40DiM94HvPMNrcSU=
-169,1,iAM3L5FF9jb187zewuDochgpmok=,UjkV7DPuYUI40DiM94HvPMNrcSU=
-171,1,iAM3L5FF9jb187zewuDochgpmok=,UjkV7DPuYUI40DiM94HvPMNrcSU=
-172,1,iAM3L5FF9jb187zewuDochgpmok=,UjkV7DPuYUI40DiM94HvPMNrcSU=
-173,1,iAM3L5FF9jb187zewuDochgpmok=,UjkV7DPuYUI40DiM94HvPMNrcSU=
-174,0,iAM3L5FF9jb187zewuDochgpmok=,UjkV7DPuYUI40DiM94HvPMNrcSU=
-176,0,iAM3L5FF9jb187zewuDochgpmok=,UjkV7DPuYUI40DiM94HvPMNrcSU=
-161,15,iAM3L5FF9jb187zewuDochgpmok=,UjkV7DPuYUI40DiM94HvPMNrcSU=
-174,3,iAM3L5FF9jb187zewuDochgpmok=,UjkV7DPuYUI40DiM94HvPMNrcSU=
-170,1,iAM3L5FF9jb187zewuDochgpmok=,UjkV7DPuYUI40DiM94HvPMNrcSU=
-162,15,iAM3L5FF9jb187zewuDochgpmok=,UjkV7DPuYUI40DiM94HvPMNrcSU=
-173,3,iAM3L5FF9jb187zewuDochgpmok=,UjkV7DPuYUI40DiM94HvPMNrcSU=
-163,15,iAM3L5FF9jb187zewuDochgpmok=,UjkV7DPuYUI40DiM94HvPMNrcSU=
-166,15,iAM3L5FF9jb187zewuDochgpmok=,UjkV7DPuYUI40DiM94HvPMNrcSU=
-165,15,iAM3L5FF9jb187zewuDochgpmok=,UjkV7DPuYUI40DiM94HvPMNrcSU=
-164,15,iAM3L5FF9jb187zewuDochgpmok=,UjkV7DPuYUI40DiM94HvPMNrcSU=
-167,15,iAM3L5FF9jb187zewuDochgpmok=,UjkV7DPuYUI40DiM94HvPMNrcSU=
-169,15,iAM3L5FF9jb187zewuDochgpmok=,UjkV7DPuYUI40DiM94HvPMNrcSU=
-172,3,iAM3L5FF9jb187zewuDochgpmok=,UjkV7DPuYUI40DiM94HvPMNrcSU=
-170,15,iAM3L5FF9jb187zewuDochgpmok=,UjkV7DPuYUI40DiM94HvPMNrcSU=
-171,15,iAM3L5FF9jb187zewuDochgpmok=,UjkV7DPuYUI40DiM94HvPMNrcSU=
-173,15,iAM3L5FF9jb187zewuDochgpmok=,UjkV7DPuYUI40DiM94HvPMNrcSU=
-172,15,iAM3L5FF9jb187zewuDochgpmok=,UjkV7DPuYUI40DiM94HvPMNrcSU=
-168,15,iAM3L5FF9jb187zewuDochgpmok=,UjkV7DPuYUI40DiM94HvPMNrcSU=
-174,15,iAM3L5FF9jb187zewuDochgpmok=,UjkV7DPuYUI40DiM94HvPMNrcSU=
-175,15,iAM3L5FF9jb187zewuDochgpmok=,UjkV7DPuYUI40DiM94HvPMNrcSU=
-161,14,iAM3L5FF9jb187zewuDochgpmok=,UjkV7DPuYUI40DiM94HvPMNrcSU=
-176,15,iAM3L5FF9jb187zewuDochgpmok=,UjkV7DPuYUI40DiM94HvPMNrcSU=
-162,14,iAM3L5FF9jb187zewuDochgpmok=,UjkV7DPuYUI40DiM94HvPMNrcSU=
-164,14,iAM3L5FF9jb187zewuDochgpmok=,UjkV7DPuYUI40DiM94HvPMNrcSU=
-163,14,iAM3L5FF9jb187zewuDochgpmok=,UjkV7DPuYUI40DiM94HvPMNrcSU=
-165,14,iAM3L5FF9jb187zewuDochgpmok=,UjkV7DPuYUI40DiM94HvPMNrcSU=
-167,2,iAM3L5FF9jb187zewuDochgpmok=,UjkV7DPuYUI40DiM94HvPMNrcSU=
-165,1,iAM3L5FF9jb187zewuDochgpmok=,UjkV7DPuYUI40DiM94HvPMNrcSU=
-171,3,iAM3L5FF9jb187zewuDochgpmok=,UjkV7DPuYUI40DiM94HvPMNrcSU=
-165,2,iAM3L5FF9jb187zewuDochgpmok=,UjkV7DPuYUI40DiM94HvPMNrcSU=
-166,14,iAM3L5FF9jb187zewuDochgpmok=,UjkV7DPuYUI40DiM94HvPMNrcSU=
-168,14,iAM3L5FF9jb187zewuDochgpmok=,UjkV7DPuYUI40DiM94HvPMNrcSU=
-167,14,iAM3L5FF9jb187zewuDochgpmok=,UjkV7DPuYUI40DiM94HvPMNrcSU=
-167,1,iAM3L5FF9jb187zewuDochgpmok=,UjkV7DPuYUI40DiM94HvPMNrcSU=
-169,14,iAM3L5FF9jb187zewuDochgpmok=,UjkV7DPuYUI40DiM94HvPMNrcSU=
-170,14,iAM3L5FF9jb187zewuDochgpmok=,UjkV7DPuYUI40DiM94HvPMNrcSU=
-166,1,iAM3L5FF9jb187zewuDochgpmok=,UjkV7DPuYUI40DiM94HvPMNrcSU=
-171,14,iAM3L5FF9jb187zewuDochgpmok=,UjkV7DPuYUI40DiM94HvPMNrcSU=
-172,14,iAM3L5FF9jb187zewuDochgpmok=,UjkV7DPuYUI40DiM94HvPMNrcSU=
-173,14,iAM3L5FF9jb187zewuDochgpmok=,UjkV7DPuYUI40DiM94HvPMNrcSU=
-174,14,iAM3L5FF9jb187zewuDochgpmok=,UjkV7DPuYUI40DiM94HvPMNrcSU=
-175,14,iAM3L5FF9jb187zewuDochgpmok=,UjkV7DPuYUI40DiM94HvPMNrcSU=
-176,14,iAM3L5FF9jb187zewuDochgpmok=,UjkV7DPuYUI40DiM94HvPMNrcSU=
-161,13,iAM3L5FF9jb187zewuDochgpmok=,UjkV7DPuYUI40DiM94HvPMNrcSU=
-162,13,iAM3L5FF9jb187zewuDochgpmok=,UjkV7DPuYUI40DiM94HvPMNrcSU=
-163,13,iAM3L5FF9jb187zewuDochgpmok=,UjkV7DPuYUI40DiM94HvPMNrcSU=
-164,13,iAM3L5FF9jb187zewuDochgpmok=,UjkV7DPuYUI40DiM94HvPMNrcSU=
-165,13,iAM3L5FF9jb187zewuDochgpmok=,UjkV7DPuYUI40DiM94HvPMNrcSU=
-166,13,iAM3L5FF9jb187zewuDochgpmok=,UjkV7DPuYUI40DiM94HvPMNrcSU=
-167,13,iAM3L5FF9jb187zewuDochgpmok=,UjkV7DPuYUI40DiM94HvPMNrcSU=
-168,13,iAM3L5FF9jb187zewuDochgpmok=,UjkV7DPuYUI40DiM94HvPMNrcSU=
-169,13,iAM3L5FF9jb187zewuDochgpmok=,UjkV7DPuYUI40DiM94HvPMNrcSU=
-164,1,iAM3L5FF9jb187zewuDochgpmok=,UjkV7DPuYUI40DiM94HvPMNrcSU=
-170,13,iAM3L5FF9jb187zewuDochgpmok=,UjkV7DPuYUI40DiM94HvPMNrcSU=
-172,13,iAM3L5FF9jb187zewuDochgpmok=,UjkV7DPuYUI40DiM94HvPMNrcSU=
-171,13,iAM3L5FF9jb187zewuDochgpmok=,UjkV7DPuYUI40DiM94HvPMNrcSU=
-173,13,iAM3L5FF9jb187zewuDochgpmok=,UjkV7DPuYUI40DiM94HvPMNrcSU=
-170,3,iAM3L5FF9jb187zewuDochgpmok=,UjkV7DPuYUI40DiM94HvPMNrcSU=
-174,13,iAM3L5FF9jb187zewuDochgpmok=,UjkV7DPuYUI40DiM94HvPMNrcSU=
-175,13,iAM3L5FF9jb187zewuDochgpmok=,UjkV7DPuYUI40DiM94HvPMNrcSU=
-161,12,iAM3L5FF9jb187zewuDochgpmok=,UjkV7DPuYUI40DiM94HvPMNrcSU=
-176,13,iAM3L5FF9jb187zewuDochgpmok=,UjkV7DPuYUI40DiM94HvPMNrcSU=
-162,12,iAM3L5FF9jb187zewuDochgpmok=,UjkV7DPuYUI40DiM94HvPMNrcSU=
-163,12,iAM3L5FF9jb187zewuDochgpmok=,UjkV7DPuYUI40DiM94HvPMNrcSU=
-164,12,iAM3L5FF9jb187zewuDochgpmok=,UjkV7DPuYUI40DiM94HvPMNrcSU=
-167,12,iAM3L5FF9jb187zewuDochgpmok=,UjkV7DPuYUI40DiM94HvPMNrcSU=
-166,12,iAM3L5FF9jb187zewuDochgpmok=,UjkV7DPuYUI40DiM94HvPMNrcSU=
-165,12,iAM3L5FF9jb187zewuDochgpmok=,UjkV7DPuYUI40DiM94HvPMNrcSU=
-168,12,iAM3L5FF9jb187zewuDochgpmok=,UjkV7DPuYUI40DiM94HvPMNrcSU=
-162,2,iAM3L5FF9jb187zewuDochgpmok=,UjkV7DPuYUI40DiM94HvPMNrcSU=
-170,12,iAM3L5FF9jb187zewuDochgpmok=,UjkV7DPuYUI40DiM94HvPMNrcSU=
-169,12,iAM3L5FF9jb187zewuDochgpmok=,UjkV7DPuYUI40DiM94HvPMNrcSU=
-171,12,iAM3L5FF9jb187zewuDochgpmok=,UjkV7DPuYUI40DiM94HvPMNrcSU=
-172,12,iAM3L5FF9jb187zewuDochgpmok=,UjkV7DPuYUI40DiM94HvPMNrcSU=
-173,12,iAM3L5FF9jb187zewuDochgpmok=,UjkV7DPuYUI40DiM94HvPMNrcSU=
-174,12,iAM3L5FF9jb187zewuDochgpmok=,UjkV7DPuYUI40DiM94HvPMNrcSU=
-175,12,iAM3L5FF9jb187zewuDochgpmok=,UjkV7DPuYUI40DiM94HvPMNrcSU=
-176,12,iAM3L5FF9jb187zewuDochgpmok=,UjkV7DPuYUI40DiM94HvPMNrcSU=
-161,11,iAM3L5FF9jb187zewuDochgpmok=,UjkV7DPuYUI40DiM94HvPMNrcSU=
-162,11,iAM3L5FF9jb187zewuDochgpmok=,UjkV7DPuYUI40DiM94HvPMNrcSU=
-163,11,iAM3L5FF9jb187zewuDochgpmok=,UjkV7DPuYUI40DiM94HvPMNrcSU=
-164,11,iAM3L5FF9jb187zewuDochgpmok=,UjkV7DPuYUI40DiM94HvPMNrcSU=
-165,11,iAM3L5FF9jb187zewuDochgpmok=,UjkV7DPuYUI40DiM94HvPMNrcSU=
-166,11,iAM3L5FF9jb187zewuDochgpmok=,UjkV7DPuYUI40DiM94HvPMNrcSU=
-167,11,iAM3L5FF9jb187zewuDochgpmok=,UjkV7DPuYUI40DiM94HvPMNrcSU=
-164,0,iAM3L5FF9jb187zewuDochgpmok=,UjkV7DPuYUI40DiM94HvPMNrcSU=
-168,11,iAM3L5FF9jb187zewuDochgpmok=,UjkV7DPuYUI40DiM94HvPMNrcSU=
-169,11,iAM3L5FF9jb187zewuDochgpmok=,UjkV7DPuYUI40DiM94HvPMNrcSU=
-170,11,iAM3L5FF9jb187zewuDochgpmok=,UjkV7DPuYUI40DiM94HvPMNrcSU=
-171,11,iAM3L5FF9jb187zewuDochgpmok=,UjkV7DPuYUI40DiM94HvPMNrcSU=
-172,11,iAM3L5FF9jb187zewuDochgpmok=,UjkV7DPuYUI40DiM94HvPMNrcSU=
-173,11,iAM3L5FF9jb187zewuDochgpmok=,UjkV7DPuYUI40DiM94HvPMNrcSU=
-174,11,iAM3L5FF9jb187zewuDochgpmok=,UjkV7DPuYUI40DiM94HvPMNrcSU=
-175,11,iAM3L5FF9jb187zewuDochgpmok=,UjkV7DPuYUI40DiM94HvPMNrcSU=
-176,11,iAM3L5FF9jb187zewuDochgpmok=,UjkV7DPuYUI40DiM94HvPMNrcSU=
-161,10,iAM3L5FF9jb187zewuDochgpmok=,UjkV7DPuYUI40DiM94HvPMNrcSU=
-162,10,iAM3L5FF9jb187zewuDochgpmok=,UjkV7DPuYUI40DiM94HvPMNrcSU=
-163,10,iAM3L5FF9jb187zewuDochgpmok=,UjkV7DPuYUI40DiM94HvPMNrcSU=
-164,10,iAM3L5FF9jb187zewuDochgpmok=,UjkV7DPuYUI40DiM94HvPMNrcSU=
-165,10,iAM3L5FF9jb187zewuDochgpmok=,UjkV7DPuYUI40DiM94HvPMNrcSU=
-166,10,iAM3L5FF9jb187zewuDochgpmok=,UjkV7DPuYUI40DiM94HvPMNrcSU=
-166,2,iAM3L5FF9jb187zewuDochgpmok=,UjkV7DPuYUI40DiM94HvPMNrcSU=
-167,10,iAM3L5FF9jb187zewuDochgpmok=,UjkV7DPuYUI40DiM94HvPMNrcSU=
-168,10,iAM3L5FF9jb187zewuDochgpmok=,UjkV7DPuYUI40DiM94HvPMNrcSU=
-169,10,iAM3L5FF9jb187zewuDochgpmok=,UjkV7DPuYUI40DiM94HvPMNrcSU=
-170,10,iAM3L5FF9jb187zewuDochgpmok=,UjkV7DPuYUI40DiM94HvPMNrcSU=
-172,10,iAM3L5FF9jb187zewuDochgpmok=,UjkV7DPuYUI40DiM94HvPMNrcSU=
-171,10,iAM3L5FF9jb187zewuDochgpmok=,UjkV7DPuYUI40DiM94HvPMNrcSU=
-173,10,iAM3L5FF9jb187zewuDochgpmok=,UjkV7DPuYUI40DiM94HvPMNrcSU=
-174,10,iAM3L5FF9jb187zewuDochgpmok=,UjkV7DPuYUI40DiM94HvPMNrcSU=
-175,10,iAM3L5FF9jb187zewuDochgpmok=,UjkV7DPuYUI40DiM94HvPMNrcSU=
-176,10,iAM3L5FF9jb187zewuDochgpmok=,UjkV7DPuYUI40DiM94HvPMNrcSU=
-161,9,iAM3L5FF9jb187zewuDochgpmok=,UjkV7DPuYUI40DiM94HvPMNrcSU=
-162,9,iAM3L5FF9jb187zewuDochgpmok=,UjkV7DPuYUI40DiM94HvPMNrcSU=
-163,9,iAM3L5FF9jb187zewuDochgpmok=,UjkV7DPuYUI40DiM94HvPMNrcSU=
-164,9,iAM3L5FF9jb187zewuDochgpmok=,UjkV7DPuYUI40DiM94HvPMNrcSU=
-165,9,iAM3L5FF9jb187zewuDochgpmok=,UjkV7DPuYUI40DiM94HvPMNrcSU=
-167,0,iAM3L5FF9jb187zewuDochgpmok=,UjkV7DPuYUI40DiM94HvPMNrcSU=
-166,9,iAM3L5FF9jb187zewuDochgpmok=,UjkV7DPuYUI40DiM94HvPMNrcSU=
-167,9,iAM3L5FF9jb187zewuDochgpmok=,UjkV7DPuYUI40DiM94HvPMNrcSU=
-168,9,iAM3L5FF9jb187zewuDochgpmok=,UjkV7DPuYUI40DiM94HvPMNrcSU=
-169,9,iAM3L5FF9jb187zewuDochgpmok=,UjkV7DPuYUI40DiM94HvPMNrcSU=
-170,9,iAM3L5FF9jb187zewuDochgpmok=,UjkV7DPuYUI40DiM94HvPMNrcSU=
-171,9,iAM3L5FF9jb187zewuDochgpmok=,UjkV7DPuYUI40DiM94HvPMNrcSU=
-172,9,iAM3L5FF9jb187zewuDochgpmok=,UjkV7DPuYUI40DiM94HvPMNrcSU=
-173,9,iAM3L5FF9jb187zewuDochgpmok=,UjkV7DPuYUI40DiM94HvPMNrcSU=
-174,9,iAM3L5FF9jb187zewuDochgpmok=,UjkV7DPuYUI40DiM94HvPMNrcSU=
-175,9,iAM3L5FF9jb187zewuDochgpmok=,UjkV7DPuYUI40DiM94HvPMNrcSU=
-176,9,iAM3L5FF9jb187zewuDochgpmok=,UjkV7DPuYUI40DiM94HvPMNrcSU=
-161,8,iAM3L5FF9jb187zewuDochgpmok=,UjkV7DPuYUI40DiM94HvPMNrcSU=
-162,8,iAM3L5FF9jb187zewuDochgpmok=,UjkV7DPuYUI40DiM94HvPMNrcSU=
-163,8,iAM3L5FF9jb187zewuDochgpmok=,UjkV7DPuYUI40DiM94HvPMNrcSU=
-164,8,iAM3L5FF9jb187zewuDochgpmok=,UjkV7DPuYUI40DiM94HvPMNrcSU=
-168,0,iAM3L5FF9jb187zewuDochgpmok=,UjkV7DPuYUI40DiM94HvPMNrcSU=
-165,8,iAM3L5FF9jb187zewuDochgpmok=,UjkV7DPuYUI40DiM94HvPMNrcSU=
-163,1,iAM3L5FF9jb187zewuDochgpmok=,UjkV7DPuYUI40DiM94HvPMNrcSU=
-166,8,iAM3L5FF9jb187zewuDochgpmok=,UjkV7DPuYUI40DiM94HvPMNrcSU=
-167,8,iAM3L5FF9jb187zewuDochgpmok=,UjkV7DPuYUI40DiM94HvPMNrcSU=
-169,3,iAM3L5FF9jb187zewuDochgpmok=,UjkV7DPuYUI40DiM94HvPMNrcSU=
-165,0,iAM3L5FF9jb187zewuDochgpmok=,UjkV7DPuYUI40DiM94HvPMNrcSU=
-170,8,iAM3L5FF9jb187zewuDochgpmok=,UjkV7DPuYUI40DiM94HvPMNrcSU=
-166,0,iAM3L5FF9jb187zewuDochgpmok=,UjkV7DPuYUI40DiM94HvPMNrcSU=
-163,0,iAM3L5FF9jb187zewuDochgpmok=,UjkV7DPuYUI40DiM94HvPMNrcSU=
-162,1,iAM3L5FF9jb187zewuDochgpmok=,UjkV7DPuYUI40DiM94HvPMNrcSU=
-161,0,iAM3L5FF9jb187zewuDochgpmok=,UjkV7DPuYUI40DiM94HvPMNrcSU=
-175,8,iAM3L5FF9jb187zewuDochgpmok=,UjkV7DPuYUI40DiM94HvPMNrcSU=
-176,8,iAM3L5FF9jb187zewuDochgpmok=,UjkV7DPuYUI40DiM94HvPMNrcSU=
-161,7,iAM3L5FF9jb187zewuDochgpmok=,UjkV7DPuYUI40DiM94HvPMNrcSU=
-162,7,iAM3L5FF9jb187zewuDochgpmok=,UjkV7DPuYUI40DiM94HvPMNrcSU=
-163,7,iAM3L5FF9jb187zewuDochgpmok=,UjkV7DPuYUI40DiM94HvPMNrcSU=
-169,0,iAM3L5FF9jb187zewuDochgpmok=,UjkV7DPuYUI40DiM94HvPMNrcSU=
-164,7,iAM3L5FF9jb187zewuDochgpmok=,UjkV7DPuYUI40DiM94HvPMNrcSU=
-165,7,iAM3L5FF9jb187zewuDochgpmok=,UjkV7DPuYUI40DiM94HvPMNrcSU=
-167,7,iAM3L5FF9jb187zewuDochgpmok=,UjkV7DPuYUI40DiM94HvPMNrcSU=
-166,7,iAM3L5FF9jb187zewuDochgpmok=,UjkV7DPuYUI40DiM94HvPMNrcSU=
-163,2,iAM3L5FF9jb187zewuDochgpmok=,UjkV7DPuYUI40DiM94HvPMNrcSU=
-174,8,iAM3L5FF9jb187zewuDochgpmok=,UjkV7DPuYUI40DiM94HvPMNrcSU=
-173,8,iAM3L5FF9jb187zewuDochgpmok=,UjkV7DPuYUI40DiM94HvPMNrcSU=
-162,0,iAM3L5FF9jb187zewuDochgpmok=,UjkV7DPuYUI40DiM94HvPMNrcSU=
-172,8,iAM3L5FF9jb187zewuDochgpmok=,UjkV7DPuYUI40DiM94HvPMNrcSU=
-169,8,iAM3L5FF9jb187zewuDochgpmok=,UjkV7DPuYUI40DiM94HvPMNrcSU=
-168,3,iAM3L5FF9jb187zewuDochgpmok=,UjkV7DPuYUI40DiM94HvPMNrcSU=
-173,7,iAM3L5FF9jb187zewuDochgpmok=,UjkV7DPuYUI40DiM94HvPMNrcSU=
-175,7,iAM3L5FF9jb187zewuDochgpmok=,UjkV7DPuYUI40DiM94HvPMNrcSU=
-176,7,iAM3L5FF9jb187zewuDochgpmok=,UjkV7DPuYUI40DiM94HvPMNrcSU=
-161,6,iAM3L5FF9jb187zewuDochgpmok=,UjkV7DPuYUI40DiM94HvPMNrcSU=
-162,6,iAM3L5FF9jb187zewuDochgpmok=,UjkV7DPuYUI40DiM94HvPMNrcSU=
-170,0,iAM3L5FF9jb187zewuDochgpmok=,UjkV7DPuYUI40DiM94HvPMNrcSU=
-163,6,iAM3L5FF9jb187zewuDochgpmok=,UjkV7DPuYUI40DiM94HvPMNrcSU=
-164,6,iAM3L5FF9jb187zewuDochgpmok=,UjkV7DPuYUI40DiM94HvPMNrcSU=
-165,6,iAM3L5FF9jb187zewuDochgpmok=,UjkV7DPuYUI40DiM94HvPMNrcSU=
-166,6,iAM3L5FF9jb187zewuDochgpmok=,UjkV7DPuYUI40DiM94HvPMNrcSU=
-164,2,iAM3L5FF9jb187zewuDochgpmok=,UjkV7DPuYUI40DiM94HvPMNrcSU=
-174,7,iAM3L5FF9jb187zewuDochgpmok=,UjkV7DPuYUI40DiM94HvPMNrcSU=
-171,8,iAM3L5FF9jb187zewuDochgpmok=,UjkV7DPuYUI40DiM94HvPMNrcSU=
-168,8,iAM3L5FF9jb187zewuDochgpmok=,UjkV7DPuYUI40DiM94HvPMNrcSU=
-170,7,iAM3L5FF9jb187zewuDochgpmok=,UjkV7DPuYUI40DiM94HvPMNrcSU=
-169,7,iAM3L5FF9jb187zewuDochgpmok=,UjkV7DPuYUI40DiM94HvPMNrcSU=
-170,6,iAM3L5FF9jb187zewuDochgpmok=,UjkV7DPuYUI40DiM94HvPMNrcSU=
-168,7,iAM3L5FF9jb187zewuDochgpmok=,UjkV7DPuYUI40DiM94HvPMNrcSU=
-172,7,iAM3L5FF9jb187zewuDochgpmok=,UjkV7DPuYUI40DiM94HvPMNrcSU=
-175,6,iAM3L5FF9jb187zewuDochgpmok=,UjkV7DPuYUI40DiM94HvPMNrcSU=
-161,5,iAM3L5FF9jb187zewuDochgpmok=,UjkV7DPuYUI40DiM94HvPMNrcSU=
-171,0,iAM3L5FF9jb187zewuDochgpmok=,UjkV7DPuYUI40DiM94HvPMNrcSU=
-162,5,iAM3L5FF9jb187zewuDochgpmok=,UjkV7DPuYUI40DiM94HvPMNrcSU=
-163,5,iAM3L5FF9jb187zewuDochgpmok=,UjkV7DPuYUI40DiM94HvPMNrcSU=
-164,5,iAM3L5FF9jb187zewuDochgpmok=,UjkV7DPuYUI40DiM94HvPMNrcSU=
-176,6,iAM3L5FF9jb187zewuDochgpmok=,UjkV7DPuYUI40DiM94HvPMNrcSU=
-165,5,iAM3L5FF9jb187zewuDochgpmok=,UjkV7DPuYUI40DiM94HvPMNrcSU=
-173,6,iAM3L5FF9jb187zewuDochgpmok=,UjkV7DPuYUI40DiM94HvPMNrcSU=
-174,6,iAM3L5FF9jb187zewuDochgpmok=,UjkV7DPuYUI40DiM94HvPMNrcSU=
-166,5,iAM3L5FF9jb187zewuDochgpmok=,UjkV7DPuYUI40DiM94HvPMNrcSU=
-169,6,iAM3L5FF9jb187zewuDochgpmok=,UjkV7DPuYUI40DiM94HvPMNrcSU=
-167,3,iAM3L5FF9jb187zewuDochgpmok=,UjkV7DPuYUI40DiM94HvPMNrcSU=
-171,7,iAM3L5FF9jb187zewuDochgpmok=,UjkV7DPuYUI40DiM94HvPMNrcSU=
-172,6,iAM3L5FF9jb187zewuDochgpmok=,UjkV7DPuYUI40DiM94HvPMNrcSU=
-169,5,iAM3L5FF9jb187zewuDochgpmok=,UjkV7DPuYUI40DiM94HvPMNrcSU=
-173,5,iAM3L5FF9jb187zewuDochgpmok=,UjkV7DPuYUI40DiM94HvPMNrcSU=
-175,5,iAM3L5FF9jb187zewuDochgpmok=,UjkV7DPuYUI40DiM94HvPMNrcSU=
-176,5,iAM3L5FF9jb187zewuDochgpmok=,UjkV7DPuYUI40DiM94HvPMNrcSU=
-172,0,iAM3L5FF9jb187zewuDochgpmok=,UjkV7DPuYUI40DiM94HvPMNrcSU=
-161,4,iAM3L5FF9jb187zewuDochgpmok=,UjkV7DPuYUI40DiM94HvPMNrcSU=
-171,5,iAM3L5FF9jb187zewuDochgpmok=,UjkV7DPuYUI40DiM94HvPMNrcSU=
-170,5,iAM3L5FF9jb187zewuDochgpmok=,UjkV7DPuYUI40DiM94HvPMNrcSU=
-171,6,iAM3L5FF9jb187zewuDochgpmok=,UjkV7DPuYUI40DiM94HvPMNrcSU=
-162,4,iAM3L5FF9jb187zewuDochgpmok=,UjkV7DPuYUI40DiM94HvPMNrcSU=
-166,4,iAM3L5FF9jb187zewuDochgpmok=,UjkV7DPuYUI40DiM94HvPMNrcSU=
-167,6,iAM3L5FF9jb187zewuDochgpmok=,UjkV7DPuYUI40DiM94HvPMNrcSU=
-164,4,iAM3L5FF9jb187zewuDochgpmok=,UjkV7DPuYUI40DiM94HvPMNrcSU=
-174,5,iAM3L5FF9jb187zewuDochgpmok=,UjkV7DPuYUI40DiM94HvPMNrcSU=
-172,5,iAM3L5FF9jb187zewuDochgpmok=,UjkV7DPuYUI40DiM94HvPMNrcSU=
-169,4,iAM3L5FF9jb187zewuDochgpmok=,UjkV7DPuYUI40DiM94HvPMNrcSU=
-168,6,iAM3L5FF9jb187zewuDochgpmok=,UjkV7DPuYUI40DiM94HvPMNrcSU=
-173,4,iAM3L5FF9jb187zewuDochgpmok=,UjkV7DPuYUI40DiM94HvPMNrcSU=
-174,4,iAM3L5FF9jb187zewuDochgpmok=,UjkV7DPuYUI40DiM94HvPMNrcSU=
-175,4,iAM3L5FF9jb187zewuDochgpmok=,UjkV7DPuYUI40DiM94HvPMNrcSU=
-173,0,iAM3L5FF9jb187zewuDochgpmok=,UjkV7DPuYUI40DiM94HvPMNrcSU=
-176,4,iAM3L5FF9jb187zewuDochgpmok=,UjkV7DPuYUI40DiM94HvPMNrcSU=
-161,3,iAM3L5FF9jb187zewuDochgpmok=,UjkV7DPuYUI40DiM94HvPMNrcSU=
-172,4,iAM3L5FF9jb187zewuDochgpmok=,UjkV7DPuYUI40DiM94HvPMNrcSU=
-171,4,iAM3L5FF9jb187zewuDochgpmok=,UjkV7DPuYUI40DiM94HvPMNrcSU=
-170,4,iAM3L5FF9jb187zewuDochgpmok=,UjkV7DPuYUI40DiM94HvPMNrcSU=
-163,4,iAM3L5FF9jb187zewuDochgpmok=,UjkV7DPuYUI40DiM94HvPMNrcSU=
-167,5,iAM3L5FF9jb187zewuDochgpmok=,UjkV7DPuYUI40DiM94HvPMNrcSU=
-168,4,iAM3L5FF9jb187zewuDochgpmok=,UjkV7DPuYUI40DiM94HvPMNrcSU=
-165,4,iAM3L5FF9jb187zewuDochgpmok=,UjkV7DPuYUI40DiM94HvPMNrcSU=
-167,4,iAM3L5FF9jb187zewuDochgpmok=,UjkV7DPuYUI40DiM94HvPMNrcSU=
-162,3,iAM3L5FF9jb187zewuDochgpmok=,UjkV7DPuYUI40DiM94HvPMNrcSU=
-166,3,iAM3L5FF9jb187zewuDochgpmok=,UjkV7DPuYUI40DiM94HvPMNrcSU=
-164,3,iAM3L5FF9jb187zewuDochgpmok=,UjkV7DPuYUI40DiM94HvPMNrcSU=
-165,3,iAM3L5FF9jb187zewuDochgpmok=,UjkV7DPuYUI40DiM94HvPMNrcSU=
-168,5,iAM3L5FF9jb187zewuDochgpmok=,UjkV7DPuYUI40DiM94HvPMNrcSU=
-163,3,iAM3L5FF9jb187zewuDochgpmok=,UjkV7DPuYUI40DiM94HvPMNrcSU=
-191,16,CHqbg1e1yRvD5N9lqj5fNEpCnUA=,UjkV7DPuYUI40DiM94HvPMNrcSU=
-189,17,CHqbg1e1yRvD5N9lqj5fNEpCnUA=,UjkV7DPuYUI40DiM94HvPMNrcSU=
-188,17,CHqbg1e1yRvD5N9lqj5fNEpCnUA=,UjkV7DPuYUI40DiM94HvPMNrcSU=
-190,17,CHqbg1e1yRvD5N9lqj5fNEpCnUA=,UjkV7DPuYUI40DiM94HvPMNrcSU=
-186,17,CHqbg1e1yRvD5N9lqj5fNEpCnUA=,UjkV7DPuYUI40DiM94HvPMNrcSU=
-191,17,CHqbg1e1yRvD5N9lqj5fNEpCnUA=,UjkV7DPuYUI40DiM94HvPMNrcSU=
-178,31,CHqbg1e1yRvD5N9lqj5fNEpCnUA=,UjkV7DPuYUI40DiM94HvPMNrcSU=
-179,31,CHqbg1e1yRvD5N9lqj5fNEpCnUA=,UjkV7DPuYUI40DiM94HvPMNrcSU=
-180,31,CHqbg1e1yRvD5N9lqj5fNEpCnUA=,UjkV7DPuYUI40DiM94HvPMNrcSU=
-177,31,CHqbg1e1yRvD5N9lqj5fNEpCnUA=,UjkV7DPuYUI40DiM94HvPMNrcSU=
-181,31,CHqbg1e1yRvD5N9lqj5fNEpCnUA=,UjkV7DPuYUI40DiM94HvPMNrcSU=
-187,17,CHqbg1e1yRvD5N9lqj5fNEpCnUA=,UjkV7DPuYUI40DiM94HvPMNrcSU=
-182,31,CHqbg1e1yRvD5N9lqj5fNEpCnUA=,UjkV7DPuYUI40DiM94HvPMNrcSU=
-183,31,CHqbg1e1yRvD5N9lqj5fNEpCnUA=,UjkV7DPuYUI40DiM94HvPMNrcSU=
-184,31,CHqbg1e1yRvD5N9lqj5fNEpCnUA=,UjkV7DPuYUI40DiM94HvPMNrcSU=
-185,31,CHqbg1e1yRvD5N9lqj5fNEpCnUA=,UjkV7DPuYUI40DiM94HvPMNrcSU=
-186,31,CHqbg1e1yRvD5N9lqj5fNEpCnUA=,UjkV7DPuYUI40DiM94HvPMNrcSU=
-187,31,CHqbg1e1yRvD5N9lqj5fNEpCnUA=,UjkV7DPuYUI40DiM94HvPMNrcSU=
-188,31,CHqbg1e1yRvD5N9lqj5fNEpCnUA=,UjkV7DPuYUI40DiM94HvPMNrcSU=
-189,31,CHqbg1e1yRvD5N9lqj5fNEpCnUA=,UjkV7DPuYUI40DiM94HvPMNrcSU=
-191,31,CHqbg1e1yRvD5N9lqj5fNEpCnUA=,UjkV7DPuYUI40DiM94HvPMNrcSU=
-190,31,CHqbg1e1yRvD5N9lqj5fNEpCnUA=,UjkV7DPuYUI40DiM94HvPMNrcSU=
-192,17,CHqbg1e1yRvD5N9lqj5fNEpCnUA=,UjkV7DPuYUI40DiM94HvPMNrcSU=
-177,16,CHqbg1e1yRvD5N9lqj5fNEpCnUA=,UjkV7DPuYUI40DiM94HvPMNrcSU=
-178,30,CHqbg1e1yRvD5N9lqj5fNEpCnUA=,UjkV7DPuYUI40DiM94HvPMNrcSU=
-179,30,CHqbg1e1yRvD5N9lqj5fNEpCnUA=,UjkV7DPuYUI40DiM94HvPMNrcSU=
-180,30,CHqbg1e1yRvD5N9lqj5fNEpCnUA=,UjkV7DPuYUI40DiM94HvPMNrcSU=
-181,30,CHqbg1e1yRvD5N9lqj5fNEpCnUA=,UjkV7DPuYUI40DiM94HvPMNrcSU=
-182,30,CHqbg1e1yRvD5N9lqj5fNEpCnUA=,UjkV7DPuYUI40DiM94HvPMNrcSU=
-177,30,CHqbg1e1yRvD5N9lqj5fNEpCnUA=,UjkV7DPuYUI40DiM94HvPMNrcSU=
-183,30,CHqbg1e1yRvD5N9lqj5fNEpCnUA=,UjkV7DPuYUI40DiM94HvPMNrcSU=
-184,30,CHqbg1e1yRvD5N9lqj5fNEpCnUA=,UjkV7DPuYUI40DiM94HvPMNrcSU=
-185,30,CHqbg1e1yRvD5N9lqj5fNEpCnUA=,UjkV7DPuYUI40DiM94HvPMNrcSU=
-186,30,CHqbg1e1yRvD5N9lqj5fNEpCnUA=,UjkV7DPuYUI40DiM94HvPMNrcSU=
-187,30,CHqbg1e1yRvD5N9lqj5fNEpCnUA=,UjkV7DPuYUI40DiM94HvPMNrcSU=
-188,30,CHqbg1e1yRvD5N9lqj5fNEpCnUA=,UjkV7DPuYUI40DiM94HvPMNrcSU=
-192,16,CHqbg1e1yRvD5N9lqj5fNEpCnUA=,UjkV7DPuYUI40DiM94HvPMNrcSU=
-177,29,CHqbg1e1yRvD5N9lqj5fNEpCnUA=,UjkV7DPuYUI40DiM94HvPMNrcSU=
-189,30,CHqbg1e1yRvD5N9lqj5fNEpCnUA=,UjkV7DPuYUI40DiM94HvPMNrcSU=
-181,29,CHqbg1e1yRvD5N9lqj5fNEpCnUA=,UjkV7DPuYUI40DiM94HvPMNrcSU=
-182,29,CHqbg1e1yRvD5N9lqj5fNEpCnUA=,UjkV7DPuYUI40DiM94HvPMNrcSU=
-183,29,CHqbg1e1yRvD5N9lqj5fNEpCnUA=,UjkV7DPuYUI40DiM94HvPMNrcSU=
-184,29,CHqbg1e1yRvD5N9lqj5fNEpCnUA=,UjkV7DPuYUI40DiM94HvPMNrcSU=
-186,29,CHqbg1e1yRvD5N9lqj5fNEpCnUA=,UjkV7DPuYUI40DiM94HvPMNrcSU=
-187,29,CHqbg1e1yRvD5N9lqj5fNEpCnUA=,UjkV7DPuYUI40DiM94HvPMNrcSU=
-178,16,CHqbg1e1yRvD5N9lqj5fNEpCnUA=,UjkV7DPuYUI40DiM94HvPMNrcSU=
-188,29,CHqbg1e1yRvD5N9lqj5fNEpCnUA=,UjkV7DPuYUI40DiM94HvPMNrcSU=
-179,29,CHqbg1e1yRvD5N9lqj5fNEpCnUA=,UjkV7DPuYUI40DiM94HvPMNrcSU=
-185,29,CHqbg1e1yRvD5N9lqj5fNEpCnUA=,UjkV7DPuYUI40DiM94HvPMNrcSU=
-180,29,CHqbg1e1yRvD5N9lqj5fNEpCnUA=,UjkV7DPuYUI40DiM94HvPMNrcSU=
-185,17,CHqbg1e1yRvD5N9lqj5fNEpCnUA=,UjkV7DPuYUI40DiM94HvPMNrcSU=
-178,29,CHqbg1e1yRvD5N9lqj5fNEpCnUA=,UjkV7DPuYUI40DiM94HvPMNrcSU=
-189,29,CHqbg1e1yRvD5N9lqj5fNEpCnUA=,UjkV7DPuYUI40DiM94HvPMNrcSU=
-184,17,CHqbg1e1yRvD5N9lqj5fNEpCnUA=,UjkV7DPuYUI40DiM94HvPMNrcSU=
-190,30,CHqbg1e1yRvD5N9lqj5fNEpCnUA=,UjkV7DPuYUI40DiM94HvPMNrcSU=
-183,17,CHqbg1e1yRvD5N9lqj5fNEpCnUA=,UjkV7DPuYUI40DiM94HvPMNrcSU=
-192,31,CHqbg1e1yRvD5N9lqj5fNEpCnUA=,UjkV7DPuYUI40DiM94HvPMNrcSU=
-190,29,CHqbg1e1yRvD5N9lqj5fNEpCnUA=,UjkV7DPuYUI40DiM94HvPMNrcSU=
-182,28,CHqbg1e1yRvD5N9lqj5fNEpCnUA=,UjkV7DPuYUI40DiM94HvPMNrcSU=
-192,29,CHqbg1e1yRvD5N9lqj5fNEpCnUA=,UjkV7DPuYUI40DiM94HvPMNrcSU=
-181,28,CHqbg1e1yRvD5N9lqj5fNEpCnUA=,UjkV7DPuYUI40DiM94HvPMNrcSU=
-182,17,CHqbg1e1yRvD5N9lqj5fNEpCnUA=,UjkV7DPuYUI40DiM94HvPMNrcSU=
-181,17,CHqbg1e1yRvD5N9lqj5fNEpCnUA=,UjkV7DPuYUI40DiM94HvPMNrcSU=
-180,17,CHqbg1e1yRvD5N9lqj5fNEpCnUA=,UjkV7DPuYUI40DiM94HvPMNrcSU=
-179,17,CHqbg1e1yRvD5N9lqj5fNEpCnUA=,UjkV7DPuYUI40DiM94HvPMNrcSU=
-178,17,CHqbg1e1yRvD5N9lqj5fNEpCnUA=,UjkV7DPuYUI40DiM94HvPMNrcSU=
-177,17,CHqbg1e1yRvD5N9lqj5fNEpCnUA=,UjkV7DPuYUI40DiM94HvPMNrcSU=
-192,18,CHqbg1e1yRvD5N9lqj5fNEpCnUA=,UjkV7DPuYUI40DiM94HvPMNrcSU=
-190,16,CHqbg1e1yRvD5N9lqj5fNEpCnUA=,UjkV7DPuYUI40DiM94HvPMNrcSU=
-191,18,CHqbg1e1yRvD5N9lqj5fNEpCnUA=,UjkV7DPuYUI40DiM94HvPMNrcSU=
-190,18,CHqbg1e1yRvD5N9lqj5fNEpCnUA=,UjkV7DPuYUI40DiM94HvPMNrcSU=
-189,18,CHqbg1e1yRvD5N9lqj5fNEpCnUA=,UjkV7DPuYUI40DiM94HvPMNrcSU=
-188,18,CHqbg1e1yRvD5N9lqj5fNEpCnUA=,UjkV7DPuYUI40DiM94HvPMNrcSU=
-187,18,CHqbg1e1yRvD5N9lqj5fNEpCnUA=,UjkV7DPuYUI40DiM94HvPMNrcSU=
-186,18,CHqbg1e1yRvD5N9lqj5fNEpCnUA=,UjkV7DPuYUI40DiM94HvPMNrcSU=
-184,18,CHqbg1e1yRvD5N9lqj5fNEpCnUA=,UjkV7DPuYUI40DiM94HvPMNrcSU=
-185,18,CHqbg1e1yRvD5N9lqj5fNEpCnUA=,UjkV7DPuYUI40DiM94HvPMNrcSU=
-183,18,CHqbg1e1yRvD5N9lqj5fNEpCnUA=,UjkV7DPuYUI40DiM94HvPMNrcSU=
-184,28,CHqbg1e1yRvD5N9lqj5fNEpCnUA=,UjkV7DPuYUI40DiM94HvPMNrcSU=
-179,16,CHqbg1e1yRvD5N9lqj5fNEpCnUA=,UjkV7DPuYUI40DiM94HvPMNrcSU=
-192,30,CHqbg1e1yRvD5N9lqj5fNEpCnUA=,UjkV7DPuYUI40DiM94HvPMNrcSU=
-187,28,CHqbg1e1yRvD5N9lqj5fNEpCnUA=,UjkV7DPuYUI40DiM94HvPMNrcSU=
-191,29,CHqbg1e1yRvD5N9lqj5fNEpCnUA=,UjkV7DPuYUI40DiM94HvPMNrcSU=
-182,18,CHqbg1e1yRvD5N9lqj5fNEpCnUA=,UjkV7DPuYUI40DiM94HvPMNrcSU=
-185,28,CHqbg1e1yRvD5N9lqj5fNEpCnUA=,UjkV7DPuYUI40DiM94HvPMNrcSU=
-186,28,CHqbg1e1yRvD5N9lqj5fNEpCnUA=,UjkV7DPuYUI40DiM94HvPMNrcSU=
-188,28,CHqbg1e1yRvD5N9lqj5fNEpCnUA=,UjkV7DPuYUI40DiM94HvPMNrcSU=
-181,18,CHqbg1e1yRvD5N9lqj5fNEpCnUA=,UjkV7DPuYUI40DiM94HvPMNrcSU=
-189,28,CHqbg1e1yRvD5N9lqj5fNEpCnUA=,UjkV7DPuYUI40DiM94HvPMNrcSU=
-191,30,CHqbg1e1yRvD5N9lqj5fNEpCnUA=,UjkV7DPuYUI40DiM94HvPMNrcSU=
-180,18,CHqbg1e1yRvD5N9lqj5fNEpCnUA=,UjkV7DPuYUI40DiM94HvPMNrcSU=
-179,18,CHqbg1e1yRvD5N9lqj5fNEpCnUA=,UjkV7DPuYUI40DiM94HvPMNrcSU=
-178,18,CHqbg1e1yRvD5N9lqj5fNEpCnUA=,UjkV7DPuYUI40DiM94HvPMNrcSU=
-177,18,CHqbg1e1yRvD5N9lqj5fNEpCnUA=,UjkV7DPuYUI40DiM94HvPMNrcSU=
-189,16,CHqbg1e1yRvD5N9lqj5fNEpCnUA=,UjkV7DPuYUI40DiM94HvPMNrcSU=
-192,19,CHqbg1e1yRvD5N9lqj5fNEpCnUA=,UjkV7DPuYUI40DiM94HvPMNrcSU=
-191,19,CHqbg1e1yRvD5N9lqj5fNEpCnUA=,UjkV7DPuYUI40DiM94HvPMNrcSU=
-190,19,CHqbg1e1yRvD5N9lqj5fNEpCnUA=,UjkV7DPuYUI40DiM94HvPMNrcSU=
-189,19,CHqbg1e1yRvD5N9lqj5fNEpCnUA=,UjkV7DPuYUI40DiM94HvPMNrcSU=
-188,19,CHqbg1e1yRvD5N9lqj5fNEpCnUA=,UjkV7DPuYUI40DiM94HvPMNrcSU=
-186,19,CHqbg1e1yRvD5N9lqj5fNEpCnUA=,UjkV7DPuYUI40DiM94HvPMNrcSU=
-187,19,CHqbg1e1yRvD5N9lqj5fNEpCnUA=,UjkV7DPuYUI40DiM94HvPMNrcSU=
-185,19,CHqbg1e1yRvD5N9lqj5fNEpCnUA=,UjkV7DPuYUI40DiM94HvPMNrcSU=
-184,19,CHqbg1e1yRvD5N9lqj5fNEpCnUA=,UjkV7DPuYUI40DiM94HvPMNrcSU=
-180,28,CHqbg1e1yRvD5N9lqj5fNEpCnUA=,UjkV7DPuYUI40DiM94HvPMNrcSU=
-191,28,CHqbg1e1yRvD5N9lqj5fNEpCnUA=,UjkV7DPuYUI40DiM94HvPMNrcSU=
-192,28,CHqbg1e1yRvD5N9lqj5fNEpCnUA=,UjkV7DPuYUI40DiM94HvPMNrcSU=
-183,19,CHqbg1e1yRvD5N9lqj5fNEpCnUA=,UjkV7DPuYUI40DiM94HvPMNrcSU=
-183,28,CHqbg1e1yRvD5N9lqj5fNEpCnUA=,UjkV7DPuYUI40DiM94HvPMNrcSU=
-181,27,CHqbg1e1yRvD5N9lqj5fNEpCnUA=,UjkV7DPuYUI40DiM94HvPMNrcSU=
-179,28,CHqbg1e1yRvD5N9lqj5fNEpCnUA=,UjkV7DPuYUI40DiM94HvPMNrcSU=
-178,27,CHqbg1e1yRvD5N9lqj5fNEpCnUA=,UjkV7DPuYUI40DiM94HvPMNrcSU=
-178,28,CHqbg1e1yRvD5N9lqj5fNEpCnUA=,UjkV7DPuYUI40DiM94HvPMNrcSU=
-180,16,CHqbg1e1yRvD5N9lqj5fNEpCnUA=,UjkV7DPuYUI40DiM94HvPMNrcSU=
-190,28,CHqbg1e1yRvD5N9lqj5fNEpCnUA=,UjkV7DPuYUI40DiM94HvPMNrcSU=
-186,27,CHqbg1e1yRvD5N9lqj5fNEpCnUA=,UjkV7DPuYUI40DiM94HvPMNrcSU=
-188,27,CHqbg1e1yRvD5N9lqj5fNEpCnUA=,UjkV7DPuYUI40DiM94HvPMNrcSU=
-189,27,CHqbg1e1yRvD5N9lqj5fNEpCnUA=,UjkV7DPuYUI40DiM94HvPMNrcSU=
-187,27,CHqbg1e1yRvD5N9lqj5fNEpCnUA=,UjkV7DPuYUI40DiM94HvPMNrcSU=
-177,28,CHqbg1e1yRvD5N9lqj5fNEpCnUA=,UjkV7DPuYUI40DiM94HvPMNrcSU=
-191,27,CHqbg1e1yRvD5N9lqj5fNEpCnUA=,UjkV7DPuYUI40DiM94HvPMNrcSU=
-185,27,CHqbg1e1yRvD5N9lqj5fNEpCnUA=,UjkV7DPuYUI40DiM94HvPMNrcSU=
-190,27,CHqbg1e1yRvD5N9lqj5fNEpCnUA=,UjkV7DPuYUI40DiM94HvPMNrcSU=
-192,27,CHqbg1e1yRvD5N9lqj5fNEpCnUA=,UjkV7DPuYUI40DiM94HvPMNrcSU=
-182,19,CHqbg1e1yRvD5N9lqj5fNEpCnUA=,UjkV7DPuYUI40DiM94HvPMNrcSU=
-183,27,CHqbg1e1yRvD5N9lqj5fNEpCnUA=,UjkV7DPuYUI40DiM94HvPMNrcSU=
-180,19,CHqbg1e1yRvD5N9lqj5fNEpCnUA=,UjkV7DPuYUI40DiM94HvPMNrcSU=
-179,19,CHqbg1e1yRvD5N9lqj5fNEpCnUA=,UjkV7DPuYUI40DiM94HvPMNrcSU=
-181,19,CHqbg1e1yRvD5N9lqj5fNEpCnUA=,UjkV7DPuYUI40DiM94HvPMNrcSU=
-178,19,CHqbg1e1yRvD5N9lqj5fNEpCnUA=,UjkV7DPuYUI40DiM94HvPMNrcSU=
-188,16,CHqbg1e1yRvD5N9lqj5fNEpCnUA=,UjkV7DPuYUI40DiM94HvPMNrcSU=
-177,19,CHqbg1e1yRvD5N9lqj5fNEpCnUA=,UjkV7DPuYUI40DiM94HvPMNrcSU=
-192,20,CHqbg1e1yRvD5N9lqj5fNEpCnUA=,UjkV7DPuYUI40DiM94HvPMNrcSU=
-191,20,CHqbg1e1yRvD5N9lqj5fNEpCnUA=,UjkV7DPuYUI40DiM94HvPMNrcSU=
-190,20,CHqbg1e1yRvD5N9lqj5fNEpCnUA=,UjkV7DPuYUI40DiM94HvPMNrcSU=
-189,20,CHqbg1e1yRvD5N9lqj5fNEpCnUA=,UjkV7DPuYUI40DiM94HvPMNrcSU=
-188,20,CHqbg1e1yRvD5N9lqj5fNEpCnUA=,UjkV7DPuYUI40DiM94HvPMNrcSU=
-187,20,CHqbg1e1yRvD5N9lqj5fNEpCnUA=,UjkV7DPuYUI40DiM94HvPMNrcSU=
-186,20,CHqbg1e1yRvD5N9lqj5fNEpCnUA=,UjkV7DPuYUI40DiM94HvPMNrcSU=
-185,20,CHqbg1e1yRvD5N9lqj5fNEpCnUA=,UjkV7DPuYUI40DiM94HvPMNrcSU=
-184,20,CHqbg1e1yRvD5N9lqj5fNEpCnUA=,UjkV7DPuYUI40DiM94HvPMNrcSU=
-179,27,CHqbg1e1yRvD5N9lqj5fNEpCnUA=,UjkV7DPuYUI40DiM94HvPMNrcSU=
-183,20,CHqbg1e1yRvD5N9lqj5fNEpCnUA=,UjkV7DPuYUI40DiM94HvPMNrcSU=
-180,26,CHqbg1e1yRvD5N9lqj5fNEpCnUA=,UjkV7DPuYUI40DiM94HvPMNrcSU=
-177,27,CHqbg1e1yRvD5N9lqj5fNEpCnUA=,UjkV7DPuYUI40DiM94HvPMNrcSU=
-181,26,CHqbg1e1yRvD5N9lqj5fNEpCnUA=,UjkV7DPuYUI40DiM94HvPMNrcSU=
-182,20,CHqbg1e1yRvD5N9lqj5fNEpCnUA=,UjkV7DPuYUI40DiM94HvPMNrcSU=
-182,27,CHqbg1e1yRvD5N9lqj5fNEpCnUA=,UjkV7DPuYUI40DiM94HvPMNrcSU=
-179,26,CHqbg1e1yRvD5N9lqj5fNEpCnUA=,UjkV7DPuYUI40DiM94HvPMNrcSU=
-184,27,CHqbg1e1yRvD5N9lqj5fNEpCnUA=,UjkV7DPuYUI40DiM94HvPMNrcSU=
-182,26,CHqbg1e1yRvD5N9lqj5fNEpCnUA=,UjkV7DPuYUI40DiM94HvPMNrcSU=
-188,26,CHqbg1e1yRvD5N9lqj5fNEpCnUA=,UjkV7DPuYUI40DiM94HvPMNrcSU=
-189,26,CHqbg1e1yRvD5N9lqj5fNEpCnUA=,UjkV7DPuYUI40DiM94HvPMNrcSU=
-181,16,CHqbg1e1yRvD5N9lqj5fNEpCnUA=,UjkV7DPuYUI40DiM94HvPMNrcSU=
-181,20,CHqbg1e1yRvD5N9lqj5fNEpCnUA=,UjkV7DPuYUI40DiM94HvPMNrcSU=
-191,26,CHqbg1e1yRvD5N9lqj5fNEpCnUA=,UjkV7DPuYUI40DiM94HvPMNrcSU=
-185,26,CHqbg1e1yRvD5N9lqj5fNEpCnUA=,UjkV7DPuYUI40DiM94HvPMNrcSU=
-183,26,CHqbg1e1yRvD5N9lqj5fNEpCnUA=,UjkV7DPuYUI40DiM94HvPMNrcSU=
-186,26,CHqbg1e1yRvD5N9lqj5fNEpCnUA=,UjkV7DPuYUI40DiM94HvPMNrcSU=
-192,26,CHqbg1e1yRvD5N9lqj5fNEpCnUA=,UjkV7DPuYUI40DiM94HvPMNrcSU=
-180,20,CHqbg1e1yRvD5N9lqj5fNEpCnUA=,UjkV7DPuYUI40DiM94HvPMNrcSU=
-180,27,CHqbg1e1yRvD5N9lqj5fNEpCnUA=,UjkV7DPuYUI40DiM94HvPMNrcSU=
-187,26,CHqbg1e1yRvD5N9lqj5fNEpCnUA=,UjkV7DPuYUI40DiM94HvPMNrcSU=
-190,26,CHqbg1e1yRvD5N9lqj5fNEpCnUA=,UjkV7DPuYUI40DiM94HvPMNrcSU=
-178,26,CHqbg1e1yRvD5N9lqj5fNEpCnUA=,UjkV7DPuYUI40DiM94HvPMNrcSU=
-179,20,CHqbg1e1yRvD5N9lqj5fNEpCnUA=,UjkV7DPuYUI40DiM94HvPMNrcSU=
-187,16,CHqbg1e1yRvD5N9lqj5fNEpCnUA=,UjkV7DPuYUI40DiM94HvPMNrcSU=
-178,20,CHqbg1e1yRvD5N9lqj5fNEpCnUA=,UjkV7DPuYUI40DiM94HvPMNrcSU=
-177,20,CHqbg1e1yRvD5N9lqj5fNEpCnUA=,UjkV7DPuYUI40DiM94HvPMNrcSU=
-192,21,CHqbg1e1yRvD5N9lqj5fNEpCnUA=,UjkV7DPuYUI40DiM94HvPMNrcSU=
-191,21,CHqbg1e1yRvD5N9lqj5fNEpCnUA=,UjkV7DPuYUI40DiM94HvPMNrcSU=
-190,21,CHqbg1e1yRvD5N9lqj5fNEpCnUA=,UjkV7DPuYUI40DiM94HvPMNrcSU=
-189,21,CHqbg1e1yRvD5N9lqj5fNEpCnUA=,UjkV7DPuYUI40DiM94HvPMNrcSU=
-188,21,CHqbg1e1yRvD5N9lqj5fNEpCnUA=,UjkV7DPuYUI40DiM94HvPMNrcSU=
-187,21,CHqbg1e1yRvD5N9lqj5fNEpCnUA=,UjkV7DPuYUI40DiM94HvPMNrcSU=
-186,21,CHqbg1e1yRvD5N9lqj5fNEpCnUA=,UjkV7DPuYUI40DiM94HvPMNrcSU=
-185,21,CHqbg1e1yRvD5N9lqj5fNEpCnUA=,UjkV7DPuYUI40DiM94HvPMNrcSU=
-184,21,CHqbg1e1yRvD5N9lqj5fNEpCnUA=,UjkV7DPuYUI40DiM94HvPMNrcSU=
-182,25,CHqbg1e1yRvD5N9lqj5fNEpCnUA=,UjkV7DPuYUI40DiM94HvPMNrcSU=
-177,25,CHqbg1e1yRvD5N9lqj5fNEpCnUA=,UjkV7DPuYUI40DiM94HvPMNrcSU=
-185,25,CHqbg1e1yRvD5N9lqj5fNEpCnUA=,UjkV7DPuYUI40DiM94HvPMNrcSU=
-186,25,CHqbg1e1yRvD5N9lqj5fNEpCnUA=,UjkV7DPuYUI40DiM94HvPMNrcSU=
-183,21,CHqbg1e1yRvD5N9lqj5fNEpCnUA=,UjkV7DPuYUI40DiM94HvPMNrcSU=
-177,26,CHqbg1e1yRvD5N9lqj5fNEpCnUA=,UjkV7DPuYUI40DiM94HvPMNrcSU=
-188,25,CHqbg1e1yRvD5N9lqj5fNEpCnUA=,UjkV7DPuYUI40DiM94HvPMNrcSU=
-189,25,CHqbg1e1yRvD5N9lqj5fNEpCnUA=,UjkV7DPuYUI40DiM94HvPMNrcSU=
-190,25,CHqbg1e1yRvD5N9lqj5fNEpCnUA=,UjkV7DPuYUI40DiM94HvPMNrcSU=
-191,25,CHqbg1e1yRvD5N9lqj5fNEpCnUA=,UjkV7DPuYUI40DiM94HvPMNrcSU=
-182,16,CHqbg1e1yRvD5N9lqj5fNEpCnUA=,UjkV7DPuYUI40DiM94HvPMNrcSU=
-179,25,CHqbg1e1yRvD5N9lqj5fNEpCnUA=,UjkV7DPuYUI40DiM94HvPMNrcSU=
-177,24,CHqbg1e1yRvD5N9lqj5fNEpCnUA=,UjkV7DPuYUI40DiM94HvPMNrcSU=
-179,24,CHqbg1e1yRvD5N9lqj5fNEpCnUA=,UjkV7DPuYUI40DiM94HvPMNrcSU=
-178,24,CHqbg1e1yRvD5N9lqj5fNEpCnUA=,UjkV7DPuYUI40DiM94HvPMNrcSU=
-180,24,CHqbg1e1yRvD5N9lqj5fNEpCnUA=,UjkV7DPuYUI40DiM94HvPMNrcSU=
-178,25,CHqbg1e1yRvD5N9lqj5fNEpCnUA=,UjkV7DPuYUI40DiM94HvPMNrcSU=
-187,25,CHqbg1e1yRvD5N9lqj5fNEpCnUA=,UjkV7DPuYUI40DiM94HvPMNrcSU=
-192,25,CHqbg1e1yRvD5N9lqj5fNEpCnUA=,UjkV7DPuYUI40DiM94HvPMNrcSU=
-184,26,CHqbg1e1yRvD5N9lqj5fNEpCnUA=,UjkV7DPuYUI40DiM94HvPMNrcSU=
-183,16,CHqbg1e1yRvD5N9lqj5fNEpCnUA=,UjkV7DPuYUI40DiM94HvPMNrcSU=
-182,21,CHqbg1e1yRvD5N9lqj5fNEpCnUA=,UjkV7DPuYUI40DiM94HvPMNrcSU=
-185,24,CHqbg1e1yRvD5N9lqj5fNEpCnUA=,UjkV7DPuYUI40DiM94HvPMNrcSU=
-186,24,CHqbg1e1yRvD5N9lqj5fNEpCnUA=,UjkV7DPuYUI40DiM94HvPMNrcSU=
-187,24,CHqbg1e1yRvD5N9lqj5fNEpCnUA=,UjkV7DPuYUI40DiM94HvPMNrcSU=
-188,24,CHqbg1e1yRvD5N9lqj5fNEpCnUA=,UjkV7DPuYUI40DiM94HvPMNrcSU=
-189,24,CHqbg1e1yRvD5N9lqj5fNEpCnUA=,UjkV7DPuYUI40DiM94HvPMNrcSU=
-190,24,CHqbg1e1yRvD5N9lqj5fNEpCnUA=,UjkV7DPuYUI40DiM94HvPMNrcSU=
-191,24,CHqbg1e1yRvD5N9lqj5fNEpCnUA=,UjkV7DPuYUI40DiM94HvPMNrcSU=
-192,24,CHqbg1e1yRvD5N9lqj5fNEpCnUA=,UjkV7DPuYUI40DiM94HvPMNrcSU=
-177,23,CHqbg1e1yRvD5N9lqj5fNEpCnUA=,UjkV7DPuYUI40DiM94HvPMNrcSU=
-178,23,CHqbg1e1yRvD5N9lqj5fNEpCnUA=,UjkV7DPuYUI40DiM94HvPMNrcSU=
-179,23,CHqbg1e1yRvD5N9lqj5fNEpCnUA=,UjkV7DPuYUI40DiM94HvPMNrcSU=
-180,23,CHqbg1e1yRvD5N9lqj5fNEpCnUA=,UjkV7DPuYUI40DiM94HvPMNrcSU=
-181,21,CHqbg1e1yRvD5N9lqj5fNEpCnUA=,UjkV7DPuYUI40DiM94HvPMNrcSU=
-180,21,CHqbg1e1yRvD5N9lqj5fNEpCnUA=,UjkV7DPuYUI40DiM94HvPMNrcSU=
-184,16,CHqbg1e1yRvD5N9lqj5fNEpCnUA=,UjkV7DPuYUI40DiM94HvPMNrcSU=
-184,24,CHqbg1e1yRvD5N9lqj5fNEpCnUA=,UjkV7DPuYUI40DiM94HvPMNrcSU=
-181,23,CHqbg1e1yRvD5N9lqj5fNEpCnUA=,UjkV7DPuYUI40DiM94HvPMNrcSU=
-182,24,CHqbg1e1yRvD5N9lqj5fNEpCnUA=,UjkV7DPuYUI40DiM94HvPMNrcSU=
-186,16,CHqbg1e1yRvD5N9lqj5fNEpCnUA=,UjkV7DPuYUI40DiM94HvPMNrcSU=
-179,21,CHqbg1e1yRvD5N9lqj5fNEpCnUA=,UjkV7DPuYUI40DiM94HvPMNrcSU=
-178,21,CHqbg1e1yRvD5N9lqj5fNEpCnUA=,UjkV7DPuYUI40DiM94HvPMNrcSU=
-177,21,CHqbg1e1yRvD5N9lqj5fNEpCnUA=,UjkV7DPuYUI40DiM94HvPMNrcSU=
-192,22,CHqbg1e1yRvD5N9lqj5fNEpCnUA=,UjkV7DPuYUI40DiM94HvPMNrcSU=
-191,22,CHqbg1e1yRvD5N9lqj5fNEpCnUA=,UjkV7DPuYUI40DiM94HvPMNrcSU=
-190,22,CHqbg1e1yRvD5N9lqj5fNEpCnUA=,UjkV7DPuYUI40DiM94HvPMNrcSU=
-189,22,CHqbg1e1yRvD5N9lqj5fNEpCnUA=,UjkV7DPuYUI40DiM94HvPMNrcSU=
-188,22,CHqbg1e1yRvD5N9lqj5fNEpCnUA=,UjkV7DPuYUI40DiM94HvPMNrcSU=
-187,22,CHqbg1e1yRvD5N9lqj5fNEpCnUA=,UjkV7DPuYUI40DiM94HvPMNrcSU=
-186,22,CHqbg1e1yRvD5N9lqj5fNEpCnUA=,UjkV7DPuYUI40DiM94HvPMNrcSU=
-185,22,CHqbg1e1yRvD5N9lqj5fNEpCnUA=,UjkV7DPuYUI40DiM94HvPMNrcSU=
-184,22,CHqbg1e1yRvD5N9lqj5fNEpCnUA=,UjkV7DPuYUI40DiM94HvPMNrcSU=
-183,22,CHqbg1e1yRvD5N9lqj5fNEpCnUA=,UjkV7DPuYUI40DiM94HvPMNrcSU=
-184,23,CHqbg1e1yRvD5N9lqj5fNEpCnUA=,UjkV7DPuYUI40DiM94HvPMNrcSU=
-186,23,CHqbg1e1yRvD5N9lqj5fNEpCnUA=,UjkV7DPuYUI40DiM94HvPMNrcSU=
-187,23,CHqbg1e1yRvD5N9lqj5fNEpCnUA=,UjkV7DPuYUI40DiM94HvPMNrcSU=
-188,23,CHqbg1e1yRvD5N9lqj5fNEpCnUA=,UjkV7DPuYUI40DiM94HvPMNrcSU=
-189,23,CHqbg1e1yRvD5N9lqj5fNEpCnUA=,UjkV7DPuYUI40DiM94HvPMNrcSU=
-190,23,CHqbg1e1yRvD5N9lqj5fNEpCnUA=,UjkV7DPuYUI40DiM94HvPMNrcSU=
-191,23,CHqbg1e1yRvD5N9lqj5fNEpCnUA=,UjkV7DPuYUI40DiM94HvPMNrcSU=
-192,23,CHqbg1e1yRvD5N9lqj5fNEpCnUA=,UjkV7DPuYUI40DiM94HvPMNrcSU=
-177,22,CHqbg1e1yRvD5N9lqj5fNEpCnUA=,UjkV7DPuYUI40DiM94HvPMNrcSU=
-178,22,CHqbg1e1yRvD5N9lqj5fNEpCnUA=,UjkV7DPuYUI40DiM94HvPMNrcSU=
-179,22,CHqbg1e1yRvD5N9lqj5fNEpCnUA=,UjkV7DPuYUI40DiM94HvPMNrcSU=
-183,24,CHqbg1e1yRvD5N9lqj5fNEpCnUA=,UjkV7DPuYUI40DiM94HvPMNrcSU=
-183,23,CHqbg1e1yRvD5N9lqj5fNEpCnUA=,UjkV7DPuYUI40DiM94HvPMNrcSU=
-185,23,CHqbg1e1yRvD5N9lqj5fNEpCnUA=,UjkV7DPuYUI40DiM94HvPMNrcSU=
-180,22,CHqbg1e1yRvD5N9lqj5fNEpCnUA=,UjkV7DPuYUI40DiM94HvPMNrcSU=
-185,16,CHqbg1e1yRvD5N9lqj5fNEpCnUA=,UjkV7DPuYUI40DiM94HvPMNrcSU=
-183,25,CHqbg1e1yRvD5N9lqj5fNEpCnUA=,UjkV7DPuYUI40DiM94HvPMNrcSU=
-182,23,CHqbg1e1yRvD5N9lqj5fNEpCnUA=,UjkV7DPuYUI40DiM94HvPMNrcSU=
-182,22,CHqbg1e1yRvD5N9lqj5fNEpCnUA=,UjkV7DPuYUI40DiM94HvPMNrcSU=
-184,25,CHqbg1e1yRvD5N9lqj5fNEpCnUA=,UjkV7DPuYUI40DiM94HvPMNrcSU=
-180,25,CHqbg1e1yRvD5N9lqj5fNEpCnUA=,UjkV7DPuYUI40DiM94HvPMNrcSU=
-181,22,CHqbg1e1yRvD5N9lqj5fNEpCnUA=,UjkV7DPuYUI40DiM94HvPMNrcSU=
-181,24,CHqbg1e1yRvD5N9lqj5fNEpCnUA=,UjkV7DPuYUI40DiM94HvPMNrcSU=
-181,25,CHqbg1e1yRvD5N9lqj5fNEpCnUA=,UjkV7DPuYUI40DiM94HvPMNrcSU=
-174,17,CHqbg1e1yRvD5N9lqj5fNEpCnUA=,UjkV7DPuYUI40DiM94HvPMNrcSU=
-175,16,CHqbg1e1yRvD5N9lqj5fNEpCnUA=,UjkV7DPuYUI40DiM94HvPMNrcSU=
-173,17,CHqbg1e1yRvD5N9lqj5fNEpCnUA=,UjkV7DPuYUI40DiM94HvPMNrcSU=
-175,17,CHqbg1e1yRvD5N9lqj5fNEpCnUA=,UjkV7DPuYUI40DiM94HvPMNrcSU=
-172,17,CHqbg1e1yRvD5N9lqj5fNEpCnUA=,UjkV7DPuYUI40DiM94HvPMNrcSU=
-161,31,CHqbg1e1yRvD5N9lqj5fNEpCnUA=,UjkV7DPuYUI40DiM94HvPMNrcSU=
-171,17,CHqbg1e1yRvD5N9lqj5fNEpCnUA=,UjkV7DPuYUI40DiM94HvPMNrcSU=
-162,31,CHqbg1e1yRvD5N9lqj5fNEpCnUA=,UjkV7DPuYUI40DiM94HvPMNrcSU=
-169,17,CHqbg1e1yRvD5N9lqj5fNEpCnUA=,UjkV7DPuYUI40DiM94HvPMNrcSU=
-170,17,CHqbg1e1yRvD5N9lqj5fNEpCnUA=,UjkV7DPuYUI40DiM94HvPMNrcSU=
-168,17,CHqbg1e1yRvD5N9lqj5fNEpCnUA=,UjkV7DPuYUI40DiM94HvPMNrcSU=
-164,31,CHqbg1e1yRvD5N9lqj5fNEpCnUA=,UjkV7DPuYUI40DiM94HvPMNrcSU=
-163,31,CHqbg1e1yRvD5N9lqj5fNEpCnUA=,UjkV7DPuYUI40DiM94HvPMNrcSU=
-165,31,CHqbg1e1yRvD5N9lqj5fNEpCnUA=,UjkV7DPuYUI40DiM94HvPMNrcSU=
-167,17,CHqbg1e1yRvD5N9lqj5fNEpCnUA=,UjkV7DPuYUI40DiM94HvPMNrcSU=
-166,31,CHqbg1e1yRvD5N9lqj5fNEpCnUA=,UjkV7DPuYUI40DiM94HvPMNrcSU=
-166,17,CHqbg1e1yRvD5N9lqj5fNEpCnUA=,UjkV7DPuYUI40DiM94HvPMNrcSU=
-167,31,CHqbg1e1yRvD5N9lqj5fNEpCnUA=,UjkV7DPuYUI40DiM94HvPMNrcSU=
-168,31,CHqbg1e1yRvD5N9lqj5fNEpCnUA=,UjkV7DPuYUI40DiM94HvPMNrcSU=
-165,17,CHqbg1e1yRvD5N9lqj5fNEpCnUA=,UjkV7DPuYUI40DiM94HvPMNrcSU=
-170,31,CHqbg1e1yRvD5N9lqj5fNEpCnUA=,UjkV7DPuYUI40DiM94HvPMNrcSU=
-169,31,CHqbg1e1yRvD5N9lqj5fNEpCnUA=,UjkV7DPuYUI40DiM94HvPMNrcSU=
-172,31,CHqbg1e1yRvD5N9lqj5fNEpCnUA=,UjkV7DPuYUI40DiM94HvPMNrcSU=
-164,17,CHqbg1e1yRvD5N9lqj5fNEpCnUA=,UjkV7DPuYUI40DiM94HvPMNrcSU=
-173,31,CHqbg1e1yRvD5N9lqj5fNEpCnUA=,UjkV7DPuYUI40DiM94HvPMNrcSU=
-163,17,CHqbg1e1yRvD5N9lqj5fNEpCnUA=,UjkV7DPuYUI40DiM94HvPMNrcSU=
-175,31,CHqbg1e1yRvD5N9lqj5fNEpCnUA=,UjkV7DPuYUI40DiM94HvPMNrcSU=
-174,31,CHqbg1e1yRvD5N9lqj5fNEpCnUA=,UjkV7DPuYUI40DiM94HvPMNrcSU=
-162,17,CHqbg1e1yRvD5N9lqj5fNEpCnUA=,UjkV7DPuYUI40DiM94HvPMNrcSU=
-176,16,CHqbg1e1yRvD5N9lqj5fNEpCnUA=,UjkV7DPuYUI40DiM94HvPMNrcSU=
-176,31,CHqbg1e1yRvD5N9lqj5fNEpCnUA=,UjkV7DPuYUI40DiM94HvPMNrcSU=
-176,17,CHqbg1e1yRvD5N9lqj5fNEpCnUA=,UjkV7DPuYUI40DiM94HvPMNrcSU=
-161,30,CHqbg1e1yRvD5N9lqj5fNEpCnUA=,UjkV7DPuYUI40DiM94HvPMNrcSU=
-162,30,CHqbg1e1yRvD5N9lqj5fNEpCnUA=,UjkV7DPuYUI40DiM94HvPMNrcSU=
-161,17,CHqbg1e1yRvD5N9lqj5fNEpCnUA=,UjkV7DPuYUI40DiM94HvPMNrcSU=
-174,16,CHqbg1e1yRvD5N9lqj5fNEpCnUA=,UjkV7DPuYUI40DiM94HvPMNrcSU=
-171,31,CHqbg1e1yRvD5N9lqj5fNEpCnUA=,UjkV7DPuYUI40DiM94HvPMNrcSU=
-164,30,CHqbg1e1yRvD5N9lqj5fNEpCnUA=,UjkV7DPuYUI40DiM94HvPMNrcSU=
-163,30,CHqbg1e1yRvD5N9lqj5fNEpCnUA=,UjkV7DPuYUI40DiM94HvPMNrcSU=
-176,18,CHqbg1e1yRvD5N9lqj5fNEpCnUA=,UjkV7DPuYUI40DiM94HvPMNrcSU=
-167,30,CHqbg1e1yRvD5N9lqj5fNEpCnUA=,UjkV7DPuYUI40DiM94HvPMNrcSU=
-165,30,CHqbg1e1yRvD5N9lqj5fNEpCnUA=,UjkV7DPuYUI40DiM94HvPMNrcSU=
-166,30,CHqbg1e1yRvD5N9lqj5fNEpCnUA=,UjkV7DPuYUI40DiM94HvPMNrcSU=
-175,18,CHqbg1e1yRvD5N9lqj5fNEpCnUA=,UjkV7DPuYUI40DiM94HvPMNrcSU=
-170,30,CHqbg1e1yRvD5N9lqj5fNEpCnUA=,UjkV7DPuYUI40DiM94HvPMNrcSU=
-171,30,CHqbg1e1yRvD5N9lqj5fNEpCnUA=,UjkV7DPuYUI40DiM94HvPMNrcSU=
-168,30,CHqbg1e1yRvD5N9lqj5fNEpCnUA=,UjkV7DPuYUI40DiM94HvPMNrcSU=
-174,18,CHqbg1e1yRvD5N9lqj5fNEpCnUA=,UjkV7DPuYUI40DiM94HvPMNrcSU=
-172,30,CHqbg1e1yRvD5N9lqj5fNEpCnUA=,UjkV7DPuYUI40DiM94HvPMNrcSU=
-161,16,CHqbg1e1yRvD5N9lqj5fNEpCnUA=,UjkV7DPuYUI40DiM94HvPMNrcSU=
-173,30,CHqbg1e1yRvD5N9lqj5fNEpCnUA=,UjkV7DPuYUI40DiM94HvPMNrcSU=
-173,18,CHqbg1e1yRvD5N9lqj5fNEpCnUA=,UjkV7DPuYUI40DiM94HvPMNrcSU=
-174,30,CHqbg1e1yRvD5N9lqj5fNEpCnUA=,UjkV7DPuYUI40DiM94HvPMNrcSU=
-172,18,CHqbg1e1yRvD5N9lqj5fNEpCnUA=,UjkV7DPuYUI40DiM94HvPMNrcSU=
-175,30,CHqbg1e1yRvD5N9lqj5fNEpCnUA=,UjkV7DPuYUI40DiM94HvPMNrcSU=
-162,16,CHqbg1e1yRvD5N9lqj5fNEpCnUA=,UjkV7DPuYUI40DiM94HvPMNrcSU=
-176,30,CHqbg1e1yRvD5N9lqj5fNEpCnUA=,UjkV7DPuYUI40DiM94HvPMNrcSU=
-169,30,CHqbg1e1yRvD5N9lqj5fNEpCnUA=,UjkV7DPuYUI40DiM94HvPMNrcSU=
-171,18,CHqbg1e1yRvD5N9lqj5fNEpCnUA=,UjkV7DPuYUI40DiM94HvPMNrcSU=
-161,29,CHqbg1e1yRvD5N9lqj5fNEpCnUA=,UjkV7DPuYUI40DiM94HvPMNrcSU=
-162,29,CHqbg1e1yRvD5N9lqj5fNEpCnUA=,UjkV7DPuYUI40DiM94HvPMNrcSU=
-163,29,CHqbg1e1yRvD5N9lqj5fNEpCnUA=,UjkV7DPuYUI40DiM94HvPMNrcSU=
-164,29,CHqbg1e1yRvD5N9lqj5fNEpCnUA=,UjkV7DPuYUI40DiM94HvPMNrcSU=
-170,18,CHqbg1e1yRvD5N9lqj5fNEpCnUA=,UjkV7DPuYUI40DiM94HvPMNrcSU=
-165,29,CHqbg1e1yRvD5N9lqj5fNEpCnUA=,UjkV7DPuYUI40DiM94HvPMNrcSU=
-166,29,CHqbg1e1yRvD5N9lqj5fNEpCnUA=,UjkV7DPuYUI40DiM94HvPMNrcSU=
-169,18,CHqbg1e1yRvD5N9lqj5fNEpCnUA=,UjkV7DPuYUI40DiM94HvPMNrcSU=
-168,29,CHqbg1e1yRvD5N9lqj5fNEpCnUA=,UjkV7DPuYUI40DiM94HvPMNrcSU=
-167,29,CHqbg1e1yRvD5N9lqj5fNEpCnUA=,UjkV7DPuYUI40DiM94HvPMNrcSU=
-170,29,CHqbg1e1yRvD5N9lqj5fNEpCnUA=,UjkV7DPuYUI40DiM94HvPMNrcSU=
-168,18,CHqbg1e1yRvD5N9lqj5fNEpCnUA=,UjkV7DPuYUI40DiM94HvPMNrcSU=
-171,29,CHqbg1e1yRvD5N9lqj5fNEpCnUA=,UjkV7DPuYUI40DiM94HvPMNrcSU=
-173,29,CHqbg1e1yRvD5N9lqj5fNEpCnUA=,UjkV7DPuYUI40DiM94HvPMNrcSU=
-172,29,CHqbg1e1yRvD5N9lqj5fNEpCnUA=,UjkV7DPuYUI40DiM94HvPMNrcSU=
-167,18,CHqbg1e1yRvD5N9lqj5fNEpCnUA=,UjkV7DPuYUI40DiM94HvPMNrcSU=
-174,29,CHqbg1e1yRvD5N9lqj5fNEpCnUA=,UjkV7DPuYUI40DiM94HvPMNrcSU=
-176,29,CHqbg1e1yRvD5N9lqj5fNEpCnUA=,UjkV7DPuYUI40DiM94HvPMNrcSU=
-163,16,CHqbg1e1yRvD5N9lqj5fNEpCnUA=,UjkV7DPuYUI40DiM94HvPMNrcSU=
-175,29,CHqbg1e1yRvD5N9lqj5fNEpCnUA=,UjkV7DPuYUI40DiM94HvPMNrcSU=
-169,29,CHqbg1e1yRvD5N9lqj5fNEpCnUA=,UjkV7DPuYUI40DiM94HvPMNrcSU=
-166,18,CHqbg1e1yRvD5N9lqj5fNEpCnUA=,UjkV7DPuYUI40DiM94HvPMNrcSU=
-161,28,CHqbg1e1yRvD5N9lqj5fNEpCnUA=,UjkV7DPuYUI40DiM94HvPMNrcSU=
-162,28,CHqbg1e1yRvD5N9lqj5fNEpCnUA=,UjkV7DPuYUI40DiM94HvPMNrcSU=
-163,28,CHqbg1e1yRvD5N9lqj5fNEpCnUA=,UjkV7DPuYUI40DiM94HvPMNrcSU=
-165,18,CHqbg1e1yRvD5N9lqj5fNEpCnUA=,UjkV7DPuYUI40DiM94HvPMNrcSU=
-165,28,CHqbg1e1yRvD5N9lqj5fNEpCnUA=,UjkV7DPuYUI40DiM94HvPMNrcSU=
-166,28,CHqbg1e1yRvD5N9lqj5fNEpCnUA=,UjkV7DPuYUI40DiM94HvPMNrcSU=
-167,28,CHqbg1e1yRvD5N9lqj5fNEpCnUA=,UjkV7DPuYUI40DiM94HvPMNrcSU=
-169,28,CHqbg1e1yRvD5N9lqj5fNEpCnUA=,UjkV7DPuYUI40DiM94HvPMNrcSU=
-164,28,CHqbg1e1yRvD5N9lqj5fNEpCnUA=,UjkV7DPuYUI40DiM94HvPMNrcSU=
-168,28,CHqbg1e1yRvD5N9lqj5fNEpCnUA=,UjkV7DPuYUI40DiM94HvPMNrcSU=
-171,28,CHqbg1e1yRvD5N9lqj5fNEpCnUA=,UjkV7DPuYUI40DiM94HvPMNrcSU=
-174,28,CHqbg1e1yRvD5N9lqj5fNEpCnUA=,UjkV7DPuYUI40DiM94HvPMNrcSU=
-164,18,CHqbg1e1yRvD5N9lqj5fNEpCnUA=,UjkV7DPuYUI40DiM94HvPMNrcSU=
-175,28,CHqbg1e1yRvD5N9lqj5fNEpCnUA=,UjkV7DPuYUI40DiM94HvPMNrcSU=
-163,18,CHqbg1e1yRvD5N9lqj5fNEpCnUA=,UjkV7DPuYUI40DiM94HvPMNrcSU=
-172,28,CHqbg1e1yRvD5N9lqj5fNEpCnUA=,UjkV7DPuYUI40DiM94HvPMNrcSU=
-173,28,CHqbg1e1yRvD5N9lqj5fNEpCnUA=,UjkV7DPuYUI40DiM94HvPMNrcSU=
-164,16,CHqbg1e1yRvD5N9lqj5fNEpCnUA=,UjkV7DPuYUI40DiM94HvPMNrcSU=
-170,28,CHqbg1e1yRvD5N9lqj5fNEpCnUA=,UjkV7DPuYUI40DiM94HvPMNrcSU=
-162,18,CHqbg1e1yRvD5N9lqj5fNEpCnUA=,UjkV7DPuYUI40DiM94HvPMNrcSU=
-161,27,CHqbg1e1yRvD5N9lqj5fNEpCnUA=,UjkV7DPuYUI40DiM94HvPMNrcSU=
-163,27,CHqbg1e1yRvD5N9lqj5fNEpCnUA=,UjkV7DPuYUI40DiM94HvPMNrcSU=
-164,27,CHqbg1e1yRvD5N9lqj5fNEpCnUA=,UjkV7DPuYUI40DiM94HvPMNrcSU=
-165,27,CHqbg1e1yRvD5N9lqj5fNEpCnUA=,UjkV7DPuYUI40DiM94HvPMNrcSU=
-161,18,CHqbg1e1yRvD5N9lqj5fNEpCnUA=,UjkV7DPuYUI40DiM94HvPMNrcSU=
-167,27,CHqbg1e1yRvD5N9lqj5fNEpCnUA=,UjkV7DPuYUI40DiM94HvPMNrcSU=
-170,27,CHqbg1e1yRvD5N9lqj5fNEpCnUA=,UjkV7DPuYUI40DiM94HvPMNrcSU=
-169,27,CHqbg1e1yRvD5N9lqj5fNEpCnUA=,UjkV7DPuYUI40DiM94HvPMNrcSU=
-162,27,CHqbg1e1yRvD5N9lqj5fNEpCnUA=,UjkV7DPuYUI40DiM94HvPMNrcSU=
-166,27,CHqbg1e1yRvD5N9lqj5fNEpCnUA=,UjkV7DPuYUI40DiM94HvPMNrcSU=
-168,27,CHqbg1e1yRvD5N9lqj5fNEpCnUA=,UjkV7DPuYUI40DiM94HvPMNrcSU=
-176,19,CHqbg1e1yRvD5N9lqj5fNEpCnUA=,UjkV7DPuYUI40DiM94HvPMNrcSU=
-172,27,CHqbg1e1yRvD5N9lqj5fNEpCnUA=,UjkV7DPuYUI40DiM94HvPMNrcSU=
-171,27,CHqbg1e1yRvD5N9lqj5fNEpCnUA=,UjkV7DPuYUI40DiM94HvPMNrcSU=
-173,27,CHqbg1e1yRvD5N9lqj5fNEpCnUA=,UjkV7DPuYUI40DiM94HvPMNrcSU=
-174,27,CHqbg1e1yRvD5N9lqj5fNEpCnUA=,UjkV7DPuYUI40DiM94HvPMNrcSU=
-175,27,CHqbg1e1yRvD5N9lqj5fNEpCnUA=,UjkV7DPuYUI40DiM94HvPMNrcSU=
-173,16,CHqbg1e1yRvD5N9lqj5fNEpCnUA=,UjkV7DPuYUI40DiM94HvPMNrcSU=
-165,16,CHqbg1e1yRvD5N9lqj5fNEpCnUA=,UjkV7DPuYUI40DiM94HvPMNrcSU=
-161,26,CHqbg1e1yRvD5N9lqj5fNEpCnUA=,UjkV7DPuYUI40DiM94HvPMNrcSU=
-162,26,CHqbg1e1yRvD5N9lqj5fNEpCnUA=,UjkV7DPuYUI40DiM94HvPMNrcSU=
-163,26,CHqbg1e1yRvD5N9lqj5fNEpCnUA=,UjkV7DPuYUI40DiM94HvPMNrcSU=
-165,26,CHqbg1e1yRvD5N9lqj5fNEpCnUA=,UjkV7DPuYUI40DiM94HvPMNrcSU=
-175,19,CHqbg1e1yRvD5N9lqj5fNEpCnUA=,UjkV7DPuYUI40DiM94HvPMNrcSU=
-164,26,CHqbg1e1yRvD5N9lqj5fNEpCnUA=,UjkV7DPuYUI40DiM94HvPMNrcSU=
-166,26,CHqbg1e1yRvD5N9lqj5fNEpCnUA=,UjkV7DPuYUI40DiM94HvPMNrcSU=
-167,26,CHqbg1e1yRvD5N9lqj5fNEpCnUA=,UjkV7DPuYUI40DiM94HvPMNrcSU=
-168,26,CHqbg1e1yRvD5N9lqj5fNEpCnUA=,UjkV7DPuYUI40DiM94HvPMNrcSU=
-169,26,CHqbg1e1yRvD5N9lqj5fNEpCnUA=,UjkV7DPuYUI40DiM94HvPMNrcSU=
-170,26,CHqbg1e1yRvD5N9lqj5fNEpCnUA=,UjkV7DPuYUI40DiM94HvPMNrcSU=
-172,26,CHqbg1e1yRvD5N9lqj5fNEpCnUA=,UjkV7DPuYUI40DiM94HvPMNrcSU=
-174,19,CHqbg1e1yRvD5N9lqj5fNEpCnUA=,UjkV7DPuYUI40DiM94HvPMNrcSU=
-171,26,CHqbg1e1yRvD5N9lqj5fNEpCnUA=,UjkV7DPuYUI40DiM94HvPMNrcSU=
-173,26,CHqbg1e1yRvD5N9lqj5fNEpCnUA=,UjkV7DPuYUI40DiM94HvPMNrcSU=
-174,26,CHqbg1e1yRvD5N9lqj5fNEpCnUA=,UjkV7DPuYUI40DiM94HvPMNrcSU=
-175,26,CHqbg1e1yRvD5N9lqj5fNEpCnUA=,UjkV7DPuYUI40DiM94HvPMNrcSU=
-166,16,CHqbg1e1yRvD5N9lqj5fNEpCnUA=,UjkV7DPuYUI40DiM94HvPMNrcSU=
-161,25,CHqbg1e1yRvD5N9lqj5fNEpCnUA=,UjkV7DPuYUI40DiM94HvPMNrcSU=
-173,19,CHqbg1e1yRvD5N9lqj5fNEpCnUA=,UjkV7DPuYUI40DiM94HvPMNrcSU=
-162,25,CHqbg1e1yRvD5N9lqj5fNEpCnUA=,UjkV7DPuYUI40DiM94HvPMNrcSU=
-163,25,CHqbg1e1yRvD5N9lqj5fNEpCnUA=,UjkV7DPuYUI40DiM94HvPMNrcSU=
-164,25,CHqbg1e1yRvD5N9lqj5fNEpCnUA=,UjkV7DPuYUI40DiM94HvPMNrcSU=
-165,25,CHqbg1e1yRvD5N9lqj5fNEpCnUA=,UjkV7DPuYUI40DiM94HvPMNrcSU=
-166,25,CHqbg1e1yRvD5N9lqj5fNEpCnUA=,UjkV7DPuYUI40DiM94HvPMNrcSU=
-167,25,CHqbg1e1yRvD5N9lqj5fNEpCnUA=,UjkV7DPuYUI40DiM94HvPMNrcSU=
-168,25,CHqbg1e1yRvD5N9lqj5fNEpCnUA=,UjkV7DPuYUI40DiM94HvPMNrcSU=
-172,19,CHqbg1e1yRvD5N9lqj5fNEpCnUA=,UjkV7DPuYUI40DiM94HvPMNrcSU=
-169,25,CHqbg1e1yRvD5N9lqj5fNEpCnUA=,UjkV7DPuYUI40DiM94HvPMNrcSU=
-171,25,CHqbg1e1yRvD5N9lqj5fNEpCnUA=,UjkV7DPuYUI40DiM94HvPMNrcSU=
-170,25,CHqbg1e1yRvD5N9lqj5fNEpCnUA=,UjkV7DPuYUI40DiM94HvPMNrcSU=
-172,25,CHqbg1e1yRvD5N9lqj5fNEpCnUA=,UjkV7DPuYUI40DiM94HvPMNrcSU=
-171,19,CHqbg1e1yRvD5N9lqj5fNEpCnUA=,UjkV7DPuYUI40DiM94HvPMNrcSU=
-173,25,CHqbg1e1yRvD5N9lqj5fNEpCnUA=,UjkV7DPuYUI40DiM94HvPMNrcSU=
-174,25,CHqbg1e1yRvD5N9lqj5fNEpCnUA=,UjkV7DPuYUI40DiM94HvPMNrcSU=
-175,25,CHqbg1e1yRvD5N9lqj5fNEpCnUA=,UjkV7DPuYUI40DiM94HvPMNrcSU=
-167,16,CHqbg1e1yRvD5N9lqj5fNEpCnUA=,UjkV7DPuYUI40DiM94HvPMNrcSU=
-176,25,CHqbg1e1yRvD5N9lqj5fNEpCnUA=,UjkV7DPuYUI40DiM94HvPMNrcSU=
-170,19,CHqbg1e1yRvD5N9lqj5fNEpCnUA=,UjkV7DPuYUI40DiM94HvPMNrcSU=
-163,24,CHqbg1e1yRvD5N9lqj5fNEpCnUA=,UjkV7DPuYUI40DiM94HvPMNrcSU=
-162,24,CHqbg1e1yRvD5N9lqj5fNEpCnUA=,UjkV7DPuYUI40DiM94HvPMNrcSU=
-161,24,CHqbg1e1yRvD5N9lqj5fNEpCnUA=,UjkV7DPuYUI40DiM94HvPMNrcSU=
-164,24,CHqbg1e1yRvD5N9lqj5fNEpCnUA=,UjkV7DPuYUI40DiM94HvPMNrcSU=
-165,24,CHqbg1e1yRvD5N9lqj5fNEpCnUA=,UjkV7DPuYUI40DiM94HvPMNrcSU=
-169,19,CHqbg1e1yRvD5N9lqj5fNEpCnUA=,UjkV7DPuYUI40DiM94HvPMNrcSU=
-167,24,CHqbg1e1yRvD5N9lqj5fNEpCnUA=,UjkV7DPuYUI40DiM94HvPMNrcSU=
-166,24,CHqbg1e1yRvD5N9lqj5fNEpCnUA=,UjkV7DPuYUI40DiM94HvPMNrcSU=
-169,24,CHqbg1e1yRvD5N9lqj5fNEpCnUA=,UjkV7DPuYUI40DiM94HvPMNrcSU=
-168,24,CHqbg1e1yRvD5N9lqj5fNEpCnUA=,UjkV7DPuYUI40DiM94HvPMNrcSU=
-170,24,CHqbg1e1yRvD5N9lqj5fNEpCnUA=,UjkV7DPuYUI40DiM94HvPMNrcSU=
-168,19,CHqbg1e1yRvD5N9lqj5fNEpCnUA=,UjkV7DPuYUI40DiM94HvPMNrcSU=
-171,24,CHqbg1e1yRvD5N9lqj5fNEpCnUA=,UjkV7DPuYUI40DiM94HvPMNrcSU=
-172,24,CHqbg1e1yRvD5N9lqj5fNEpCnUA=,UjkV7DPuYUI40DiM94HvPMNrcSU=
-174,24,CHqbg1e1yRvD5N9lqj5fNEpCnUA=,UjkV7DPuYUI40DiM94HvPMNrcSU=
-173,24,CHqbg1e1yRvD5N9lqj5fNEpCnUA=,UjkV7DPuYUI40DiM94HvPMNrcSU=
-175,24,CHqbg1e1yRvD5N9lqj5fNEpCnUA=,UjkV7DPuYUI40DiM94HvPMNrcSU=
-168,16,CHqbg1e1yRvD5N9lqj5fNEpCnUA=,UjkV7DPuYUI40DiM94HvPMNrcSU=
-167,19,CHqbg1e1yRvD5N9lqj5fNEpCnUA=,UjkV7DPuYUI40DiM94HvPMNrcSU=
-176,24,CHqbg1e1yRvD5N9lqj5fNEpCnUA=,UjkV7DPuYUI40DiM94HvPMNrcSU=
-161,23,CHqbg1e1yRvD5N9lqj5fNEpCnUA=,UjkV7DPuYUI40DiM94HvPMNrcSU=
-162,23,CHqbg1e1yRvD5N9lqj5fNEpCnUA=,UjkV7DPuYUI40DiM94HvPMNrcSU=
-164,23,CHqbg1e1yRvD5N9lqj5fNEpCnUA=,UjkV7DPuYUI40DiM94HvPMNrcSU=
-163,23,CHqbg1e1yRvD5N9lqj5fNEpCnUA=,UjkV7DPuYUI40DiM94HvPMNrcSU=
-165,23,CHqbg1e1yRvD5N9lqj5fNEpCnUA=,UjkV7DPuYUI40DiM94HvPMNrcSU=
-166,23,CHqbg1e1yRvD5N9lqj5fNEpCnUA=,UjkV7DPuYUI40DiM94HvPMNrcSU=
-166,19,CHqbg1e1yRvD5N9lqj5fNEpCnUA=,UjkV7DPuYUI40DiM94HvPMNrcSU=
-167,23,CHqbg1e1yRvD5N9lqj5fNEpCnUA=,UjkV7DPuYUI40DiM94HvPMNrcSU=
-168,23,CHqbg1e1yRvD5N9lqj5fNEpCnUA=,UjkV7DPuYUI40DiM94HvPMNrcSU=
-170,23,CHqbg1e1yRvD5N9lqj5fNEpCnUA=,UjkV7DPuYUI40DiM94HvPMNrcSU=
-169,23,CHqbg1e1yRvD5N9lqj5fNEpCnUA=,UjkV7DPuYUI40DiM94HvPMNrcSU=
-171,23,CHqbg1e1yRvD5N9lqj5fNEpCnUA=,UjkV7DPuYUI40DiM94HvPMNrcSU=
-172,23,CHqbg1e1yRvD5N9lqj5fNEpCnUA=,UjkV7DPuYUI40DiM94HvPMNrcSU=
-173,23,CHqbg1e1yRvD5N9lqj5fNEpCnUA=,UjkV7DPuYUI40DiM94HvPMNrcSU=
-165,19,CHqbg1e1yRvD5N9lqj5fNEpCnUA=,UjkV7DPuYUI40DiM94HvPMNrcSU=
-169,16,CHqbg1e1yRvD5N9lqj5fNEpCnUA=,UjkV7DPuYUI40DiM94HvPMNrcSU=
-174,23,CHqbg1e1yRvD5N9lqj5fNEpCnUA=,UjkV7DPuYUI40DiM94HvPMNrcSU=
-176,23,CHqbg1e1yRvD5N9lqj5fNEpCnUA=,UjkV7DPuYUI40DiM94HvPMNrcSU=
-175,23,CHqbg1e1yRvD5N9lqj5fNEpCnUA=,UjkV7DPuYUI40DiM94HvPMNrcSU=
-161,22,CHqbg1e1yRvD5N9lqj5fNEpCnUA=,UjkV7DPuYUI40DiM94HvPMNrcSU=
-164,19,CHqbg1e1yRvD5N9lqj5fNEpCnUA=,UjkV7DPuYUI40DiM94HvPMNrcSU=
-162,22,CHqbg1e1yRvD5N9lqj5fNEpCnUA=,UjkV7DPuYUI40DiM94HvPMNrcSU=
-164,22,CHqbg1e1yRvD5N9lqj5fNEpCnUA=,UjkV7DPuYUI40DiM94HvPMNrcSU=
-163,22,CHqbg1e1yRvD5N9lqj5fNEpCnUA=,UjkV7DPuYUI40DiM94HvPMNrcSU=
-165,22,CHqbg1e1yRvD5N9lqj5fNEpCnUA=,UjkV7DPuYUI40DiM94HvPMNrcSU=
-166,22,CHqbg1e1yRvD5N9lqj5fNEpCnUA=,UjkV7DPuYUI40DiM94HvPMNrcSU=
-163,19,CHqbg1e1yRvD5N9lqj5fNEpCnUA=,UjkV7DPuYUI40DiM94HvPMNrcSU=
-167,22,CHqbg1e1yRvD5N9lqj5fNEpCnUA=,UjkV7DPuYUI40DiM94HvPMNrcSU=
-168,22,CHqbg1e1yRvD5N9lqj5fNEpCnUA=,UjkV7DPuYUI40DiM94HvPMNrcSU=
-169,22,CHqbg1e1yRvD5N9lqj5fNEpCnUA=,UjkV7DPuYUI40DiM94HvPMNrcSU=
-170,22,CHqbg1e1yRvD5N9lqj5fNEpCnUA=,UjkV7DPuYUI40DiM94HvPMNrcSU=
-171,22,CHqbg1e1yRvD5N9lqj5fNEpCnUA=,UjkV7DPuYUI40DiM94HvPMNrcSU=
-162,19,CHqbg1e1yRvD5N9lqj5fNEpCnUA=,UjkV7DPuYUI40DiM94HvPMNrcSU=
-172,22,CHqbg1e1yRvD5N9lqj5fNEpCnUA=,UjkV7DPuYUI40DiM94HvPMNrcSU=
-173,22,CHqbg1e1yRvD5N9lqj5fNEpCnUA=,UjkV7DPuYUI40DiM94HvPMNrcSU=
-174,22,CHqbg1e1yRvD5N9lqj5fNEpCnUA=,UjkV7DPuYUI40DiM94HvPMNrcSU=
-175,22,CHqbg1e1yRvD5N9lqj5fNEpCnUA=,UjkV7DPuYUI40DiM94HvPMNrcSU=
-170,16,CHqbg1e1yRvD5N9lqj5fNEpCnUA=,UjkV7DPuYUI40DiM94HvPMNrcSU=
-176,22,CHqbg1e1yRvD5N9lqj5fNEpCnUA=,UjkV7DPuYUI40DiM94HvPMNrcSU=
-161,19,CHqbg1e1yRvD5N9lqj5fNEpCnUA=,UjkV7DPuYUI40DiM94HvPMNrcSU=
-161,21,CHqbg1e1yRvD5N9lqj5fNEpCnUA=,UjkV7DPuYUI40DiM94HvPMNrcSU=
-162,21,CHqbg1e1yRvD5N9lqj5fNEpCnUA=,UjkV7DPuYUI40DiM94HvPMNrcSU=
-163,21,CHqbg1e1yRvD5N9lqj5fNEpCnUA=,UjkV7DPuYUI40DiM94HvPMNrcSU=
-164,21,CHqbg1e1yRvD5N9lqj5fNEpCnUA=,UjkV7DPuYUI40DiM94HvPMNrcSU=
-165,21,CHqbg1e1yRvD5N9lqj5fNEpCnUA=,UjkV7DPuYUI40DiM94HvPMNrcSU=
-176,20,CHqbg1e1yRvD5N9lqj5fNEpCnUA=,UjkV7DPuYUI40DiM94HvPMNrcSU=
-166,21,CHqbg1e1yRvD5N9lqj5fNEpCnUA=,UjkV7DPuYUI40DiM94HvPMNrcSU=
-167,21,CHqbg1e1yRvD5N9lqj5fNEpCnUA=,UjkV7DPuYUI40DiM94HvPMNrcSU=
-170,21,CHqbg1e1yRvD5N9lqj5fNEpCnUA=,UjkV7DPuYUI40DiM94HvPMNrcSU=
-168,21,CHqbg1e1yRvD5N9lqj5fNEpCnUA=,UjkV7DPuYUI40DiM94HvPMNrcSU=
-169,21,CHqbg1e1yRvD5N9lqj5fNEpCnUA=,UjkV7DPuYUI40DiM94HvPMNrcSU=
-172,21,CHqbg1e1yRvD5N9lqj5fNEpCnUA=,UjkV7DPuYUI40DiM94HvPMNrcSU=
-171,21,CHqbg1e1yRvD5N9lqj5fNEpCnUA=,UjkV7DPuYUI40DiM94HvPMNrcSU=
-172,16,CHqbg1e1yRvD5N9lqj5fNEpCnUA=,UjkV7DPuYUI40DiM94HvPMNrcSU=
-173,21,CHqbg1e1yRvD5N9lqj5fNEpCnUA=,UjkV7DPuYUI40DiM94HvPMNrcSU=
-174,21,CHqbg1e1yRvD5N9lqj5fNEpCnUA=,UjkV7DPuYUI40DiM94HvPMNrcSU=
-171,16,CHqbg1e1yRvD5N9lqj5fNEpCnUA=,UjkV7DPuYUI40DiM94HvPMNrcSU=
-175,21,CHqbg1e1yRvD5N9lqj5fNEpCnUA=,UjkV7DPuYUI40DiM94HvPMNrcSU=
-176,21,CHqbg1e1yRvD5N9lqj5fNEpCnUA=,UjkV7DPuYUI40DiM94HvPMNrcSU=
-175,20,CHqbg1e1yRvD5N9lqj5fNEpCnUA=,UjkV7DPuYUI40DiM94HvPMNrcSU=
-161,20,CHqbg1e1yRvD5N9lqj5fNEpCnUA=,UjkV7DPuYUI40DiM94HvPMNrcSU=
-162,20,CHqbg1e1yRvD5N9lqj5fNEpCnUA=,UjkV7DPuYUI40DiM94HvPMNrcSU=
-164,20,CHqbg1e1yRvD5N9lqj5fNEpCnUA=,UjkV7DPuYUI40DiM94HvPMNrcSU=
-165,20,CHqbg1e1yRvD5N9lqj5fNEpCnUA=,UjkV7DPuYUI40DiM94HvPMNrcSU=
-163,20,CHqbg1e1yRvD5N9lqj5fNEpCnUA=,UjkV7DPuYUI40DiM94HvPMNrcSU=
-166,20,CHqbg1e1yRvD5N9lqj5fNEpCnUA=,UjkV7DPuYUI40DiM94HvPMNrcSU=
-167,20,CHqbg1e1yRvD5N9lqj5fNEpCnUA=,UjkV7DPuYUI40DiM94HvPMNrcSU=
-174,20,CHqbg1e1yRvD5N9lqj5fNEpCnUA=,UjkV7DPuYUI40DiM94HvPMNrcSU=
-168,20,CHqbg1e1yRvD5N9lqj5fNEpCnUA=,UjkV7DPuYUI40DiM94HvPMNrcSU=
-169,20,CHqbg1e1yRvD5N9lqj5fNEpCnUA=,UjkV7DPuYUI40DiM94HvPMNrcSU=
-171,20,CHqbg1e1yRvD5N9lqj5fNEpCnUA=,UjkV7DPuYUI40DiM94HvPMNrcSU=
-170,20,CHqbg1e1yRvD5N9lqj5fNEpCnUA=,UjkV7DPuYUI40DiM94HvPMNrcSU=
-172,20,CHqbg1e1yRvD5N9lqj5fNEpCnUA=,UjkV7DPuYUI40DiM94HvPMNrcSU=
-173,20,CHqbg1e1yRvD5N9lqj5fNEpCnUA=,UjkV7DPuYUI40DiM94HvPMNrcSU=
-176,28,CHqbg1e1yRvD5N9lqj5fNEpCnUA=,UjkV7DPuYUI40DiM94HvPMNrcSU=
-176,26,CHqbg1e1yRvD5N9lqj5fNEpCnUA=,UjkV7DPuYUI40DiM94HvPMNrcSU=
-176,27,CHqbg1e1yRvD5N9lqj5fNEpCnUA=,UjkV7DPuYUI40DiM94HvPMNrcSU=
