52,-71,1kaQ8/Stx/nmLswtNGZYuofDHB4=,gjLa2ZhvQegXNgZyZ+RkP9Bua4g=
51,-71,1kaQ8/Stx/nmLswtNGZYuofDHB4=,gjLa2ZhvQegXNgZyZ+RkP9Bua4g=
50,-71,1kaQ8/Stx/nmLswtNGZYuofDHB4=,gjLa2ZhvQegXNgZyZ+RkP9Bua4g=
49,-71,1kaQ8/Stx/nmLswtNGZYuofDHB4=,gjLa2ZhvQegXNgZyZ+RkP9Bua4g=
54,-72,kRXhQTt3VurIETiCae36CA2/qVA=,gjLa2ZhvQegXNgZyZ+RkP9Bua4g=
54,-66,1kaQ8/Stx/nmLswtNGZYuofDHB4=,gjLa2ZhvQegXNgZyZ+RkP9Bua4g=
53,-66,1kaQ8/Stx/nmLswtNGZYuofDHB4=,gjLa2ZhvQegXNgZyZ+RkP9Bua4g=
53,-72,kRXhQTt3VurIETiCae36CA2/qVA=,gjLa2ZhvQegXNgZyZ+RkP9Bua4g=
52,-66,1kaQ8/Stx/nmLswtNGZYuofDHB4=,gjLa2ZhvQegXNgZyZ+RkP9Bua4g=
51,-66,1kaQ8/Stx/nmLswtNGZYuofDHB4=,gjLa2ZhvQegXNgZyZ+RkP9Bua4g=
51,-72,kRXhQTt3VurIETiCae36CA2/qVA=,gjLa2ZhvQegXNgZyZ+RkP9Bua4g=
50,-66,1kaQ8/Stx/nmLswtNGZYuofDHB4=,gjLa2ZhvQegXNgZyZ+RkP9Bua4g=
52,-72,kRXhQTt3VurIETiCae36CA2/qVA=,gjLa2ZhvQegXNgZyZ+RkP9Bua4g=
50,-72,1kaQ8/Stx/nmLswtNGZYuofDHB4=,gjLa2ZhvQegXNgZyZ+RkP9Bua4g=
49,-72,1kaQ8/Stx/nmLswtNGZYuofDHB4=,gjLa2ZhvQegXNgZyZ+RkP9Bua4g=
49,-66,1kaQ8/Stx/nmLswtNGZYuofDHB4=,gjLa2ZhvQegXNgZyZ+RkP9Bua4g=
54,-67,1kaQ8/Stx/nmLswtNGZYuofDHB4=,gjLa2ZhvQegXNgZyZ+RkP9Bua4g=
53,-67,1kaQ8/Stx/nmLswtNGZYuofDHB4=,gjLa2ZhvQegXNgZyZ+RkP9Bua4g=
52,-67,1kaQ8/Stx/nmLswtNGZYuofDHB4=,gjLa2ZhvQegXNgZyZ+RkP9Bua4g=
51,-67,1kaQ8/Stx/nmLswtNGZYuofDHB4=,gjLa2ZhvQegXNgZyZ+RkP9Bua4g=
50,-67,1kaQ8/Stx/nmLswtNGZYuofDHB4=,gjLa2ZhvQegXNgZyZ+RkP9Bua4g=
49,-67,1kaQ8/Stx/nmLswtNGZYuofDHB4=,gjLa2ZhvQegXNgZyZ+RkP9Bua4g=
54,-68,1kaQ8/Stx/nmLswtNGZYuofDHB4=,gjLa2ZhvQegXNgZyZ+RkP9Bua4g=
53,-68,1kaQ8/Stx/nmLswtNGZYuofDHB4=,gjLa2ZhvQegXNgZyZ+RkP9Bua4g=
52,-68,1kaQ8/Stx/nmLswtNGZYuofDHB4=,gjLa2ZhvQegXNgZyZ+RkP9Bua4g=
51,-68,1kaQ8/Stx/nmLswtNGZYuofDHB4=,gjLa2ZhvQegXNgZyZ+RkP9Bua4g=
50,-68,1kaQ8/Stx/nmLswtNGZYuofDHB4=,gjLa2ZhvQegXNgZyZ+RkP9Bua4g=
49,-68,1kaQ8/Stx/nmLswtNGZYuofDHB4=,gjLa2ZhvQegXNgZyZ+RkP9Bua4g=
54,-69,1kaQ8/Stx/nmLswtNGZYuofDHB4=,gjLa2ZhvQegXNgZyZ+RkP9Bua4g=
53,-69,1kaQ8/Stx/nmLswtNGZYuofDHB4=,gjLa2ZhvQegXNgZyZ+RkP9Bua4g=
52,-69,1kaQ8/Stx/nmLswtNGZYuofDHB4=,gjLa2ZhvQegXNgZyZ+RkP9Bua4g=
51,-69,1kaQ8/Stx/nmLswtNGZYuofDHB4=,gjLa2ZhvQegXNgZyZ+RkP9Bua4g=
50,-69,1kaQ8/Stx/nmLswtNGZYuofDHB4=,gjLa2ZhvQegXNgZyZ+RkP9Bua4g=
49,-69,1kaQ8/Stx/nmLswtNGZYuofDHB4=,gjLa2ZhvQegXNgZyZ+RkP9Bua4g=
54,-70,1kaQ8/Stx/nmLswtNGZYuofDHB4=,gjLa2ZhvQegXNgZyZ+RkP9Bua4g=
53,-70,1kaQ8/Stx/nmLswtNGZYuofDHB4=,gjLa2ZhvQegXNgZyZ+RkP9Bua4g=
52,-70,1kaQ8/Stx/nmLswtNGZYuofDHB4=,gjLa2ZhvQegXNgZyZ+RkP9Bua4g=
51,-70,1kaQ8/Stx/nmLswtNGZYuofDHB4=,gjLa2ZhvQegXNgZyZ+RkP9Bua4g=
50,-70,1kaQ8/Stx/nmLswtNGZYuofDHB4=,gjLa2ZhvQegXNgZyZ+RkP9Bua4g=
49,-70,1kaQ8/Stx/nmLswtNGZYuofDHB4=,gjLa2ZhvQegXNgZyZ+RkP9Bua4g=
54,-71,1kaQ8/Stx/nmLswtNGZYuofDHB4=,gjLa2ZhvQegXNgZyZ+RkP9Bua4g=
53,-71,1kaQ8/Stx/nmLswtNGZYuofDHB4=,gjLa2ZhvQegXNgZyZ+RkP9Bua4g=
56,-79,kRXhQTt3VurIETiCae36CA2/qVA=,Wifq5j+Yx0SRHyBmkiuvQ0reA6E=
57,-79,kRXhQTt3VurIETiCae36CA2/qVA=,Wifq5j+Yx0SRHyBmkiuvQ0reA6E=
58,-79,kRXhQTt3VurIETiCae36CA2/qVA=,Wifq5j+Yx0SRHyBmkiuvQ0reA6E=
61,-74,kRXhQTt3VurIETiCae36CA2/qVA=,Wifq5j+Yx0SRHyBmkiuvQ0reA6E=
59,-74,kRXhQTt3VurIETiCae36CA2/qVA=,Wifq5j+Yx0SRHyBmkiuvQ0reA6E=
60,-74,kRXhQTt3VurIETiCae36CA2/qVA=,Wifq5j+Yx0SRHyBmkiuvQ0reA6E=
58,-74,kRXhQTt3VurIETiCae36CA2/qVA=,Wifq5j+Yx0SRHyBmkiuvQ0reA6E=
57,-74,kRXhQTt3VurIETiCae36CA2/qVA=,Wifq5j+Yx0SRHyBmkiuvQ0reA6E=
56,-74,kRXhQTt3VurIETiCae36CA2/qVA=,Wifq5j+Yx0SRHyBmkiuvQ0reA6E=
62,-75,kRXhQTt3VurIETiCae36CA2/qVA=,Wifq5j+Yx0SRHyBmkiuvQ0reA6E=
61,-75,kRXhQTt3VurIETiCae36CA2/qVA=,Wifq5j+Yx0SRHyBmkiuvQ0reA6E=
60,-75,kRXhQTt3VurIETiCae36CA2/qVA=,Wifq5j+Yx0SRHyBmkiuvQ0reA6E=
59,-75,kRXhQTt3VurIETiCae36CA2/qVA=,Wifq5j+Yx0SRHyBmkiuvQ0reA6E=
58,-75,kRXhQTt3VurIETiCae36CA2/qVA=,Wifq5j+Yx0SRHyBmkiuvQ0reA6E=
57,-75,kRXhQTt3VurIETiCae36CA2/qVA=,Wifq5j+Yx0SRHyBmkiuvQ0reA6E=
56,-75,kRXhQTt3VurIETiCae36CA2/qVA=,Wifq5j+Yx0SRHyBmkiuvQ0reA6E=
63,-76,kRXhQTt3VurIETiCae36CA2/qVA=,Wifq5j+Yx0SRHyBmkiuvQ0reA6E=
62,-76,kRXhQTt3VurIETiCae36CA2/qVA=,Wifq5j+Yx0SRHyBmkiuvQ0reA6E=
60,-76,kRXhQTt3VurIETiCae36CA2/qVA=,Wifq5j+Yx0SRHyBmkiuvQ0reA6E=
61,-76,kRXhQTt3VurIETiCae36CA2/qVA=,Wifq5j+Yx0SRHyBmkiuvQ0reA6E=
59,-76,kRXhQTt3VurIETiCae36CA2/qVA=,Wifq5j+Yx0SRHyBmkiuvQ0reA6E=
57,-76,kRXhQTt3VurIETiCae36CA2/qVA=,Wifq5j+Yx0SRHyBmkiuvQ0reA6E=
58,-76,kRXhQTt3VurIETiCae36CA2/qVA=,Wifq5j+Yx0SRHyBmkiuvQ0reA6E=
56,-76,kRXhQTt3VurIETiCae36CA2/qVA=,Wifq5j+Yx0SRHyBmkiuvQ0reA6E=
63,-77,kRXhQTt3VurIETiCae36CA2/qVA=,Wifq5j+Yx0SRHyBmkiuvQ0reA6E=
62,-77,kRXhQTt3VurIETiCae36CA2/qVA=,Wifq5j+Yx0SRHyBmkiuvQ0reA6E=
61,-77,kRXhQTt3VurIETiCae36CA2/qVA=,Wifq5j+Yx0SRHyBmkiuvQ0reA6E=
60,-77,kRXhQTt3VurIETiCae36CA2/qVA=,Wifq5j+Yx0SRHyBmkiuvQ0reA6E=
59,-77,kRXhQTt3VurIETiCae36CA2/qVA=,Wifq5j+Yx0SRHyBmkiuvQ0reA6E=
58,-77,kRXhQTt3VurIETiCae36CA2/qVA=,Wifq5j+Yx0SRHyBmkiuvQ0reA6E=
57,-77,kRXhQTt3VurIETiCae36CA2/qVA=,Wifq5j+Yx0SRHyBmkiuvQ0reA6E=
56,-77,kRXhQTt3VurIETiCae36CA2/qVA=,Wifq5j+Yx0SRHyBmkiuvQ0reA6E=
63,-78,kRXhQTt3VurIETiCae36CA2/qVA=,Wifq5j+Yx0SRHyBmkiuvQ0reA6E=
62,-78,kRXhQTt3VurIETiCae36CA2/qVA=,Wifq5j+Yx0SRHyBmkiuvQ0reA6E=
60,-78,kRXhQTt3VurIETiCae36CA2/qVA=,Wifq5j+Yx0SRHyBmkiuvQ0reA6E=
61,-78,kRXhQTt3VurIETiCae36CA2/qVA=,Wifq5j+Yx0SRHyBmkiuvQ0reA6E=
59,-78,kRXhQTt3VurIETiCae36CA2/qVA=,Wifq5j+Yx0SRHyBmkiuvQ0reA6E=
58,-78,kRXhQTt3VurIETiCae36CA2/qVA=,Wifq5j+Yx0SRHyBmkiuvQ0reA6E=
57,-78,kRXhQTt3VurIETiCae36CA2/qVA=,Wifq5j+Yx0SRHyBmkiuvQ0reA6E=
56,-78,kRXhQTt3VurIETiCae36CA2/qVA=,Wifq5j+Yx0SRHyBmkiuvQ0reA6E=
63,-79,kRXhQTt3VurIETiCae36CA2/qVA=,Wifq5j+Yx0SRHyBmkiuvQ0reA6E=
62,-79,kRXhQTt3VurIETiCae36CA2/qVA=,Wifq5j+Yx0SRHyBmkiuvQ0reA6E=
61,-79,kRXhQTt3VurIETiCae36CA2/qVA=,Wifq5j+Yx0SRHyBmkiuvQ0reA6E=
60,-79,kRXhQTt3VurIETiCae36CA2/qVA=,Wifq5j+Yx0SRHyBmkiuvQ0reA6E=
59,-79,kRXhQTt3VurIETiCae36CA2/qVA=,Wifq5j+Yx0SRHyBmkiuvQ0reA6E=
49,-65,1kaQ8/Stx/nmLswtNGZYuofDHB4=,gjLa2ZhvQegXNgZyZ+RkP9Bua4g=
50,-65,1kaQ8/Stx/nmLswtNGZYuofDHB4=,gjLa2ZhvQegXNgZyZ+RkP9Bua4g=
51,-65,1kaQ8/Stx/nmLswtNGZYuofDHB4=,gjLa2ZhvQegXNgZyZ+RkP9Bua4g=
52,-65,1kaQ8/Stx/nmLswtNGZYuofDHB4=,gjLa2ZhvQegXNgZyZ+RkP9Bua4g=
54,-65,1kaQ8/Stx/nmLswtNGZYuofDHB4=,gjLa2ZhvQegXNgZyZ+RkP9Bua4g=
53,-65,1kaQ8/Stx/nmLswtNGZYuofDHB4=,gjLa2ZhvQegXNgZyZ+RkP9Bua4g=
57,-80,kRXhQTt3VurIETiCae36CA2/qVA=,Wifq5j+Yx0SRHyBmkiuvQ0reA6E=
58,-80,kRXhQTt3VurIETiCae36CA2/qVA=,Wifq5j+Yx0SRHyBmkiuvQ0reA6E=
59,-80,kRXhQTt3VurIETiCae36CA2/qVA=,Wifq5j+Yx0SRHyBmkiuvQ0reA6E=
60,-80,kRXhQTt3VurIETiCae36CA2/qVA=,Wifq5j+Yx0SRHyBmkiuvQ0reA6E=
61,-80,kRXhQTt3VurIETiCae36CA2/qVA=,Wifq5j+Yx0SRHyBmkiuvQ0reA6E=
62,-80,kRXhQTt3VurIETiCae36CA2/qVA=,Wifq5j+Yx0SRHyBmkiuvQ0reA6E=
63,-80,kRXhQTt3VurIETiCae36CA2/qVA=,Wifq5j+Yx0SRHyBmkiuvQ0reA6E=
48,-70,kRXhQTt3VurIETiCae36CA2/qVA=,gjLa2ZhvQegXNgZyZ+RkP9Bua4g=
48,-69,kRXhQTt3VurIETiCae36CA2/qVA=,gjLa2ZhvQegXNgZyZ+RkP9Bua4g=
48,-68,kRXhQTt3VurIETiCae36CA2/qVA=,gjLa2ZhvQegXNgZyZ+RkP9Bua4g=
48,-67,kRXhQTt3VurIETiCae36CA2/qVA=,gjLa2ZhvQegXNgZyZ+RkP9Bua4g=
48,-66,kRXhQTt3VurIETiCae36CA2/qVA=,gjLa2ZhvQegXNgZyZ+RkP9Bua4g=
48,-71,kRXhQTt3VurIETiCae36CA2/qVA=,gjLa2ZhvQegXNgZyZ+RkP9Bua4g=
48,-65,kRXhQTt3VurIETiCae36CA2/qVA=,gjLa2ZhvQegXNgZyZ+RkP9Bua4g=
48,-72,kRXhQTt3VurIETiCae36CA2/qVA=,gjLa2ZhvQegXNgZyZ+RkP9Bua4g=
61,-67,kRXhQTt3VurIETiCae36CA2/qVA=,lp1eSM05e6udPC4DnSsVgliNDZE=
56,-80,kRXhQTt3VurIETiCae36CA2/qVA=,Wifq5j+Yx0SRHyBmkiuvQ0reA6E=
60,-67,kRXhQTt3VurIETiCae36CA2/qVA=,lp1eSM05e6udPC4DnSsVgliNDZE=
58,-67,kRXhQTt3VurIETiCae36CA2/qVA=,lp1eSM05e6udPC4DnSsVgliNDZE=
55,-71,kRXhQTt3VurIETiCae36CA2/qVA=,gjLa2ZhvQegXNgZyZ+RkP9Bua4g=
59,-67,kRXhQTt3VurIETiCae36CA2/qVA=,lp1eSM05e6udPC4DnSsVgliNDZE=
58,-72,kRXhQTt3VurIETiCae36CA2/qVA=,lp1eSM05e6udPC4DnSsVgliNDZE=
55,-72,kRXhQTt3VurIETiCae36CA2/qVA=,gjLa2ZhvQegXNgZyZ+RkP9Bua4g=
59,-71,kRXhQTt3VurIETiCae36CA2/qVA=,lp1eSM05e6udPC4DnSsVgliNDZE=
58,-71,kRXhQTt3VurIETiCae36CA2/qVA=,lp1eSM05e6udPC4DnSsVgliNDZE=
61,-66,kRXhQTt3VurIETiCae36CA2/qVA=,lp1eSM05e6udPC4DnSsVgliNDZE=
55,-66,kRXhQTt3VurIETiCae36CA2/qVA=,gjLa2ZhvQegXNgZyZ+RkP9Bua4g=
60,-66,kRXhQTt3VurIETiCae36CA2/qVA=,lp1eSM05e6udPC4DnSsVgliNDZE=
59,-66,kRXhQTt3VurIETiCae36CA2/qVA=,lp1eSM05e6udPC4DnSsVgliNDZE=
57,-72,kRXhQTt3VurIETiCae36CA2/qVA=,lp1eSM05e6udPC4DnSsVgliNDZE=
55,-67,kRXhQTt3VurIETiCae36CA2/qVA=,gjLa2ZhvQegXNgZyZ+RkP9Bua4g=
61,-73,kRXhQTt3VurIETiCae36CA2/qVA=,Wifq5j+Yx0SRHyBmkiuvQ0reA6E=
60,-73,kRXhQTt3VurIETiCae36CA2/qVA=,Wifq5j+Yx0SRHyBmkiuvQ0reA6E=
58,-73,kRXhQTt3VurIETiCae36CA2/qVA=,Wifq5j+Yx0SRHyBmkiuvQ0reA6E=
59,-73,kRXhQTt3VurIETiCae36CA2/qVA=,Wifq5j+Yx0SRHyBmkiuvQ0reA6E=
57,-73,kRXhQTt3VurIETiCae36CA2/qVA=,Wifq5j+Yx0SRHyBmkiuvQ0reA6E=
56,-69,kRXhQTt3VurIETiCae36CA2/qVA=,lp1eSM05e6udPC4DnSsVgliNDZE=
56,-73,kRXhQTt3VurIETiCae36CA2/qVA=,Wifq5j+Yx0SRHyBmkiuvQ0reA6E=
55,-68,kRXhQTt3VurIETiCae36CA2/qVA=,gjLa2ZhvQegXNgZyZ+RkP9Bua4g=
57,-71,kRXhQTt3VurIETiCae36CA2/qVA=,lp1eSM05e6udPC4DnSsVgliNDZE=
60,-65,kRXhQTt3VurIETiCae36CA2/qVA=,lp1eSM05e6udPC4DnSsVgliNDZE=
59,-65,kRXhQTt3VurIETiCae36CA2/qVA=,lp1eSM05e6udPC4DnSsVgliNDZE=
56,-71,kRXhQTt3VurIETiCae36CA2/qVA=,lp1eSM05e6udPC4DnSsVgliNDZE=
62,-68,kRXhQTt3VurIETiCae36CA2/qVA=,lp1eSM05e6udPC4DnSsVgliNDZE=
61,-72,kRXhQTt3VurIETiCae36CA2/qVA=,lp1eSM05e6udPC4DnSsVgliNDZE=
60,-72,kRXhQTt3VurIETiCae36CA2/qVA=,lp1eSM05e6udPC4DnSsVgliNDZE=
59,-72,kRXhQTt3VurIETiCae36CA2/qVA=,lp1eSM05e6udPC4DnSsVgliNDZE=
56,-72,kRXhQTt3VurIETiCae36CA2/qVA=,lp1eSM05e6udPC4DnSsVgliNDZE=
56,-70,kRXhQTt3VurIETiCae36CA2/qVA=,lp1eSM05e6udPC4DnSsVgliNDZE=
55,-69,kRXhQTt3VurIETiCae36CA2/qVA=,gjLa2ZhvQegXNgZyZ+RkP9Bua4g=
58,-66,kRXhQTt3VurIETiCae36CA2/qVA=,lp1eSM05e6udPC4DnSsVgliNDZE=
62,-69,kRXhQTt3VurIETiCae36CA2/qVA=,lp1eSM05e6udPC4DnSsVgliNDZE=
61,-68,kRXhQTt3VurIETiCae36CA2/qVA=,lp1eSM05e6udPC4DnSsVgliNDZE=
60,-68,kRXhQTt3VurIETiCae36CA2/qVA=,lp1eSM05e6udPC4DnSsVgliNDZE=
55,-70,kRXhQTt3VurIETiCae36CA2/qVA=,gjLa2ZhvQegXNgZyZ+RkP9Bua4g=
57,-70,kRXhQTt3VurIETiCae36CA2/qVA=,lp1eSM05e6udPC4DnSsVgliNDZE=
55,-65,kRXhQTt3VurIETiCae36CA2/qVA=,gjLa2ZhvQegXNgZyZ+RkP9Bua4g=
56,-66,kRXhQTt3VurIETiCae36CA2/qVA=,lp1eSM05e6udPC4DnSsVgliNDZE=
60,-71,kRXhQTt3VurIETiCae36CA2/qVA=,lp1eSM05e6udPC4DnSsVgliNDZE=
62,-67,kRXhQTt3VurIETiCae36CA2/qVA=,lp1eSM05e6udPC4DnSsVgliNDZE=
62,-74,kRXhQTt3VurIETiCae36CA2/qVA=,Wifq5j+Yx0SRHyBmkiuvQ0reA6E=
63,-65,kRXhQTt3VurIETiCae36CA2/qVA=,lp1eSM05e6udPC4DnSsVgliNDZE=
62,-70,kRXhQTt3VurIETiCae36CA2/qVA=,lp1eSM05e6udPC4DnSsVgliNDZE=
58,-69,kRXhQTt3VurIETiCae36CA2/qVA=,lp1eSM05e6udPC4DnSsVgliNDZE=
61,-70,kRXhQTt3VurIETiCae36CA2/qVA=,lp1eSM05e6udPC4DnSsVgliNDZE=
63,-70,kRXhQTt3VurIETiCae36CA2/qVA=,lp1eSM05e6udPC4DnSsVgliNDZE=
57,-66,kRXhQTt3VurIETiCae36CA2/qVA=,lp1eSM05e6udPC4DnSsVgliNDZE=
63,-75,kRXhQTt3VurIETiCae36CA2/qVA=,Wifq5j+Yx0SRHyBmkiuvQ0reA6E=
60,-70,kRXhQTt3VurIETiCae36CA2/qVA=,lp1eSM05e6udPC4DnSsVgliNDZE=
61,-69,kRXhQTt3VurIETiCae36CA2/qVA=,lp1eSM05e6udPC4DnSsVgliNDZE=
57,-69,kRXhQTt3VurIETiCae36CA2/qVA=,lp1eSM05e6udPC4DnSsVgliNDZE=
59,-68,kRXhQTt3VurIETiCae36CA2/qVA=,lp1eSM05e6udPC4DnSsVgliNDZE=
63,-74,kRXhQTt3VurIETiCae36CA2/qVA=,Wifq5j+Yx0SRHyBmkiuvQ0reA6E=
60,-69,kRXhQTt3VurIETiCae36CA2/qVA=,lp1eSM05e6udPC4DnSsVgliNDZE=
62,-66,kRXhQTt3VurIETiCae36CA2/qVA=,lp1eSM05e6udPC4DnSsVgliNDZE=
56,-67,kRXhQTt3VurIETiCae36CA2/qVA=,lp1eSM05e6udPC4DnSsVgliNDZE=
58,-68,kRXhQTt3VurIETiCae36CA2/qVA=,lp1eSM05e6udPC4DnSsVgliNDZE=
59,-69,kRXhQTt3VurIETiCae36CA2/qVA=,lp1eSM05e6udPC4DnSsVgliNDZE=
57,-67,kRXhQTt3VurIETiCae36CA2/qVA=,lp1eSM05e6udPC4DnSsVgliNDZE=
61,-65,kRXhQTt3VurIETiCae36CA2/qVA=,lp1eSM05e6udPC4DnSsVgliNDZE=
58,-65,kRXhQTt3VurIETiCae36CA2/qVA=,lp1eSM05e6udPC4DnSsVgliNDZE=
56,-68,kRXhQTt3VurIETiCae36CA2/qVA=,lp1eSM05e6udPC4DnSsVgliNDZE=
62,-71,kRXhQTt3VurIETiCae36CA2/qVA=,lp1eSM05e6udPC4DnSsVgliNDZE=
62,-65,kRXhQTt3VurIETiCae36CA2/qVA=,lp1eSM05e6udPC4DnSsVgliNDZE=
63,-68,kRXhQTt3VurIETiCae36CA2/qVA=,lp1eSM05e6udPC4DnSsVgliNDZE=
62,-73,kRXhQTt3VurIETiCae36CA2/qVA=,Wifq5j+Yx0SRHyBmkiuvQ0reA6E=
63,-67,kRXhQTt3VurIETiCae36CA2/qVA=,lp1eSM05e6udPC4DnSsVgliNDZE=
57,-65,kRXhQTt3VurIETiCae36CA2/qVA=,lp1eSM05e6udPC4DnSsVgliNDZE=
57,-68,kRXhQTt3VurIETiCae36CA2/qVA=,lp1eSM05e6udPC4DnSsVgliNDZE=
56,-65,kRXhQTt3VurIETiCae36CA2/qVA=,lp1eSM05e6udPC4DnSsVgliNDZE=
62,-72,kRXhQTt3VurIETiCae36CA2/qVA=,lp1eSM05e6udPC4DnSsVgliNDZE=
58,-70,kRXhQTt3VurIETiCae36CA2/qVA=,lp1eSM05e6udPC4DnSsVgliNDZE=
59,-70,kRXhQTt3VurIETiCae36CA2/qVA=,lp1eSM05e6udPC4DnSsVgliNDZE=
63,-69,kRXhQTt3VurIETiCae36CA2/qVA=,lp1eSM05e6udPC4DnSsVgliNDZE=
63,-73,kRXhQTt3VurIETiCae36CA2/qVA=,Wifq5j+Yx0SRHyBmkiuvQ0reA6E=
63,-71,kRXhQTt3VurIETiCae36CA2/qVA=,lp1eSM05e6udPC4DnSsVgliNDZE=
61,-71,kRXhQTt3VurIETiCae36CA2/qVA=,lp1eSM05e6udPC4DnSsVgliNDZE=
63,-72,kRXhQTt3VurIETiCae36CA2/qVA=,lp1eSM05e6udPC4DnSsVgliNDZE=
63,-66,kRXhQTt3VurIETiCae36CA2/qVA=,lp1eSM05e6udPC4DnSsVgliNDZE=
38,-83,vIjwVgsh7dyYUYlEA534J+hvgwg=,8eCwmW5RXADiRYG3uAECWoviXcw=
37,-83,vIjwVgsh7dyYUYlEA534J+hvgwg=,8eCwmW5RXADiRYG3uAECWoviXcw=
33,-85,vIjwVgsh7dyYUYlEA534J+hvgwg=,8eCwmW5RXADiRYG3uAECWoviXcw=
33,-86,vIjwVgsh7dyYUYlEA534J+hvgwg=,8eCwmW5RXADiRYG3uAECWoviXcw=
32,-86,vIjwVgsh7dyYUYlEA534J+hvgwg=,8eCwmW5RXADiRYG3uAECWoviXcw=
35,-84,vIjwVgsh7dyYUYlEA534J+hvgwg=,8eCwmW5RXADiRYG3uAECWoviXcw=
39,-87,vIjwVgsh7dyYUYlEA534J+hvgwg=,8eCwmW5RXADiRYG3uAECWoviXcw=
34,-84,vIjwVgsh7dyYUYlEA534J+hvgwg=,8eCwmW5RXADiRYG3uAECWoviXcw=
33,-84,vIjwVgsh7dyYUYlEA534J+hvgwg=,8eCwmW5RXADiRYG3uAECWoviXcw=
32,-84,vIjwVgsh7dyYUYlEA534J+hvgwg=,8eCwmW5RXADiRYG3uAECWoviXcw=
32,-85,vIjwVgsh7dyYUYlEA534J+hvgwg=,8eCwmW5RXADiRYG3uAECWoviXcw=
38,-87,vIjwVgsh7dyYUYlEA534J+hvgwg=,8eCwmW5RXADiRYG3uAECWoviXcw=
39,-88,vIjwVgsh7dyYUYlEA534J+hvgwg=,8eCwmW5RXADiRYG3uAECWoviXcw=
39,-85,vIjwVgsh7dyYUYlEA534J+hvgwg=,8eCwmW5RXADiRYG3uAECWoviXcw=
36,-83,vIjwVgsh7dyYUYlEA534J+hvgwg=,8eCwmW5RXADiRYG3uAECWoviXcw=
37,-82,vIjwVgsh7dyYUYlEA534J+hvgwg=,8eCwmW5RXADiRYG3uAECWoviXcw=
35,-88,vIjwVgsh7dyYUYlEA534J+hvgwg=,8eCwmW5RXADiRYG3uAECWoviXcw=
39,-86,vIjwVgsh7dyYUYlEA534J+hvgwg=,8eCwmW5RXADiRYG3uAECWoviXcw=
36,-82,vIjwVgsh7dyYUYlEA534J+hvgwg=,8eCwmW5RXADiRYG3uAECWoviXcw=
35,-83,vIjwVgsh7dyYUYlEA534J+hvgwg=,8eCwmW5RXADiRYG3uAECWoviXcw=
34,-83,vIjwVgsh7dyYUYlEA534J+hvgwg=,8eCwmW5RXADiRYG3uAECWoviXcw=
35,-82,vIjwVgsh7dyYUYlEA534J+hvgwg=,8eCwmW5RXADiRYG3uAECWoviXcw=
34,-88,vIjwVgsh7dyYUYlEA534J+hvgwg=,8eCwmW5RXADiRYG3uAECWoviXcw=
34,-82,vIjwVgsh7dyYUYlEA534J+hvgwg=,8eCwmW5RXADiRYG3uAECWoviXcw=
33,-83,vIjwVgsh7dyYUYlEA534J+hvgwg=,8eCwmW5RXADiRYG3uAECWoviXcw=
37,-87,vIjwVgsh7dyYUYlEA534J+hvgwg=,8eCwmW5RXADiRYG3uAECWoviXcw=
38,-85,vIjwVgsh7dyYUYlEA534J+hvgwg=,8eCwmW5RXADiRYG3uAECWoviXcw=
38,-86,vIjwVgsh7dyYUYlEA534J+hvgwg=,8eCwmW5RXADiRYG3uAECWoviXcw=
36,-87,vIjwVgsh7dyYUYlEA534J+hvgwg=,8eCwmW5RXADiRYG3uAECWoviXcw=
37,-88,vIjwVgsh7dyYUYlEA534J+hvgwg=,8eCwmW5RXADiRYG3uAECWoviXcw=
32,-83,vIjwVgsh7dyYUYlEA534J+hvgwg=,8eCwmW5RXADiRYG3uAECWoviXcw=
39,-84,vIjwVgsh7dyYUYlEA534J+hvgwg=,8eCwmW5RXADiRYG3uAECWoviXcw=
33,-82,vIjwVgsh7dyYUYlEA534J+hvgwg=,8eCwmW5RXADiRYG3uAECWoviXcw=
35,-87,vIjwVgsh7dyYUYlEA534J+hvgwg=,8eCwmW5RXADiRYG3uAECWoviXcw=
33,-88,vIjwVgsh7dyYUYlEA534J+hvgwg=,8eCwmW5RXADiRYG3uAECWoviXcw=
34,-87,vIjwVgsh7dyYUYlEA534J+hvgwg=,8eCwmW5RXADiRYG3uAECWoviXcw=
38,-84,vIjwVgsh7dyYUYlEA534J+hvgwg=,8eCwmW5RXADiRYG3uAECWoviXcw=
32,-82,vIjwVgsh7dyYUYlEA534J+hvgwg=,8eCwmW5RXADiRYG3uAECWoviXcw=
37,-84,vIjwVgsh7dyYUYlEA534J+hvgwg=,8eCwmW5RXADiRYG3uAECWoviXcw=
37,-86,vIjwVgsh7dyYUYlEA534J+hvgwg=,8eCwmW5RXADiRYG3uAECWoviXcw=
33,-87,vIjwVgsh7dyYUYlEA534J+hvgwg=,8eCwmW5RXADiRYG3uAECWoviXcw=
37,-85,vIjwVgsh7dyYUYlEA534J+hvgwg=,8eCwmW5RXADiRYG3uAECWoviXcw=
38,-88,vIjwVgsh7dyYUYlEA534J+hvgwg=,8eCwmW5RXADiRYG3uAECWoviXcw=
36,-86,vIjwVgsh7dyYUYlEA534J+hvgwg=,8eCwmW5RXADiRYG3uAECWoviXcw=
32,-87,vIjwVgsh7dyYUYlEA534J+hvgwg=,8eCwmW5RXADiRYG3uAECWoviXcw=
36,-88,vIjwVgsh7dyYUYlEA534J+hvgwg=,8eCwmW5RXADiRYG3uAECWoviXcw=
36,-85,vIjwVgsh7dyYUYlEA534J+hvgwg=,8eCwmW5RXADiRYG3uAECWoviXcw=
36,-84,vIjwVgsh7dyYUYlEA534J+hvgwg=,8eCwmW5RXADiRYG3uAECWoviXcw=
39,-83,vIjwVgsh7dyYUYlEA534J+hvgwg=,8eCwmW5RXADiRYG3uAECWoviXcw=
39,-82,vIjwVgsh7dyYUYlEA534J+hvgwg=,8eCwmW5RXADiRYG3uAECWoviXcw=
35,-86,vIjwVgsh7dyYUYlEA534J+hvgwg=,8eCwmW5RXADiRYG3uAECWoviXcw=
35,-85,vIjwVgsh7dyYUYlEA534J+hvgwg=,8eCwmW5RXADiRYG3uAECWoviXcw=
38,-82,vIjwVgsh7dyYUYlEA534J+hvgwg=,8eCwmW5RXADiRYG3uAECWoviXcw=
34,-85,vIjwVgsh7dyYUYlEA534J+hvgwg=,8eCwmW5RXADiRYG3uAECWoviXcw=
34,-86,vIjwVgsh7dyYUYlEA534J+hvgwg=,8eCwmW5RXADiRYG3uAECWoviXcw=
32,-88,vIjwVgsh7dyYUYlEA534J+hvgwg=,8eCwmW5RXADiRYG3uAECWoviXcw=
39,-81,vIjwVgsh7dyYUYlEA534J+hvgwg=,8eCwmW5RXADiRYG3uAECWoviXcw=
32,-81,vIjwVgsh7dyYUYlEA534J+hvgwg=,8eCwmW5RXADiRYG3uAECWoviXcw=
37,-81,vIjwVgsh7dyYUYlEA534J+hvgwg=,8eCwmW5RXADiRYG3uAECWoviXcw=
36,-81,vIjwVgsh7dyYUYlEA534J+hvgwg=,8eCwmW5RXADiRYG3uAECWoviXcw=
35,-81,vIjwVgsh7dyYUYlEA534J+hvgwg=,8eCwmW5RXADiRYG3uAECWoviXcw=
34,-81,vIjwVgsh7dyYUYlEA534J+hvgwg=,8eCwmW5RXADiRYG3uAECWoviXcw=
38,-81,vIjwVgsh7dyYUYlEA534J+hvgwg=,8eCwmW5RXADiRYG3uAECWoviXcw=
33,-81,vIjwVgsh7dyYUYlEA534J+hvgwg=,8eCwmW5RXADiRYG3uAECWoviXcw=
44,-77,JJFJsrYNzgwKLDKA1Vnr6Rtycc8=,OiezGH3r0GNjUyD5b9tGZ0riyA8=
42,-79,JJFJsrYNzgwKLDKA1Vnr6Rtycc8=,OiezGH3r0GNjUyD5b9tGZ0riyA8=
46,-80,JJFJsrYNzgwKLDKA1Vnr6Rtycc8=,OiezGH3r0GNjUyD5b9tGZ0riyA8=
47,-80,JJFJsrYNzgwKLDKA1Vnr6Rtycc8=,OiezGH3r0GNjUyD5b9tGZ0riyA8=
45,-77,JJFJsrYNzgwKLDKA1Vnr6Rtycc8=,OiezGH3r0GNjUyD5b9tGZ0riyA8=
46,-77,JJFJsrYNzgwKLDKA1Vnr6Rtycc8=,OiezGH3r0GNjUyD5b9tGZ0riyA8=
47,-77,JJFJsrYNzgwKLDKA1Vnr6Rtycc8=,OiezGH3r0GNjUyD5b9tGZ0riyA8=
41,-79,JJFJsrYNzgwKLDKA1Vnr6Rtycc8=,OiezGH3r0GNjUyD5b9tGZ0riyA8=
41,-76,JJFJsrYNzgwKLDKA1Vnr6Rtycc8=,OiezGH3r0GNjUyD5b9tGZ0riyA8=
41,-80,JJFJsrYNzgwKLDKA1Vnr6Rtycc8=,OiezGH3r0GNjUyD5b9tGZ0riyA8=
45,-78,JJFJsrYNzgwKLDKA1Vnr6Rtycc8=,OiezGH3r0GNjUyD5b9tGZ0riyA8=
47,-73,JJFJsrYNzgwKLDKA1Vnr6Rtycc8=,OiezGH3r0GNjUyD5b9tGZ0riyA8=
46,-73,JJFJsrYNzgwKLDKA1Vnr6Rtycc8=,OiezGH3r0GNjUyD5b9tGZ0riyA8=
45,-80,JJFJsrYNzgwKLDKA1Vnr6Rtycc8=,OiezGH3r0GNjUyD5b9tGZ0riyA8=
45,-73,JJFJsrYNzgwKLDKA1Vnr6Rtycc8=,OiezGH3r0GNjUyD5b9tGZ0riyA8=
44,-73,JJFJsrYNzgwKLDKA1Vnr6Rtycc8=,OiezGH3r0GNjUyD5b9tGZ0riyA8=
43,-73,JJFJsrYNzgwKLDKA1Vnr6Rtycc8=,OiezGH3r0GNjUyD5b9tGZ0riyA8=
42,-73,JJFJsrYNzgwKLDKA1Vnr6Rtycc8=,OiezGH3r0GNjUyD5b9tGZ0riyA8=
41,-73,JJFJsrYNzgwKLDKA1Vnr6Rtycc8=,OiezGH3r0GNjUyD5b9tGZ0riyA8=
44,-80,JJFJsrYNzgwKLDKA1Vnr6Rtycc8=,OiezGH3r0GNjUyD5b9tGZ0riyA8=
47,-74,JJFJsrYNzgwKLDKA1Vnr6Rtycc8=,OiezGH3r0GNjUyD5b9tGZ0riyA8=
46,-74,JJFJsrYNzgwKLDKA1Vnr6Rtycc8=,OiezGH3r0GNjUyD5b9tGZ0riyA8=
45,-74,JJFJsrYNzgwKLDKA1Vnr6Rtycc8=,OiezGH3r0GNjUyD5b9tGZ0riyA8=
44,-74,JJFJsrYNzgwKLDKA1Vnr6Rtycc8=,OiezGH3r0GNjUyD5b9tGZ0riyA8=
43,-80,JJFJsrYNzgwKLDKA1Vnr6Rtycc8=,OiezGH3r0GNjUyD5b9tGZ0riyA8=
43,-74,JJFJsrYNzgwKLDKA1Vnr6Rtycc8=,OiezGH3r0GNjUyD5b9tGZ0riyA8=
42,-74,JJFJsrYNzgwKLDKA1Vnr6Rtycc8=,OiezGH3r0GNjUyD5b9tGZ0riyA8=
47,-75,JJFJsrYNzgwKLDKA1Vnr6Rtycc8=,OiezGH3r0GNjUyD5b9tGZ0riyA8=
41,-74,JJFJsrYNzgwKLDKA1Vnr6Rtycc8=,OiezGH3r0GNjUyD5b9tGZ0riyA8=
46,-75,JJFJsrYNzgwKLDKA1Vnr6Rtycc8=,OiezGH3r0GNjUyD5b9tGZ0riyA8=
42,-80,JJFJsrYNzgwKLDKA1Vnr6Rtycc8=,OiezGH3r0GNjUyD5b9tGZ0riyA8=
45,-75,JJFJsrYNzgwKLDKA1Vnr6Rtycc8=,OiezGH3r0GNjUyD5b9tGZ0riyA8=
44,-75,JJFJsrYNzgwKLDKA1Vnr6Rtycc8=,OiezGH3r0GNjUyD5b9tGZ0riyA8=
43,-75,JJFJsrYNzgwKLDKA1Vnr6Rtycc8=,OiezGH3r0GNjUyD5b9tGZ0riyA8=
42,-75,JJFJsrYNzgwKLDKA1Vnr6Rtycc8=,OiezGH3r0GNjUyD5b9tGZ0riyA8=
41,-75,JJFJsrYNzgwKLDKA1Vnr6Rtycc8=,OiezGH3r0GNjUyD5b9tGZ0riyA8=
47,-76,JJFJsrYNzgwKLDKA1Vnr6Rtycc8=,OiezGH3r0GNjUyD5b9tGZ0riyA8=
46,-76,JJFJsrYNzgwKLDKA1Vnr6Rtycc8=,OiezGH3r0GNjUyD5b9tGZ0riyA8=
45,-76,JJFJsrYNzgwKLDKA1Vnr6Rtycc8=,OiezGH3r0GNjUyD5b9tGZ0riyA8=
44,-76,JJFJsrYNzgwKLDKA1Vnr6Rtycc8=,OiezGH3r0GNjUyD5b9tGZ0riyA8=
43,-76,JJFJsrYNzgwKLDKA1Vnr6Rtycc8=,OiezGH3r0GNjUyD5b9tGZ0riyA8=
42,-76,JJFJsrYNzgwKLDKA1Vnr6Rtycc8=,OiezGH3r0GNjUyD5b9tGZ0riyA8=
46,-79,JJFJsrYNzgwKLDKA1Vnr6Rtycc8=,OiezGH3r0GNjUyD5b9tGZ0riyA8=
47,-79,JJFJsrYNzgwKLDKA1Vnr6Rtycc8=,OiezGH3r0GNjUyD5b9tGZ0riyA8=
47,-78,JJFJsrYNzgwKLDKA1Vnr6Rtycc8=,OiezGH3r0GNjUyD5b9tGZ0riyA8=
46,-78,JJFJsrYNzgwKLDKA1Vnr6Rtycc8=,OiezGH3r0GNjUyD5b9tGZ0riyA8=
44,-79,JJFJsrYNzgwKLDKA1Vnr6Rtycc8=,OiezGH3r0GNjUyD5b9tGZ0riyA8=
45,-79,JJFJsrYNzgwKLDKA1Vnr6Rtycc8=,OiezGH3r0GNjUyD5b9tGZ0riyA8=
35,-75,JJFJsrYNzgwKLDKA1Vnr6Rtycc8=,Azd934Gq4gqSDRuDO0hRD9ACfpY=
39,-73,JJFJsrYNzgwKLDKA1Vnr6Rtycc8=,Azd934Gq4gqSDRuDO0hRD9ACfpY=
37,-73,JJFJsrYNzgwKLDKA1Vnr6Rtycc8=,Azd934Gq4gqSDRuDO0hRD9ACfpY=
33,-75,JJFJsrYNzgwKLDKA1Vnr6Rtycc8=,Azd934Gq4gqSDRuDO0hRD9ACfpY=
37,-74,JJFJsrYNzgwKLDKA1Vnr6Rtycc8=,Azd934Gq4gqSDRuDO0hRD9ACfpY=
34,-75,JJFJsrYNzgwKLDKA1Vnr6Rtycc8=,Azd934Gq4gqSDRuDO0hRD9ACfpY=
33,-76,JJFJsrYNzgwKLDKA1Vnr6Rtycc8=,Azd934Gq4gqSDRuDO0hRD9ACfpY=
38,-73,JJFJsrYNzgwKLDKA1Vnr6Rtycc8=,Azd934Gq4gqSDRuDO0hRD9ACfpY=
32,-75,JJFJsrYNzgwKLDKA1Vnr6Rtycc8=,Azd934Gq4gqSDRuDO0hRD9ACfpY=
36,-74,JJFJsrYNzgwKLDKA1Vnr6Rtycc8=,Azd934Gq4gqSDRuDO0hRD9ACfpY=
39,-76,JJFJsrYNzgwKLDKA1Vnr6Rtycc8=,Azd934Gq4gqSDRuDO0hRD9ACfpY=
36,-73,JJFJsrYNzgwKLDKA1Vnr6Rtycc8=,Azd934Gq4gqSDRuDO0hRD9ACfpY=
35,-73,JJFJsrYNzgwKLDKA1Vnr6Rtycc8=,Azd934Gq4gqSDRuDO0hRD9ACfpY=
38,-76,JJFJsrYNzgwKLDKA1Vnr6Rtycc8=,Azd934Gq4gqSDRuDO0hRD9ACfpY=
36,-76,JJFJsrYNzgwKLDKA1Vnr6Rtycc8=,Azd934Gq4gqSDRuDO0hRD9ACfpY=
32,-76,JJFJsrYNzgwKLDKA1Vnr6Rtycc8=,Azd934Gq4gqSDRuDO0hRD9ACfpY=
37,-76,JJFJsrYNzgwKLDKA1Vnr6Rtycc8=,Azd934Gq4gqSDRuDO0hRD9ACfpY=
35,-76,JJFJsrYNzgwKLDKA1Vnr6Rtycc8=,Azd934Gq4gqSDRuDO0hRD9ACfpY=
32,-77,JJFJsrYNzgwKLDKA1Vnr6Rtycc8=,Azd934Gq4gqSDRuDO0hRD9ACfpY=
34,-74,JJFJsrYNzgwKLDKA1Vnr6Rtycc8=,Azd934Gq4gqSDRuDO0hRD9ACfpY=
33,-74,JJFJsrYNzgwKLDKA1Vnr6Rtycc8=,Azd934Gq4gqSDRuDO0hRD9ACfpY=
33,-77,JJFJsrYNzgwKLDKA1Vnr6Rtycc8=,Azd934Gq4gqSDRuDO0hRD9ACfpY=
35,-74,JJFJsrYNzgwKLDKA1Vnr6Rtycc8=,Azd934Gq4gqSDRuDO0hRD9ACfpY=
44,-78,JJFJsrYNzgwKLDKA1Vnr6Rtycc8=,OiezGH3r0GNjUyD5b9tGZ0riyA8=
32,-80,JJFJsrYNzgwKLDKA1Vnr6Rtycc8=,Azd934Gq4gqSDRuDO0hRD9ACfpY=
41,-78,JJFJsrYNzgwKLDKA1Vnr6Rtycc8=,OiezGH3r0GNjUyD5b9tGZ0riyA8=
42,-78,JJFJsrYNzgwKLDKA1Vnr6Rtycc8=,OiezGH3r0GNjUyD5b9tGZ0riyA8=
32,-74,JJFJsrYNzgwKLDKA1Vnr6Rtycc8=,Azd934Gq4gqSDRuDO0hRD9ACfpY=
35,-79,JJFJsrYNzgwKLDKA1Vnr6Rtycc8=,Azd934Gq4gqSDRuDO0hRD9ACfpY=
43,-79,JJFJsrYNzgwKLDKA1Vnr6Rtycc8=,OiezGH3r0GNjUyD5b9tGZ0riyA8=
41,-77,JJFJsrYNzgwKLDKA1Vnr6Rtycc8=,OiezGH3r0GNjUyD5b9tGZ0riyA8=
34,-73,JJFJsrYNzgwKLDKA1Vnr6Rtycc8=,Azd934Gq4gqSDRuDO0hRD9ACfpY=
43,-77,JJFJsrYNzgwKLDKA1Vnr6Rtycc8=,OiezGH3r0GNjUyD5b9tGZ0riyA8=
43,-78,JJFJsrYNzgwKLDKA1Vnr6Rtycc8=,OiezGH3r0GNjUyD5b9tGZ0riyA8=
39,-80,JJFJsrYNzgwKLDKA1Vnr6Rtycc8=,Azd934Gq4gqSDRuDO0hRD9ACfpY=
40,-73,JJFJsrYNzgwKLDKA1Vnr6Rtycc8=,OiezGH3r0GNjUyD5b9tGZ0riyA8=
36,-79,JJFJsrYNzgwKLDKA1Vnr6Rtycc8=,Azd934Gq4gqSDRuDO0hRD9ACfpY=
38,-80,JJFJsrYNzgwKLDKA1Vnr6Rtycc8=,Azd934Gq4gqSDRuDO0hRD9ACfpY=
40,-74,JJFJsrYNzgwKLDKA1Vnr6Rtycc8=,OiezGH3r0GNjUyD5b9tGZ0riyA8=
34,-76,JJFJsrYNzgwKLDKA1Vnr6Rtycc8=,Azd934Gq4gqSDRuDO0hRD9ACfpY=
36,-80,JJFJsrYNzgwKLDKA1Vnr6Rtycc8=,Azd934Gq4gqSDRuDO0hRD9ACfpY=
35,-80,JJFJsrYNzgwKLDKA1Vnr6Rtycc8=,Azd934Gq4gqSDRuDO0hRD9ACfpY=
38,-79,JJFJsrYNzgwKLDKA1Vnr6Rtycc8=,Azd934Gq4gqSDRuDO0hRD9ACfpY=
37,-79,JJFJsrYNzgwKLDKA1Vnr6Rtycc8=,Azd934Gq4gqSDRuDO0hRD9ACfpY=
37,-80,JJFJsrYNzgwKLDKA1Vnr6Rtycc8=,Azd934Gq4gqSDRuDO0hRD9ACfpY=
39,-77,JJFJsrYNzgwKLDKA1Vnr6Rtycc8=,Azd934Gq4gqSDRuDO0hRD9ACfpY=
39,-75,JJFJsrYNzgwKLDKA1Vnr6Rtycc8=,Azd934Gq4gqSDRuDO0hRD9ACfpY=
40,-75,JJFJsrYNzgwKLDKA1Vnr6Rtycc8=,OiezGH3r0GNjUyD5b9tGZ0riyA8=
33,-79,JJFJsrYNzgwKLDKA1Vnr6Rtycc8=,Azd934Gq4gqSDRuDO0hRD9ACfpY=
42,-77,JJFJsrYNzgwKLDKA1Vnr6Rtycc8=,OiezGH3r0GNjUyD5b9tGZ0riyA8=
33,-78,JJFJsrYNzgwKLDKA1Vnr6Rtycc8=,Azd934Gq4gqSDRuDO0hRD9ACfpY=
33,-73,JJFJsrYNzgwKLDKA1Vnr6Rtycc8=,Azd934Gq4gqSDRuDO0hRD9ACfpY=
40,-76,JJFJsrYNzgwKLDKA1Vnr6Rtycc8=,OiezGH3r0GNjUyD5b9tGZ0riyA8=
40,-79,JJFJsrYNzgwKLDKA1Vnr6Rtycc8=,OiezGH3r0GNjUyD5b9tGZ0riyA8=
38,-77,JJFJsrYNzgwKLDKA1Vnr6Rtycc8=,Azd934Gq4gqSDRuDO0hRD9ACfpY=
34,-78,JJFJsrYNzgwKLDKA1Vnr6Rtycc8=,Azd934Gq4gqSDRuDO0hRD9ACfpY=
34,-79,JJFJsrYNzgwKLDKA1Vnr6Rtycc8=,Azd934Gq4gqSDRuDO0hRD9ACfpY=
32,-73,JJFJsrYNzgwKLDKA1Vnr6Rtycc8=,Azd934Gq4gqSDRuDO0hRD9ACfpY=
39,-78,JJFJsrYNzgwKLDKA1Vnr6Rtycc8=,Azd934Gq4gqSDRuDO0hRD9ACfpY=
38,-75,JJFJsrYNzgwKLDKA1Vnr6Rtycc8=,Azd934Gq4gqSDRuDO0hRD9ACfpY=
39,-74,JJFJsrYNzgwKLDKA1Vnr6Rtycc8=,Azd934Gq4gqSDRuDO0hRD9ACfpY=
34,-80,JJFJsrYNzgwKLDKA1Vnr6Rtycc8=,Azd934Gq4gqSDRuDO0hRD9ACfpY=
40,-80,JJFJsrYNzgwKLDKA1Vnr6Rtycc8=,OiezGH3r0GNjUyD5b9tGZ0riyA8=
32,-79,JJFJsrYNzgwKLDKA1Vnr6Rtycc8=,Azd934Gq4gqSDRuDO0hRD9ACfpY=
34,-77,JJFJsrYNzgwKLDKA1Vnr6Rtycc8=,Azd934Gq4gqSDRuDO0hRD9ACfpY=
32,-78,JJFJsrYNzgwKLDKA1Vnr6Rtycc8=,Azd934Gq4gqSDRuDO0hRD9ACfpY=
38,-74,JJFJsrYNzgwKLDKA1Vnr6Rtycc8=,Azd934Gq4gqSDRuDO0hRD9ACfpY=
35,-78,JJFJsrYNzgwKLDKA1Vnr6Rtycc8=,Azd934Gq4gqSDRuDO0hRD9ACfpY=
37,-75,JJFJsrYNzgwKLDKA1Vnr6Rtycc8=,Azd934Gq4gqSDRuDO0hRD9ACfpY=
36,-75,JJFJsrYNzgwKLDKA1Vnr6Rtycc8=,Azd934Gq4gqSDRuDO0hRD9ACfpY=
38,-78,JJFJsrYNzgwKLDKA1Vnr6Rtycc8=,Azd934Gq4gqSDRuDO0hRD9ACfpY=
35,-77,JJFJsrYNzgwKLDKA1Vnr6Rtycc8=,Azd934Gq4gqSDRuDO0hRD9ACfpY=
40,-77,JJFJsrYNzgwKLDKA1Vnr6Rtycc8=,OiezGH3r0GNjUyD5b9tGZ0riyA8=
36,-77,JJFJsrYNzgwKLDKA1Vnr6Rtycc8=,Azd934Gq4gqSDRuDO0hRD9ACfpY=
36,-78,JJFJsrYNzgwKLDKA1Vnr6Rtycc8=,Azd934Gq4gqSDRuDO0hRD9ACfpY=
37,-78,JJFJsrYNzgwKLDKA1Vnr6Rtycc8=,Azd934Gq4gqSDRuDO0hRD9ACfpY=
37,-77,JJFJsrYNzgwKLDKA1Vnr6Rtycc8=,Azd934Gq4gqSDRuDO0hRD9ACfpY=
39,-79,JJFJsrYNzgwKLDKA1Vnr6Rtycc8=,Azd934Gq4gqSDRuDO0hRD9ACfpY=
33,-80,JJFJsrYNzgwKLDKA1Vnr6Rtycc8=,Azd934Gq4gqSDRuDO0hRD9ACfpY=
40,-78,JJFJsrYNzgwKLDKA1Vnr6Rtycc8=,OiezGH3r0GNjUyD5b9tGZ0riyA8=
49,-77,1kaQ8/Stx/nmLswtNGZYuofDHB4=,jcoel/nmElyaG54zuBx9zYMrkpY=
54,-73,1kaQ8/Stx/nmLswtNGZYuofDHB4=,jcoel/nmElyaG54zuBx9zYMrkpY=
53,-73,1kaQ8/Stx/nmLswtNGZYuofDHB4=,jcoel/nmElyaG54zuBx9zYMrkpY=
52,-73,1kaQ8/Stx/nmLswtNGZYuofDHB4=,jcoel/nmElyaG54zuBx9zYMrkpY=
51,-73,1kaQ8/Stx/nmLswtNGZYuofDHB4=,jcoel/nmElyaG54zuBx9zYMrkpY=
50,-73,1kaQ8/Stx/nmLswtNGZYuofDHB4=,jcoel/nmElyaG54zuBx9zYMrkpY=
49,-73,1kaQ8/Stx/nmLswtNGZYuofDHB4=,jcoel/nmElyaG54zuBx9zYMrkpY=
54,-74,1kaQ8/Stx/nmLswtNGZYuofDHB4=,jcoel/nmElyaG54zuBx9zYMrkpY=
52,-74,1kaQ8/Stx/nmLswtNGZYuofDHB4=,jcoel/nmElyaG54zuBx9zYMrkpY=
53,-74,1kaQ8/Stx/nmLswtNGZYuofDHB4=,jcoel/nmElyaG54zuBx9zYMrkpY=
51,-74,1kaQ8/Stx/nmLswtNGZYuofDHB4=,jcoel/nmElyaG54zuBx9zYMrkpY=
50,-74,1kaQ8/Stx/nmLswtNGZYuofDHB4=,jcoel/nmElyaG54zuBx9zYMrkpY=
49,-74,1kaQ8/Stx/nmLswtNGZYuofDHB4=,jcoel/nmElyaG54zuBx9zYMrkpY=
54,-75,1kaQ8/Stx/nmLswtNGZYuofDHB4=,jcoel/nmElyaG54zuBx9zYMrkpY=
53,-75,1kaQ8/Stx/nmLswtNGZYuofDHB4=,jcoel/nmElyaG54zuBx9zYMrkpY=
52,-75,1kaQ8/Stx/nmLswtNGZYuofDHB4=,jcoel/nmElyaG54zuBx9zYMrkpY=
51,-75,1kaQ8/Stx/nmLswtNGZYuofDHB4=,jcoel/nmElyaG54zuBx9zYMrkpY=
49,-75,kRXhQTt3VurIETiCae36CA2/qVA=,jcoel/nmElyaG54zuBx9zYMrkpY=
54,-76,kRXhQTt3VurIETiCae36CA2/qVA=,jcoel/nmElyaG54zuBx9zYMrkpY=
53,-76,kRXhQTt3VurIETiCae36CA2/qVA=,jcoel/nmElyaG54zuBx9zYMrkpY=
52,-76,kRXhQTt3VurIETiCae36CA2/qVA=,jcoel/nmElyaG54zuBx9zYMrkpY=
51,-76,kRXhQTt3VurIETiCae36CA2/qVA=,jcoel/nmElyaG54zuBx9zYMrkpY=
50,-75,kRXhQTt3VurIETiCae36CA2/qVA=,jcoel/nmElyaG54zuBx9zYMrkpY=
50,-76,kRXhQTt3VurIETiCae36CA2/qVA=,jcoel/nmElyaG54zuBx9zYMrkpY=
49,-76,kRXhQTt3VurIETiCae36CA2/qVA=,jcoel/nmElyaG54zuBx9zYMrkpY=
54,-77,kRXhQTt3VurIETiCae36CA2/qVA=,jcoel/nmElyaG54zuBx9zYMrkpY=
53,-77,kRXhQTt3VurIETiCae36CA2/qVA=,jcoel/nmElyaG54zuBx9zYMrkpY=
52,-77,kRXhQTt3VurIETiCae36CA2/qVA=,jcoel/nmElyaG54zuBx9zYMrkpY=
51,-77,1kaQ8/Stx/nmLswtNGZYuofDHB4=,jcoel/nmElyaG54zuBx9zYMrkpY=
50,-77,1kaQ8/Stx/nmLswtNGZYuofDHB4=,jcoel/nmElyaG54zuBx9zYMrkpY=
51,-80,kRXhQTt3VurIETiCae36CA2/qVA=,jcoel/nmElyaG54zuBx9zYMrkpY=
54,-80,kRXhQTt3VurIETiCae36CA2/qVA=,jcoel/nmElyaG54zuBx9zYMrkpY=
55,-74,kRXhQTt3VurIETiCae36CA2/qVA=,jcoel/nmElyaG54zuBx9zYMrkpY=
55,-78,kRXhQTt3VurIETiCae36CA2/qVA=,jcoel/nmElyaG54zuBx9zYMrkpY=
55,-75,kRXhQTt3VurIETiCae36CA2/qVA=,jcoel/nmElyaG54zuBx9zYMrkpY=
54,-78,kRXhQTt3VurIETiCae36CA2/qVA=,jcoel/nmElyaG54zuBx9zYMrkpY=
53,-80,kRXhQTt3VurIETiCae36CA2/qVA=,jcoel/nmElyaG54zuBx9zYMrkpY=
55,-76,kRXhQTt3VurIETiCae36CA2/qVA=,jcoel/nmElyaG54zuBx9zYMrkpY=
55,-80,kRXhQTt3VurIETiCae36CA2/qVA=,jcoel/nmElyaG54zuBx9zYMrkpY=
55,-77,kRXhQTt3VurIETiCae36CA2/qVA=,jcoel/nmElyaG54zuBx9zYMrkpY=
52,-78,kRXhQTt3VurIETiCae36CA2/qVA=,jcoel/nmElyaG54zuBx9zYMrkpY=
55,-79,kRXhQTt3VurIETiCae36CA2/qVA=,jcoel/nmElyaG54zuBx9zYMrkpY=
52,-79,kRXhQTt3VurIETiCae36CA2/qVA=,jcoel/nmElyaG54zuBx9zYMrkpY=
53,-79,kRXhQTt3VurIETiCae36CA2/qVA=,jcoel/nmElyaG54zuBx9zYMrkpY=
54,-79,kRXhQTt3VurIETiCae36CA2/qVA=,jcoel/nmElyaG54zuBx9zYMrkpY=
52,-80,kRXhQTt3VurIETiCae36CA2/qVA=,jcoel/nmElyaG54zuBx9zYMrkpY=
53,-78,kRXhQTt3VurIETiCae36CA2/qVA=,jcoel/nmElyaG54zuBx9zYMrkpY=
55,-73,kRXhQTt3VurIETiCae36CA2/qVA=,jcoel/nmElyaG54zuBx9zYMrkpY=
48,-77,kRXhQTt3VurIETiCae36CA2/qVA=,jcoel/nmElyaG54zuBx9zYMrkpY=
48,-76,kRXhQTt3VurIETiCae36CA2/qVA=,jcoel/nmElyaG54zuBx9zYMrkpY=
48,-80,kRXhQTt3VurIETiCae36CA2/qVA=,jcoel/nmElyaG54zuBx9zYMrkpY=
48,-75,kRXhQTt3VurIETiCae36CA2/qVA=,jcoel/nmElyaG54zuBx9zYMrkpY=
48,-73,kRXhQTt3VurIETiCae36CA2/qVA=,jcoel/nmElyaG54zuBx9zYMrkpY=
48,-74,kRXhQTt3VurIETiCae36CA2/qVA=,jcoel/nmElyaG54zuBx9zYMrkpY=
48,-78,kRXhQTt3VurIETiCae36CA2/qVA=,jcoel/nmElyaG54zuBx9zYMrkpY=
49,-78,kRXhQTt3VurIETiCae36CA2/qVA=,jcoel/nmElyaG54zuBx9zYMrkpY=
50,-78,kRXhQTt3VurIETiCae36CA2/qVA=,jcoel/nmElyaG54zuBx9zYMrkpY=
49,-79,kRXhQTt3VurIETiCae36CA2/qVA=,jcoel/nmElyaG54zuBx9zYMrkpY=
51,-79,kRXhQTt3VurIETiCae36CA2/qVA=,jcoel/nmElyaG54zuBx9zYMrkpY=
49,-80,kRXhQTt3VurIETiCae36CA2/qVA=,jcoel/nmElyaG54zuBx9zYMrkpY=
48,-79,kRXhQTt3VurIETiCae36CA2/qVA=,jcoel/nmElyaG54zuBx9zYMrkpY=
50,-80,kRXhQTt3VurIETiCae36CA2/qVA=,jcoel/nmElyaG54zuBx9zYMrkpY=
50,-79,kRXhQTt3VurIETiCae36CA2/qVA=,jcoel/nmElyaG54zuBx9zYMrkpY=
51,-78,kRXhQTt3VurIETiCae36CA2/qVA=,jcoel/nmElyaG54zuBx9zYMrkpY=
