4,-5,gtXAwwMA2H4156UCCmtLy44VNYQ=,YQvwUCI0TElJnghwwchKStMBJQU=
3,-5,gtXAwwMA2H4156UCCmtLy44VNYQ=,K4mEvSG7s1vjbYx+FVpLvCVEo/M=
5,-7,gtXAwwMA2H4156UCCmtLy44VNYQ=,byqrfhnCAxBIIPgPHO4Vk0n0PDc=
1,-5,gtXAwwMA2H4156UCCmtLy44VNYQ=,ke7D0vrRdiHpq4/BzKwNZJ9IHCU=
5,-6,gtXAwwMA2H4156UCCmtLy44VNYQ=,YQvwUCI0TElJnghwwchKStMBJQU=
1,-2,gtXAwwMA2H4156UCCmtLy44VNYQ=,CJQ5VJU2H1QGItNaIGSWWUENeU8=
0,-2,gtXAwwMA2H4156UCCmtLy44VNYQ=,CJQ5VJU2H1QGItNaIGSWWUENeU8=
1,-1,gtXAwwMA2H4156UCCmtLy44VNYQ=,CJQ5VJU2H1QGItNaIGSWWUENeU8=
0,-5,gtXAwwMA2H4156UCCmtLy44VNYQ=,ke7D0vrRdiHpq4/BzKwNZJ9IHCU=
5,-8,gtXAwwMA2H4156UCCmtLy44VNYQ=,byqrfhnCAxBIIPgPHO4Vk0n0PDc=
5,-5,gtXAwwMA2H4156UCCmtLy44VNYQ=,YQvwUCI0TElJnghwwchKStMBJQU=
2,-5,gtXAwwMA2H4156UCCmtLy44VNYQ=,K4mEvSG7s1vjbYx+FVpLvCVEo/M=
1,-8,gtXAwwMA2H4156UCCmtLy44VNYQ=,mS0SK/i9pLyShAThFudSUGnRmnc=
2,-8,gtXAwwMA2H4156UCCmtLy44VNYQ=,JFuGBipzX0WLU3Q/0SO0jqtkR5w=
4,-8,gtXAwwMA2H4156UCCmtLy44VNYQ=,byqrfhnCAxBIIPgPHO4Vk0n0PDc=
0,-1,gtXAwwMA2H4156UCCmtLy44VNYQ=,CJQ5VJU2H1QGItNaIGSWWUENeU8=
4,-7,gtXAwwMA2H4156UCCmtLy44VNYQ=,byqrfhnCAxBIIPgPHO4Vk0n0PDc=
0,-8,gtXAwwMA2H4156UCCmtLy44VNYQ=,mS0SK/i9pLyShAThFudSUGnRmnc=
1,-7,gtXAwwMA2H4156UCCmtLy44VNYQ=,mS0SK/i9pLyShAThFudSUGnRmnc=
0,-6,gtXAwwMA2H4156UCCmtLy44VNYQ=,ke7D0vrRdiHpq4/BzKwNZJ9IHCU=
0,-7,gtXAwwMA2H4156UCCmtLy44VNYQ=,mS0SK/i9pLyShAThFudSUGnRmnc=
2,-7,gtXAwwMA2H4156UCCmtLy44VNYQ=,JFuGBipzX0WLU3Q/0SO0jqtkR5w=
2,-6,gtXAwwMA2H4156UCCmtLy44VNYQ=,K4mEvSG7s1vjbYx+FVpLvCVEo/M=
1,-6,gtXAwwMA2H4156UCCmtLy44VNYQ=,ke7D0vrRdiHpq4/BzKwNZJ9IHCU=
4,-6,gtXAwwMA2H4156UCCmtLy44VNYQ=,YQvwUCI0TElJnghwwchKStMBJQU=
3,-8,gtXAwwMA2H4156UCCmtLy44VNYQ=,JFuGBipzX0WLU3Q/0SO0jqtkR5w=
3,-6,gtXAwwMA2H4156UCCmtLy44VNYQ=,K4mEvSG7s1vjbYx+FVpLvCVEo/M=
3,-7,gtXAwwMA2H4156UCCmtLy44VNYQ=,JFuGBipzX0WLU3Q/0SO0jqtkR5w=
0,-3,gtXAwwMA2H4156UCCmtLy44VNYQ=,qKl/uF/HmVbgEr7OjSIsbH2o3bA=
1,-3,gtXAwwMA2H4156UCCmtLy44VNYQ=,qKl/uF/HmVbgEr7OjSIsbH2o3bA=
0,-4,gtXAwwMA2H4156UCCmtLy44VNYQ=,qKl/uF/HmVbgEr7OjSIsbH2o3bA=
1,-4,gtXAwwMA2H4156UCCmtLy44VNYQ=,qKl/uF/HmVbgEr7OjSIsbH2o3bA=
