7,-20,HKZSdsMKhauTYd/kU3UFzUohzgE=,6W71FfZzGElosP9uopfBpi70CKM=
1,-23,HKZSdsMKhauTYd/kU3UFzUohzgE=,6W71FfZzGElosP9uopfBpi70CKM=
7,-24,HKZSdsMKhauTYd/kU3UFzUohzgE=,6W71FfZzGElosP9uopfBpi70CKM=
5,-24,HKZSdsMKhauTYd/kU3UFzUohzgE=,6W71FfZzGElosP9uopfBpi70CKM=
2,-23,HKZSdsMKhauTYd/kU3UFzUohzgE=,6W71FfZzGElosP9uopfBpi70CKM=
7,-22,HKZSdsMKhauTYd/kU3UFzUohzgE=,6W71FfZzGElosP9uopfBpi70CKM=
3,-23,HKZSdsMKhauTYd/kU3UFzUohzgE=,6W71FfZzGElosP9uopfBpi70CKM=
6,-22,HKZSdsMKhauTYd/kU3UFzUohzgE=,6W71FfZzGElosP9uopfBpi70CKM=
1,-19,HKZSdsMKhauTYd/kU3UFzUohzgE=,6W71FfZzGElosP9uopfBpi70CKM=
2,-19,HKZSdsMKhauTYd/kU3UFzUohzgE=,6W71FfZzGElosP9uopfBpi70CKM=
4,-19,HKZSdsMKhauTYd/kU3UFzUohzgE=,6W71FfZzGElosP9uopfBpi70CKM=
3,-19,HKZSdsMKhauTYd/kU3UFzUohzgE=,6W71FfZzGElosP9uopfBpi70CKM=
6,-19,HKZSdsMKhauTYd/kU3UFzUohzgE=,6W71FfZzGElosP9uopfBpi70CKM=
5,-19,HKZSdsMKhauTYd/kU3UFzUohzgE=,6W71FfZzGElosP9uopfBpi70CKM=
4,-23,HKZSdsMKhauTYd/kU3UFzUohzgE=,6W71FfZzGElosP9uopfBpi70CKM=
7,-19,HKZSdsMKhauTYd/kU3UFzUohzgE=,6W71FfZzGElosP9uopfBpi70CKM=
1,-18,HKZSdsMKhauTYd/kU3UFzUohzgE=,6W71FfZzGElosP9uopfBpi70CKM=
3,-18,HKZSdsMKhauTYd/kU3UFzUohzgE=,6W71FfZzGElosP9uopfBpi70CKM=
5,-23,HKZSdsMKhauTYd/kU3UFzUohzgE=,6W71FfZzGElosP9uopfBpi70CKM=
2,-18,HKZSdsMKhauTYd/kU3UFzUohzgE=,6W71FfZzGElosP9uopfBpi70CKM=
1,-21,HKZSdsMKhauTYd/kU3UFzUohzgE=,6W71FfZzGElosP9uopfBpi70CKM=
4,-18,HKZSdsMKhauTYd/kU3UFzUohzgE=,6W71FfZzGElosP9uopfBpi70CKM=
6,-18,HKZSdsMKhauTYd/kU3UFzUohzgE=,6W71FfZzGElosP9uopfBpi70CKM=
5,-18,HKZSdsMKhauTYd/kU3UFzUohzgE=,6W71FfZzGElosP9uopfBpi70CKM=
1,-20,HKZSdsMKhauTYd/kU3UFzUohzgE=,6W71FfZzGElosP9uopfBpi70CKM=
2,-24,HKZSdsMKhauTYd/kU3UFzUohzgE=,6W71FfZzGElosP9uopfBpi70CKM=
1,-17,HKZSdsMKhauTYd/kU3UFzUohzgE=,6W71FfZzGElosP9uopfBpi70CKM=
1,-22,HKZSdsMKhauTYd/kU3UFzUohzgE=,6W71FfZzGElosP9uopfBpi70CKM=
7,-18,HKZSdsMKhauTYd/kU3UFzUohzgE=,6W71FfZzGElosP9uopfBpi70CKM=
2,-22,HKZSdsMKhauTYd/kU3UFzUohzgE=,6W71FfZzGElosP9uopfBpi70CKM=
2,-17,HKZSdsMKhauTYd/kU3UFzUohzgE=,6W71FfZzGElosP9uopfBpi70CKM=
3,-17,HKZSdsMKhauTYd/kU3UFzUohzgE=,6W71FfZzGElosP9uopfBpi70CKM=
4,-22,HKZSdsMKhauTYd/kU3UFzUohzgE=,6W71FfZzGElosP9uopfBpi70CKM=
5,-22,HKZSdsMKhauTYd/kU3UFzUohzgE=,6W71FfZzGElosP9uopfBpi70CKM=
6,-24,HKZSdsMKhauTYd/kU3UFzUohzgE=,6W71FfZzGElosP9uopfBpi70CKM=
3,-22,HKZSdsMKhauTYd/kU3UFzUohzgE=,6W71FfZzGElosP9uopfBpi70CKM=
4,-17,HKZSdsMKhauTYd/kU3UFzUohzgE=,6W71FfZzGElosP9uopfBpi70CKM=
1,-24,HKZSdsMKhauTYd/kU3UFzUohzgE=,6W71FfZzGElosP9uopfBpi70CKM=
5,-17,HKZSdsMKhauTYd/kU3UFzUohzgE=,6W71FfZzGElosP9uopfBpi70CKM=
6,-23,HKZSdsMKhauTYd/kU3UFzUohzgE=,6W71FfZzGElosP9uopfBpi70CKM=
6,-17,HKZSdsMKhauTYd/kU3UFzUohzgE=,6W71FfZzGElosP9uopfBpi70CKM=
2,-21,HKZSdsMKhauTYd/kU3UFzUohzgE=,6W71FfZzGElosP9uopfBpi70CKM=
7,-23,HKZSdsMKhauTYd/kU3UFzUohzgE=,6W71FfZzGElosP9uopfBpi70CKM=
7,-17,HKZSdsMKhauTYd/kU3UFzUohzgE=,6W71FfZzGElosP9uopfBpi70CKM=
3,-21,HKZSdsMKhauTYd/kU3UFzUohzgE=,6W71FfZzGElosP9uopfBpi70CKM=
4,-21,HKZSdsMKhauTYd/kU3UFzUohzgE=,6W71FfZzGElosP9uopfBpi70CKM=
3,-20,HKZSdsMKhauTYd/kU3UFzUohzgE=,6W71FfZzGElosP9uopfBpi70CKM=
2,-20,HKZSdsMKhauTYd/kU3UFzUohzgE=,6W71FfZzGElosP9uopfBpi70CKM=
5,-21,HKZSdsMKhauTYd/kU3UFzUohzgE=,6W71FfZzGElosP9uopfBpi70CKM=
4,-20,HKZSdsMKhauTYd/kU3UFzUohzgE=,6W71FfZzGElosP9uopfBpi70CKM=
6,-21,HKZSdsMKhauTYd/kU3UFzUohzgE=,6W71FfZzGElosP9uopfBpi70CKM=
7,-21,HKZSdsMKhauTYd/kU3UFzUohzgE=,6W71FfZzGElosP9uopfBpi70CKM=
4,-24,HKZSdsMKhauTYd/kU3UFzUohzgE=,6W71FfZzGElosP9uopfBpi70CKM=
5,-20,HKZSdsMKhauTYd/kU3UFzUohzgE=,6W71FfZzGElosP9uopfBpi70CKM=
3,-24,HKZSdsMKhauTYd/kU3UFzUohzgE=,6W71FfZzGElosP9uopfBpi70CKM=
6,-20,HKZSdsMKhauTYd/kU3UFzUohzgE=,6W71FfZzGElosP9uopfBpi70CKM=
0,-24,HKZSdsMKhauTYd/kU3UFzUohzgE=,6W71FfZzGElosP9uopfBpi70CKM=
0,-23,HKZSdsMKhauTYd/kU3UFzUohzgE=,6W71FfZzGElosP9uopfBpi70CKM=
0,-22,HKZSdsMKhauTYd/kU3UFzUohzgE=,6W71FfZzGElosP9uopfBpi70CKM=
0,-17,HKZSdsMKhauTYd/kU3UFzUohzgE=,6W71FfZzGElosP9uopfBpi70CKM=
0,-18,HKZSdsMKhauTYd/kU3UFzUohzgE=,6W71FfZzGElosP9uopfBpi70CKM=
0,-21,HKZSdsMKhauTYd/kU3UFzUohzgE=,6W71FfZzGElosP9uopfBpi70CKM=
0,-20,HKZSdsMKhauTYd/kU3UFzUohzgE=,6W71FfZzGElosP9uopfBpi70CKM=
0,-19,HKZSdsMKhauTYd/kU3UFzUohzgE=,6W71FfZzGElosP9uopfBpi70CKM=
0,-7,HKZSdsMKhauTYd/kU3UFzUohzgE=,hocetj6cxKdPvXu3pi8viH/FJe8=
7,-4,HKZSdsMKhauTYd/kU3UFzUohzgE=,hocetj6cxKdPvXu3pi8viH/FJe8=
6,-4,HKZSdsMKhauTYd/kU3UFzUohzgE=,hocetj6cxKdPvXu3pi8viH/FJe8=
7,-5,HKZSdsMKhauTYd/kU3UFzUohzgE=,hocetj6cxKdPvXu3pi8viH/FJe8=
6,-5,HKZSdsMKhauTYd/kU3UFzUohzgE=,hocetj6cxKdPvXu3pi8viH/FJe8=
5,-8,HKZSdsMKhauTYd/kU3UFzUohzgE=,hocetj6cxKdPvXu3pi8viH/FJe8=
7,-8,HKZSdsMKhauTYd/kU3UFzUohzgE=,hocetj6cxKdPvXu3pi8viH/FJe8=
6,-6,HKZSdsMKhauTYd/kU3UFzUohzgE=,hocetj6cxKdPvXu3pi8viH/FJe8=
5,-5,HKZSdsMKhauTYd/kU3UFzUohzgE=,hocetj6cxKdPvXu3pi8viH/FJe8=
3,-8,HKZSdsMKhauTYd/kU3UFzUohzgE=,hocetj6cxKdPvXu3pi8viH/FJe8=
7,-6,HKZSdsMKhauTYd/kU3UFzUohzgE=,hocetj6cxKdPvXu3pi8viH/FJe8=
5,-4,HKZSdsMKhauTYd/kU3UFzUohzgE=,hocetj6cxKdPvXu3pi8viH/FJe8=
4,-4,HKZSdsMKhauTYd/kU3UFzUohzgE=,hocetj6cxKdPvXu3pi8viH/FJe8=
3,-4,HKZSdsMKhauTYd/kU3UFzUohzgE=,hocetj6cxKdPvXu3pi8viH/FJe8=
4,-5,HKZSdsMKhauTYd/kU3UFzUohzgE=,hocetj6cxKdPvXu3pi8viH/FJe8=
6,-8,HKZSdsMKhauTYd/kU3UFzUohzgE=,hocetj6cxKdPvXu3pi8viH/FJe8=
3,-5,HKZSdsMKhauTYd/kU3UFzUohzgE=,hocetj6cxKdPvXu3pi8viH/FJe8=
7,-7,HKZSdsMKhauTYd/kU3UFzUohzgE=,hocetj6cxKdPvXu3pi8viH/FJe8=
6,-7,HKZSdsMKhauTYd/kU3UFzUohzgE=,hocetj6cxKdPvXu3pi8viH/FJe8=
1,-8,HKZSdsMKhauTYd/kU3UFzUohzgE=,hocetj6cxKdPvXu3pi8viH/FJe8=
4,-8,HKZSdsMKhauTYd/kU3UFzUohzgE=,hocetj6cxKdPvXu3pi8viH/FJe8=
2,-4,HKZSdsMKhauTYd/kU3UFzUohzgE=,hocetj6cxKdPvXu3pi8viH/FJe8=
5,-6,HKZSdsMKhauTYd/kU3UFzUohzgE=,hocetj6cxKdPvXu3pi8viH/FJe8=
4,-6,HKZSdsMKhauTYd/kU3UFzUohzgE=,hocetj6cxKdPvXu3pi8viH/FJe8=
3,-6,HKZSdsMKhauTYd/kU3UFzUohzgE=,hocetj6cxKdPvXu3pi8viH/FJe8=
2,-5,HKZSdsMKhauTYd/kU3UFzUohzgE=,hocetj6cxKdPvXu3pi8viH/FJe8=
1,-5,HKZSdsMKhauTYd/kU3UFzUohzgE=,hocetj6cxKdPvXu3pi8viH/FJe8=
2,-6,HKZSdsMKhauTYd/kU3UFzUohzgE=,hocetj6cxKdPvXu3pi8viH/FJe8=
7,-1,HKZSdsMKhauTYd/kU3UFzUohzgE=,hocetj6cxKdPvXu3pi8viH/FJe8=
6,-1,HKZSdsMKhauTYd/kU3UFzUohzgE=,hocetj6cxKdPvXu3pi8viH/FJe8=
1,-6,HKZSdsMKhauTYd/kU3UFzUohzgE=,hocetj6cxKdPvXu3pi8viH/FJe8=
4,-1,HKZSdsMKhauTYd/kU3UFzUohzgE=,hocetj6cxKdPvXu3pi8viH/FJe8=
5,-1,HKZSdsMKhauTYd/kU3UFzUohzgE=,hocetj6cxKdPvXu3pi8viH/FJe8=
3,-1,HKZSdsMKhauTYd/kU3UFzUohzgE=,hocetj6cxKdPvXu3pi8viH/FJe8=
0,-6,HKZSdsMKhauTYd/kU3UFzUohzgE=,hocetj6cxKdPvXu3pi8viH/FJe8=
2,-8,HKZSdsMKhauTYd/kU3UFzUohzgE=,hocetj6cxKdPvXu3pi8viH/FJe8=
0,-5,HKZSdsMKhauTYd/kU3UFzUohzgE=,hocetj6cxKdPvXu3pi8viH/FJe8=
2,-1,HKZSdsMKhauTYd/kU3UFzUohzgE=,hocetj6cxKdPvXu3pi8viH/FJe8=
5,-7,HKZSdsMKhauTYd/kU3UFzUohzgE=,hocetj6cxKdPvXu3pi8viH/FJe8=
6,-2,HKZSdsMKhauTYd/kU3UFzUohzgE=,hocetj6cxKdPvXu3pi8viH/FJe8=
7,-2,HKZSdsMKhauTYd/kU3UFzUohzgE=,hocetj6cxKdPvXu3pi8viH/FJe8=
4,-2,HKZSdsMKhauTYd/kU3UFzUohzgE=,hocetj6cxKdPvXu3pi8viH/FJe8=
3,-2,HKZSdsMKhauTYd/kU3UFzUohzgE=,hocetj6cxKdPvXu3pi8viH/FJe8=
1,-4,HKZSdsMKhauTYd/kU3UFzUohzgE=,hocetj6cxKdPvXu3pi8viH/FJe8=
5,-2,HKZSdsMKhauTYd/kU3UFzUohzgE=,hocetj6cxKdPvXu3pi8viH/FJe8=
2,-2,HKZSdsMKhauTYd/kU3UFzUohzgE=,hocetj6cxKdPvXu3pi8viH/FJe8=
0,-4,HKZSdsMKhauTYd/kU3UFzUohzgE=,hocetj6cxKdPvXu3pi8viH/FJe8=
4,-7,HKZSdsMKhauTYd/kU3UFzUohzgE=,hocetj6cxKdPvXu3pi8viH/FJe8=
7,-3,HKZSdsMKhauTYd/kU3UFzUohzgE=,hocetj6cxKdPvXu3pi8viH/FJe8=
6,-3,HKZSdsMKhauTYd/kU3UFzUohzgE=,hocetj6cxKdPvXu3pi8viH/FJe8=
5,-3,HKZSdsMKhauTYd/kU3UFzUohzgE=,hocetj6cxKdPvXu3pi8viH/FJe8=
3,-7,HKZSdsMKhauTYd/kU3UFzUohzgE=,hocetj6cxKdPvXu3pi8viH/FJe8=
2,-7,HKZSdsMKhauTYd/kU3UFzUohzgE=,hocetj6cxKdPvXu3pi8viH/FJe8=
4,-3,HKZSdsMKhauTYd/kU3UFzUohzgE=,hocetj6cxKdPvXu3pi8viH/FJe8=
3,-3,HKZSdsMKhauTYd/kU3UFzUohzgE=,hocetj6cxKdPvXu3pi8viH/FJe8=
1,-3,HKZSdsMKhauTYd/kU3UFzUohzgE=,hocetj6cxKdPvXu3pi8viH/FJe8=
0,-3,HKZSdsMKhauTYd/kU3UFzUohzgE=,hocetj6cxKdPvXu3pi8viH/FJe8=
1,-7,HKZSdsMKhauTYd/kU3UFzUohzgE=,hocetj6cxKdPvXu3pi8viH/FJe8=
2,-3,HKZSdsMKhauTYd/kU3UFzUohzgE=,hocetj6cxKdPvXu3pi8viH/FJe8=
0,-8,HKZSdsMKhauTYd/kU3UFzUohzgE=,hocetj6cxKdPvXu3pi8viH/FJe8=
0,-2,HKZSdsMKhauTYd/kU3UFzUohzgE=,hocetj6cxKdPvXu3pi8viH/FJe8=
1,-1,HKZSdsMKhauTYd/kU3UFzUohzgE=,hocetj6cxKdPvXu3pi8viH/FJe8=
0,-1,HKZSdsMKhauTYd/kU3UFzUohzgE=,hocetj6cxKdPvXu3pi8viH/FJe8=
1,-2,HKZSdsMKhauTYd/kU3UFzUohzgE=,hocetj6cxKdPvXu3pi8viH/FJe8=
