7,4,NSd0mPiiSVBGMyLEJssfY+wKr/U=,ZtEMHnZBhi+taLe+ZLT8B76GUS4=
7,3,vItRBx+fg3ZT0f2GeqbWK01J8Qw=,ZtEMHnZBhi+taLe+ZLT8B76GUS4=
5,3,vItRBx+fg3ZT0f2GeqbWK01J8Qw=,ZtEMHnZBhi+taLe+ZLT8B76GUS4=
6,4,vItRBx+fg3ZT0f2GeqbWK01J8Qw=,ZtEMHnZBhi+taLe+ZLT8B76GUS4=
6,3,vItRBx+fg3ZT0f2GeqbWK01J8Qw=,ZtEMHnZBhi+taLe+ZLT8B76GUS4=
7,0,vItRBx+fg3ZT0f2GeqbWK01J8Qw=,ZtEMHnZBhi+taLe+ZLT8B76GUS4=
7,1,vItRBx+fg3ZT0f2GeqbWK01J8Qw=,ZtEMHnZBhi+taLe+ZLT8B76GUS4=
7,2,vItRBx+fg3ZT0f2GeqbWK01J8Qw=,ZtEMHnZBhi+taLe+ZLT8B76GUS4=
15,15,vItRBx+fg3ZT0f2GeqbWK01J8Qw=,ZtEMHnZBhi+taLe+ZLT8B76GUS4=
12,15,vItRBx+fg3ZT0f2GeqbWK01J8Qw=,ZtEMHnZBhi+taLe+ZLT8B76GUS4=
13,15,vItRBx+fg3ZT0f2GeqbWK01J8Qw=,ZtEMHnZBhi+taLe+ZLT8B76GUS4=
14,15,vItRBx+fg3ZT0f2GeqbWK01J8Qw=,ZtEMHnZBhi+taLe+ZLT8B76GUS4=
11,15,vItRBx+fg3ZT0f2GeqbWK01J8Qw=,ZtEMHnZBhi+taLe+ZLT8B76GUS4=
10,15,vItRBx+fg3ZT0f2GeqbWK01J8Qw=,ZtEMHnZBhi+taLe+ZLT8B76GUS4=
8,1,NSd0mPiiSVBGMyLEJssfY+wKr/U=,ZtEMHnZBhi+taLe+ZLT8B76GUS4=
9,15,vItRBx+fg3ZT0f2GeqbWK01J8Qw=,ZtEMHnZBhi+taLe+ZLT8B76GUS4=
8,15,vItRBx+fg3ZT0f2GeqbWK01J8Qw=,ZtEMHnZBhi+taLe+ZLT8B76GUS4=
6,1,vItRBx+fg3ZT0f2GeqbWK01J8Qw=,ZtEMHnZBhi+taLe+ZLT8B76GUS4=
6,15,vItRBx+fg3ZT0f2GeqbWK01J8Qw=,ZtEMHnZBhi+taLe+ZLT8B76GUS4=
8,3,NSd0mPiiSVBGMyLEJssfY+wKr/U=,ZtEMHnZBhi+taLe+ZLT8B76GUS4=
7,15,vItRBx+fg3ZT0f2GeqbWK01J8Qw=,ZtEMHnZBhi+taLe+ZLT8B76GUS4=
4,15,vItRBx+fg3ZT0f2GeqbWK01J8Qw=,ZtEMHnZBhi+taLe+ZLT8B76GUS4=
5,15,vItRBx+fg3ZT0f2GeqbWK01J8Qw=,ZtEMHnZBhi+taLe+ZLT8B76GUS4=
5,1,vItRBx+fg3ZT0f2GeqbWK01J8Qw=,ZtEMHnZBhi+taLe+ZLT8B76GUS4=
3,15,vItRBx+fg3ZT0f2GeqbWK01J8Qw=,ZtEMHnZBhi+taLe+ZLT8B76GUS4=
9,1,NSd0mPiiSVBGMyLEJssfY+wKr/U=,ZtEMHnZBhi+taLe+ZLT8B76GUS4=
2,15,vItRBx+fg3ZT0f2GeqbWK01J8Qw=,ZtEMHnZBhi+taLe+ZLT8B76GUS4=
1,15,vItRBx+fg3ZT0f2GeqbWK01J8Qw=,ZtEMHnZBhi+taLe+ZLT8B76GUS4=
8,4,NSd0mPiiSVBGMyLEJssfY+wKr/U=,ZtEMHnZBhi+taLe+ZLT8B76GUS4=
15,14,vItRBx+fg3ZT0f2GeqbWK01J8Qw=,ZtEMHnZBhi+taLe+ZLT8B76GUS4=
9,4,NSd0mPiiSVBGMyLEJssfY+wKr/U=,ZtEMHnZBhi+taLe+ZLT8B76GUS4=
14,14,vItRBx+fg3ZT0f2GeqbWK01J8Qw=,ZtEMHnZBhi+taLe+ZLT8B76GUS4=
12,14,vItRBx+fg3ZT0f2GeqbWK01J8Qw=,ZtEMHnZBhi+taLe+ZLT8B76GUS4=
13,14,vItRBx+fg3ZT0f2GeqbWK01J8Qw=,ZtEMHnZBhi+taLe+ZLT8B76GUS4=
10,4,NSd0mPiiSVBGMyLEJssfY+wKr/U=,ZtEMHnZBhi+taLe+ZLT8B76GUS4=
10,14,vItRBx+fg3ZT0f2GeqbWK01J8Qw=,ZtEMHnZBhi+taLe+ZLT8B76GUS4=
11,14,vItRBx+fg3ZT0f2GeqbWK01J8Qw=,ZtEMHnZBhi+taLe+ZLT8B76GUS4=
0,15,vItRBx+fg3ZT0f2GeqbWK01J8Qw=,ZtEMHnZBhi+taLe+ZLT8B76GUS4=
11,4,NSd0mPiiSVBGMyLEJssfY+wKr/U=,ZtEMHnZBhi+taLe+ZLT8B76GUS4=
9,14,vItRBx+fg3ZT0f2GeqbWK01J8Qw=,ZtEMHnZBhi+taLe+ZLT8B76GUS4=
8,14,vItRBx+fg3ZT0f2GeqbWK01J8Qw=,ZtEMHnZBhi+taLe+ZLT8B76GUS4=
7,14,vItRBx+fg3ZT0f2GeqbWK01J8Qw=,ZtEMHnZBhi+taLe+ZLT8B76GUS4=
8,0,vItRBx+fg3ZT0f2GeqbWK01J8Qw=,ZtEMHnZBhi+taLe+ZLT8B76GUS4=
5,14,vItRBx+fg3ZT0f2GeqbWK01J8Qw=,ZtEMHnZBhi+taLe+ZLT8B76GUS4=
10,1,vItRBx+fg3ZT0f2GeqbWK01J8Qw=,ZtEMHnZBhi+taLe+ZLT8B76GUS4=
4,14,vItRBx+fg3ZT0f2GeqbWK01J8Qw=,ZtEMHnZBhi+taLe+ZLT8B76GUS4=
6,2,vItRBx+fg3ZT0f2GeqbWK01J8Qw=,ZtEMHnZBhi+taLe+ZLT8B76GUS4=
12,4,NSd0mPiiSVBGMyLEJssfY+wKr/U=,ZtEMHnZBhi+taLe+ZLT8B76GUS4=
3,14,vItRBx+fg3ZT0f2GeqbWK01J8Qw=,ZtEMHnZBhi+taLe+ZLT8B76GUS4=
6,14,vItRBx+fg3ZT0f2GeqbWK01J8Qw=,ZtEMHnZBhi+taLe+ZLT8B76GUS4=
8,2,NSd0mPiiSVBGMyLEJssfY+wKr/U=,ZtEMHnZBhi+taLe+ZLT8B76GUS4=
1,14,vItRBx+fg3ZT0f2GeqbWK01J8Qw=,ZtEMHnZBhi+taLe+ZLT8B76GUS4=
0,14,vItRBx+fg3ZT0f2GeqbWK01J8Qw=,ZtEMHnZBhi+taLe+ZLT8B76GUS4=
13,4,NSd0mPiiSVBGMyLEJssfY+wKr/U=,ZtEMHnZBhi+taLe+ZLT8B76GUS4=
15,13,vItRBx+fg3ZT0f2GeqbWK01J8Qw=,ZtEMHnZBhi+taLe+ZLT8B76GUS4=
9,2,vItRBx+fg3ZT0f2GeqbWK01J8Qw=,ZtEMHnZBhi+taLe+ZLT8B76GUS4=
14,13,vItRBx+fg3ZT0f2GeqbWK01J8Qw=,ZtEMHnZBhi+taLe+ZLT8B76GUS4=
2,14,vItRBx+fg3ZT0f2GeqbWK01J8Qw=,ZtEMHnZBhi+taLe+ZLT8B76GUS4=
5,4,vItRBx+fg3ZT0f2GeqbWK01J8Qw=,ZtEMHnZBhi+taLe+ZLT8B76GUS4=
14,4,vItRBx+fg3ZT0f2GeqbWK01J8Qw=,ZtEMHnZBhi+taLe+ZLT8B76GUS4=
13,13,vItRBx+fg3ZT0f2GeqbWK01J8Qw=,ZtEMHnZBhi+taLe+ZLT8B76GUS4=
15,4,vItRBx+fg3ZT0f2GeqbWK01J8Qw=,ZtEMHnZBhi+taLe+ZLT8B76GUS4=
11,13,vItRBx+fg3ZT0f2GeqbWK01J8Qw=,ZtEMHnZBhi+taLe+ZLT8B76GUS4=
10,13,vItRBx+fg3ZT0f2GeqbWK01J8Qw=,ZtEMHnZBhi+taLe+ZLT8B76GUS4=
5,2,vItRBx+fg3ZT0f2GeqbWK01J8Qw=,ZtEMHnZBhi+taLe+ZLT8B76GUS4=
10,2,vItRBx+fg3ZT0f2GeqbWK01J8Qw=,ZtEMHnZBhi+taLe+ZLT8B76GUS4=
4,2,vItRBx+fg3ZT0f2GeqbWK01J8Qw=,ZtEMHnZBhi+taLe+ZLT8B76GUS4=
9,13,vItRBx+fg3ZT0f2GeqbWK01J8Qw=,ZtEMHnZBhi+taLe+ZLT8B76GUS4=
7,13,vItRBx+fg3ZT0f2GeqbWK01J8Qw=,ZtEMHnZBhi+taLe+ZLT8B76GUS4=
8,13,vItRBx+fg3ZT0f2GeqbWK01J8Qw=,ZtEMHnZBhi+taLe+ZLT8B76GUS4=
6,13,vItRBx+fg3ZT0f2GeqbWK01J8Qw=,ZtEMHnZBhi+taLe+ZLT8B76GUS4=
5,13,vItRBx+fg3ZT0f2GeqbWK01J8Qw=,ZtEMHnZBhi+taLe+ZLT8B76GUS4=
1,5,vItRBx+fg3ZT0f2GeqbWK01J8Qw=,ZtEMHnZBhi+taLe+ZLT8B76GUS4=
0,5,vItRBx+fg3ZT0f2GeqbWK01J8Qw=,ZtEMHnZBhi+taLe+ZLT8B76GUS4=
12,13,vItRBx+fg3ZT0f2GeqbWK01J8Qw=,ZtEMHnZBhi+taLe+ZLT8B76GUS4=
4,13,vItRBx+fg3ZT0f2GeqbWK01J8Qw=,ZtEMHnZBhi+taLe+ZLT8B76GUS4=
3,13,vItRBx+fg3ZT0f2GeqbWK01J8Qw=,ZtEMHnZBhi+taLe+ZLT8B76GUS4=
2,5,vItRBx+fg3ZT0f2GeqbWK01J8Qw=,ZtEMHnZBhi+taLe+ZLT8B76GUS4=
1,13,vItRBx+fg3ZT0f2GeqbWK01J8Qw=,ZtEMHnZBhi+taLe+ZLT8B76GUS4=
4,4,vItRBx+fg3ZT0f2GeqbWK01J8Qw=,ZtEMHnZBhi+taLe+ZLT8B76GUS4=
3,5,vItRBx+fg3ZT0f2GeqbWK01J8Qw=,ZtEMHnZBhi+taLe+ZLT8B76GUS4=
0,13,vItRBx+fg3ZT0f2GeqbWK01J8Qw=,ZtEMHnZBhi+taLe+ZLT8B76GUS4=
15,12,vItRBx+fg3ZT0f2GeqbWK01J8Qw=,ZtEMHnZBhi+taLe+ZLT8B76GUS4=
14,12,vItRBx+fg3ZT0f2GeqbWK01J8Qw=,ZtEMHnZBhi+taLe+ZLT8B76GUS4=
12,12,vItRBx+fg3ZT0f2GeqbWK01J8Qw=,ZtEMHnZBhi+taLe+ZLT8B76GUS4=
10,12,vItRBx+fg3ZT0f2GeqbWK01J8Qw=,ZtEMHnZBhi+taLe+ZLT8B76GUS4=
11,12,vItRBx+fg3ZT0f2GeqbWK01J8Qw=,ZtEMHnZBhi+taLe+ZLT8B76GUS4=
4,5,vItRBx+fg3ZT0f2GeqbWK01J8Qw=,ZtEMHnZBhi+taLe+ZLT8B76GUS4=
9,12,vItRBx+fg3ZT0f2GeqbWK01J8Qw=,ZtEMHnZBhi+taLe+ZLT8B76GUS4=
2,13,vItRBx+fg3ZT0f2GeqbWK01J8Qw=,ZtEMHnZBhi+taLe+ZLT8B76GUS4=
5,5,vItRBx+fg3ZT0f2GeqbWK01J8Qw=,ZtEMHnZBhi+taLe+ZLT8B76GUS4=
7,12,vItRBx+fg3ZT0f2GeqbWK01J8Qw=,ZtEMHnZBhi+taLe+ZLT8B76GUS4=
13,12,vItRBx+fg3ZT0f2GeqbWK01J8Qw=,ZtEMHnZBhi+taLe+ZLT8B76GUS4=
8,12,vItRBx+fg3ZT0f2GeqbWK01J8Qw=,ZtEMHnZBhi+taLe+ZLT8B76GUS4=
6,12,vItRBx+fg3ZT0f2GeqbWK01J8Qw=,ZtEMHnZBhi+taLe+ZLT8B76GUS4=
5,12,vItRBx+fg3ZT0f2GeqbWK01J8Qw=,ZtEMHnZBhi+taLe+ZLT8B76GUS4=
6,5,vItRBx+fg3ZT0f2GeqbWK01J8Qw=,ZtEMHnZBhi+taLe+ZLT8B76GUS4=
2,12,vItRBx+fg3ZT0f2GeqbWK01J8Qw=,ZtEMHnZBhi+taLe+ZLT8B76GUS4=
1,12,vItRBx+fg3ZT0f2GeqbWK01J8Qw=,ZtEMHnZBhi+taLe+ZLT8B76GUS4=
3,12,vItRBx+fg3ZT0f2GeqbWK01J8Qw=,ZtEMHnZBhi+taLe+ZLT8B76GUS4=
7,5,vItRBx+fg3ZT0f2GeqbWK01J8Qw=,ZtEMHnZBhi+taLe+ZLT8B76GUS4=
4,12,vItRBx+fg3ZT0f2GeqbWK01J8Qw=,ZtEMHnZBhi+taLe+ZLT8B76GUS4=
15,11,vItRBx+fg3ZT0f2GeqbWK01J8Qw=,ZtEMHnZBhi+taLe+ZLT8B76GUS4=
0,12,vItRBx+fg3ZT0f2GeqbWK01J8Qw=,ZtEMHnZBhi+taLe+ZLT8B76GUS4=
14,11,vItRBx+fg3ZT0f2GeqbWK01J8Qw=,ZtEMHnZBhi+taLe+ZLT8B76GUS4=
5,0,vItRBx+fg3ZT0f2GeqbWK01J8Qw=,ZtEMHnZBhi+taLe+ZLT8B76GUS4=
8,5,vItRBx+fg3ZT0f2GeqbWK01J8Qw=,ZtEMHnZBhi+taLe+ZLT8B76GUS4=
12,11,vItRBx+fg3ZT0f2GeqbWK01J8Qw=,ZtEMHnZBhi+taLe+ZLT8B76GUS4=
11,11,vItRBx+fg3ZT0f2GeqbWK01J8Qw=,ZtEMHnZBhi+taLe+ZLT8B76GUS4=
13,11,vItRBx+fg3ZT0f2GeqbWK01J8Qw=,ZtEMHnZBhi+taLe+ZLT8B76GUS4=
10,11,vItRBx+fg3ZT0f2GeqbWK01J8Qw=,ZtEMHnZBhi+taLe+ZLT8B76GUS4=
3,2,vItRBx+fg3ZT0f2GeqbWK01J8Qw=,ZtEMHnZBhi+taLe+ZLT8B76GUS4=
9,11,vItRBx+fg3ZT0f2GeqbWK01J8Qw=,ZtEMHnZBhi+taLe+ZLT8B76GUS4=
2,2,vItRBx+fg3ZT0f2GeqbWK01J8Qw=,ZtEMHnZBhi+taLe+ZLT8B76GUS4=
9,5,vItRBx+fg3ZT0f2GeqbWK01J8Qw=,ZtEMHnZBhi+taLe+ZLT8B76GUS4=
10,5,vItRBx+fg3ZT0f2GeqbWK01J8Qw=,ZtEMHnZBhi+taLe+ZLT8B76GUS4=
6,11,vItRBx+fg3ZT0f2GeqbWK01J8Qw=,ZtEMHnZBhi+taLe+ZLT8B76GUS4=
5,11,vItRBx+fg3ZT0f2GeqbWK01J8Qw=,ZtEMHnZBhi+taLe+ZLT8B76GUS4=
8,11,vItRBx+fg3ZT0f2GeqbWK01J8Qw=,ZtEMHnZBhi+taLe+ZLT8B76GUS4=
7,11,vItRBx+fg3ZT0f2GeqbWK01J8Qw=,ZtEMHnZBhi+taLe+ZLT8B76GUS4=
11,5,vItRBx+fg3ZT0f2GeqbWK01J8Qw=,ZtEMHnZBhi+taLe+ZLT8B76GUS4=
4,11,vItRBx+fg3ZT0f2GeqbWK01J8Qw=,ZtEMHnZBhi+taLe+ZLT8B76GUS4=
3,11,vItRBx+fg3ZT0f2GeqbWK01J8Qw=,ZtEMHnZBhi+taLe+ZLT8B76GUS4=
2,11,vItRBx+fg3ZT0f2GeqbWK01J8Qw=,ZtEMHnZBhi+taLe+ZLT8B76GUS4=
1,11,vItRBx+fg3ZT0f2GeqbWK01J8Qw=,ZtEMHnZBhi+taLe+ZLT8B76GUS4=
9,3,vItRBx+fg3ZT0f2GeqbWK01J8Qw=,ZtEMHnZBhi+taLe+ZLT8B76GUS4=
0,11,vItRBx+fg3ZT0f2GeqbWK01J8Qw=,ZtEMHnZBhi+taLe+ZLT8B76GUS4=
15,10,vItRBx+fg3ZT0f2GeqbWK01J8Qw=,ZtEMHnZBhi+taLe+ZLT8B76GUS4=
14,10,vItRBx+fg3ZT0f2GeqbWK01J8Qw=,ZtEMHnZBhi+taLe+ZLT8B76GUS4=
13,10,vItRBx+fg3ZT0f2GeqbWK01J8Qw=,ZtEMHnZBhi+taLe+ZLT8B76GUS4=
13,5,vItRBx+fg3ZT0f2GeqbWK01J8Qw=,ZtEMHnZBhi+taLe+ZLT8B76GUS4=
14,0,vItRBx+fg3ZT0f2GeqbWK01J8Qw=,ZtEMHnZBhi+taLe+ZLT8B76GUS4=
15,0,vItRBx+fg3ZT0f2GeqbWK01J8Qw=,ZtEMHnZBhi+taLe+ZLT8B76GUS4=
14,5,vItRBx+fg3ZT0f2GeqbWK01J8Qw=,ZtEMHnZBhi+taLe+ZLT8B76GUS4=
12,5,vItRBx+fg3ZT0f2GeqbWK01J8Qw=,ZtEMHnZBhi+taLe+ZLT8B76GUS4=
12,10,vItRBx+fg3ZT0f2GeqbWK01J8Qw=,ZtEMHnZBhi+taLe+ZLT8B76GUS4=
11,10,vItRBx+fg3ZT0f2GeqbWK01J8Qw=,ZtEMHnZBhi+taLe+ZLT8B76GUS4=
15,5,vItRBx+fg3ZT0f2GeqbWK01J8Qw=,ZtEMHnZBhi+taLe+ZLT8B76GUS4=
10,10,vItRBx+fg3ZT0f2GeqbWK01J8Qw=,ZtEMHnZBhi+taLe+ZLT8B76GUS4=
10,3,vItRBx+fg3ZT0f2GeqbWK01J8Qw=,ZtEMHnZBhi+taLe+ZLT8B76GUS4=
9,10,vItRBx+fg3ZT0f2GeqbWK01J8Qw=,ZtEMHnZBhi+taLe+ZLT8B76GUS4=
3,4,vItRBx+fg3ZT0f2GeqbWK01J8Qw=,ZtEMHnZBhi+taLe+ZLT8B76GUS4=
0,6,vItRBx+fg3ZT0f2GeqbWK01J8Qw=,ZtEMHnZBhi+taLe+ZLT8B76GUS4=
4,3,vItRBx+fg3ZT0f2GeqbWK01J8Qw=,ZtEMHnZBhi+taLe+ZLT8B76GUS4=
8,10,vItRBx+fg3ZT0f2GeqbWK01J8Qw=,ZtEMHnZBhi+taLe+ZLT8B76GUS4=
1,6,vItRBx+fg3ZT0f2GeqbWK01J8Qw=,ZtEMHnZBhi+taLe+ZLT8B76GUS4=
7,10,vItRBx+fg3ZT0f2GeqbWK01J8Qw=,ZtEMHnZBhi+taLe+ZLT8B76GUS4=
6,10,vItRBx+fg3ZT0f2GeqbWK01J8Qw=,ZtEMHnZBhi+taLe+ZLT8B76GUS4=
2,6,vItRBx+fg3ZT0f2GeqbWK01J8Qw=,ZtEMHnZBhi+taLe+ZLT8B76GUS4=
5,10,vItRBx+fg3ZT0f2GeqbWK01J8Qw=,ZtEMHnZBhi+taLe+ZLT8B76GUS4=
4,10,vItRBx+fg3ZT0f2GeqbWK01J8Qw=,ZtEMHnZBhi+taLe+ZLT8B76GUS4=
3,3,vItRBx+fg3ZT0f2GeqbWK01J8Qw=,ZtEMHnZBhi+taLe+ZLT8B76GUS4=
3,6,vItRBx+fg3ZT0f2GeqbWK01J8Qw=,ZtEMHnZBhi+taLe+ZLT8B76GUS4=
3,10,vItRBx+fg3ZT0f2GeqbWK01J8Qw=,ZtEMHnZBhi+taLe+ZLT8B76GUS4=
4,6,vItRBx+fg3ZT0f2GeqbWK01J8Qw=,ZtEMHnZBhi+taLe+ZLT8B76GUS4=
6,0,vItRBx+fg3ZT0f2GeqbWK01J8Qw=,ZtEMHnZBhi+taLe+ZLT8B76GUS4=
2,10,vItRBx+fg3ZT0f2GeqbWK01J8Qw=,ZtEMHnZBhi+taLe+ZLT8B76GUS4=
11,2,vItRBx+fg3ZT0f2GeqbWK01J8Qw=,ZtEMHnZBhi+taLe+ZLT8B76GUS4=
0,10,vItRBx+fg3ZT0f2GeqbWK01J8Qw=,ZtEMHnZBhi+taLe+ZLT8B76GUS4=
1,10,vItRBx+fg3ZT0f2GeqbWK01J8Qw=,ZtEMHnZBhi+taLe+ZLT8B76GUS4=
15,9,vItRBx+fg3ZT0f2GeqbWK01J8Qw=,ZtEMHnZBhi+taLe+ZLT8B76GUS4=
5,6,vItRBx+fg3ZT0f2GeqbWK01J8Qw=,ZtEMHnZBhi+taLe+ZLT8B76GUS4=
13,0,vItRBx+fg3ZT0f2GeqbWK01J8Qw=,ZtEMHnZBhi+taLe+ZLT8B76GUS4=
6,6,vItRBx+fg3ZT0f2GeqbWK01J8Qw=,ZtEMHnZBhi+taLe+ZLT8B76GUS4=
14,9,vItRBx+fg3ZT0f2GeqbWK01J8Qw=,ZtEMHnZBhi+taLe+ZLT8B76GUS4=
13,9,vItRBx+fg3ZT0f2GeqbWK01J8Qw=,ZtEMHnZBhi+taLe+ZLT8B76GUS4=
7,6,vItRBx+fg3ZT0f2GeqbWK01J8Qw=,ZtEMHnZBhi+taLe+ZLT8B76GUS4=
12,9,vItRBx+fg3ZT0f2GeqbWK01J8Qw=,ZtEMHnZBhi+taLe+ZLT8B76GUS4=
12,0,vItRBx+fg3ZT0f2GeqbWK01J8Qw=,ZtEMHnZBhi+taLe+ZLT8B76GUS4=
11,9,vItRBx+fg3ZT0f2GeqbWK01J8Qw=,ZtEMHnZBhi+taLe+ZLT8B76GUS4=
9,9,vItRBx+fg3ZT0f2GeqbWK01J8Qw=,ZtEMHnZBhi+taLe+ZLT8B76GUS4=
10,9,vItRBx+fg3ZT0f2GeqbWK01J8Qw=,ZtEMHnZBhi+taLe+ZLT8B76GUS4=
8,9,vItRBx+fg3ZT0f2GeqbWK01J8Qw=,ZtEMHnZBhi+taLe+ZLT8B76GUS4=
7,9,vItRBx+fg3ZT0f2GeqbWK01J8Qw=,ZtEMHnZBhi+taLe+ZLT8B76GUS4=
6,9,vItRBx+fg3ZT0f2GeqbWK01J8Qw=,ZtEMHnZBhi+taLe+ZLT8B76GUS4=
5,9,vItRBx+fg3ZT0f2GeqbWK01J8Qw=,ZtEMHnZBhi+taLe+ZLT8B76GUS4=
4,9,vItRBx+fg3ZT0f2GeqbWK01J8Qw=,ZtEMHnZBhi+taLe+ZLT8B76GUS4=
3,9,vItRBx+fg3ZT0f2GeqbWK01J8Qw=,ZtEMHnZBhi+taLe+ZLT8B76GUS4=
2,9,vItRBx+fg3ZT0f2GeqbWK01J8Qw=,ZtEMHnZBhi+taLe+ZLT8B76GUS4=
2,4,vItRBx+fg3ZT0f2GeqbWK01J8Qw=,ZtEMHnZBhi+taLe+ZLT8B76GUS4=
1,9,vItRBx+fg3ZT0f2GeqbWK01J8Qw=,ZtEMHnZBhi+taLe+ZLT8B76GUS4=
0,9,vItRBx+fg3ZT0f2GeqbWK01J8Qw=,ZtEMHnZBhi+taLe+ZLT8B76GUS4=
15,8,vItRBx+fg3ZT0f2GeqbWK01J8Qw=,ZtEMHnZBhi+taLe+ZLT8B76GUS4=
14,8,vItRBx+fg3ZT0f2GeqbWK01J8Qw=,ZtEMHnZBhi+taLe+ZLT8B76GUS4=
13,8,vItRBx+fg3ZT0f2GeqbWK01J8Qw=,ZtEMHnZBhi+taLe+ZLT8B76GUS4=
12,8,vItRBx+fg3ZT0f2GeqbWK01J8Qw=,ZtEMHnZBhi+taLe+ZLT8B76GUS4=
11,8,vItRBx+fg3ZT0f2GeqbWK01J8Qw=,ZtEMHnZBhi+taLe+ZLT8B76GUS4=
10,8,vItRBx+fg3ZT0f2GeqbWK01J8Qw=,ZtEMHnZBhi+taLe+ZLT8B76GUS4=
7,8,vItRBx+fg3ZT0f2GeqbWK01J8Qw=,ZtEMHnZBhi+taLe+ZLT8B76GUS4=
6,8,vItRBx+fg3ZT0f2GeqbWK01J8Qw=,ZtEMHnZBhi+taLe+ZLT8B76GUS4=
11,0,vItRBx+fg3ZT0f2GeqbWK01J8Qw=,ZtEMHnZBhi+taLe+ZLT8B76GUS4=
5,8,vItRBx+fg3ZT0f2GeqbWK01J8Qw=,ZtEMHnZBhi+taLe+ZLT8B76GUS4=
0,4,vItRBx+fg3ZT0f2GeqbWK01J8Qw=,ZtEMHnZBhi+taLe+ZLT8B76GUS4=
4,8,vItRBx+fg3ZT0f2GeqbWK01J8Qw=,ZtEMHnZBhi+taLe+ZLT8B76GUS4=
1,4,vItRBx+fg3ZT0f2GeqbWK01J8Qw=,ZtEMHnZBhi+taLe+ZLT8B76GUS4=
3,8,vItRBx+fg3ZT0f2GeqbWK01J8Qw=,ZtEMHnZBhi+taLe+ZLT8B76GUS4=
15,1,vItRBx+fg3ZT0f2GeqbWK01J8Qw=,ZtEMHnZBhi+taLe+ZLT8B76GUS4=
2,8,vItRBx+fg3ZT0f2GeqbWK01J8Qw=,ZtEMHnZBhi+taLe+ZLT8B76GUS4=
1,8,vItRBx+fg3ZT0f2GeqbWK01J8Qw=,ZtEMHnZBhi+taLe+ZLT8B76GUS4=
0,8,vItRBx+fg3ZT0f2GeqbWK01J8Qw=,ZtEMHnZBhi+taLe+ZLT8B76GUS4=
9,8,vItRBx+fg3ZT0f2GeqbWK01J8Qw=,ZtEMHnZBhi+taLe+ZLT8B76GUS4=
14,1,vItRBx+fg3ZT0f2GeqbWK01J8Qw=,ZtEMHnZBhi+taLe+ZLT8B76GUS4=
15,7,vItRBx+fg3ZT0f2GeqbWK01J8Qw=,ZtEMHnZBhi+taLe+ZLT8B76GUS4=
14,7,vItRBx+fg3ZT0f2GeqbWK01J8Qw=,ZtEMHnZBhi+taLe+ZLT8B76GUS4=
13,7,vItRBx+fg3ZT0f2GeqbWK01J8Qw=,ZtEMHnZBhi+taLe+ZLT8B76GUS4=
12,7,vItRBx+fg3ZT0f2GeqbWK01J8Qw=,ZtEMHnZBhi+taLe+ZLT8B76GUS4=
10,7,vItRBx+fg3ZT0f2GeqbWK01J8Qw=,ZtEMHnZBhi+taLe+ZLT8B76GUS4=
11,7,vItRBx+fg3ZT0f2GeqbWK01J8Qw=,ZtEMHnZBhi+taLe+ZLT8B76GUS4=
15,3,vItRBx+fg3ZT0f2GeqbWK01J8Qw=,ZtEMHnZBhi+taLe+ZLT8B76GUS4=
9,7,vItRBx+fg3ZT0f2GeqbWK01J8Qw=,ZtEMHnZBhi+taLe+ZLT8B76GUS4=
8,7,vItRBx+fg3ZT0f2GeqbWK01J8Qw=,ZtEMHnZBhi+taLe+ZLT8B76GUS4=
13,1,vItRBx+fg3ZT0f2GeqbWK01J8Qw=,ZtEMHnZBhi+taLe+ZLT8B76GUS4=
14,3,vItRBx+fg3ZT0f2GeqbWK01J8Qw=,ZtEMHnZBhi+taLe+ZLT8B76GUS4=
12,1,vItRBx+fg3ZT0f2GeqbWK01J8Qw=,ZtEMHnZBhi+taLe+ZLT8B76GUS4=
7,7,vItRBx+fg3ZT0f2GeqbWK01J8Qw=,ZtEMHnZBhi+taLe+ZLT8B76GUS4=
10,0,vItRBx+fg3ZT0f2GeqbWK01J8Qw=,ZtEMHnZBhi+taLe+ZLT8B76GUS4=
6,7,vItRBx+fg3ZT0f2GeqbWK01J8Qw=,ZtEMHnZBhi+taLe+ZLT8B76GUS4=
5,7,vItRBx+fg3ZT0f2GeqbWK01J8Qw=,ZtEMHnZBhi+taLe+ZLT8B76GUS4=
3,7,vItRBx+fg3ZT0f2GeqbWK01J8Qw=,ZtEMHnZBhi+taLe+ZLT8B76GUS4=
4,7,vItRBx+fg3ZT0f2GeqbWK01J8Qw=,ZtEMHnZBhi+taLe+ZLT8B76GUS4=
2,7,vItRBx+fg3ZT0f2GeqbWK01J8Qw=,ZtEMHnZBhi+taLe+ZLT8B76GUS4=
1,7,vItRBx+fg3ZT0f2GeqbWK01J8Qw=,ZtEMHnZBhi+taLe+ZLT8B76GUS4=
4,1,vItRBx+fg3ZT0f2GeqbWK01J8Qw=,ZtEMHnZBhi+taLe+ZLT8B76GUS4=
1,2,vItRBx+fg3ZT0f2GeqbWK01J8Qw=,ZtEMHnZBhi+taLe+ZLT8B76GUS4=
0,7,vItRBx+fg3ZT0f2GeqbWK01J8Qw=,ZtEMHnZBhi+taLe+ZLT8B76GUS4=
2,3,vItRBx+fg3ZT0f2GeqbWK01J8Qw=,ZtEMHnZBhi+taLe+ZLT8B76GUS4=
15,6,vItRBx+fg3ZT0f2GeqbWK01J8Qw=,ZtEMHnZBhi+taLe+ZLT8B76GUS4=
1,3,vItRBx+fg3ZT0f2GeqbWK01J8Qw=,ZtEMHnZBhi+taLe+ZLT8B76GUS4=
14,6,vItRBx+fg3ZT0f2GeqbWK01J8Qw=,ZtEMHnZBhi+taLe+ZLT8B76GUS4=
0,3,vItRBx+fg3ZT0f2GeqbWK01J8Qw=,ZtEMHnZBhi+taLe+ZLT8B76GUS4=
13,6,vItRBx+fg3ZT0f2GeqbWK01J8Qw=,ZtEMHnZBhi+taLe+ZLT8B76GUS4=
12,6,vItRBx+fg3ZT0f2GeqbWK01J8Qw=,ZtEMHnZBhi+taLe+ZLT8B76GUS4=
13,3,vItRBx+fg3ZT0f2GeqbWK01J8Qw=,ZtEMHnZBhi+taLe+ZLT8B76GUS4=
11,6,vItRBx+fg3ZT0f2GeqbWK01J8Qw=,ZtEMHnZBhi+taLe+ZLT8B76GUS4=
11,1,vItRBx+fg3ZT0f2GeqbWK01J8Qw=,ZtEMHnZBhi+taLe+ZLT8B76GUS4=
15,2,vItRBx+fg3ZT0f2GeqbWK01J8Qw=,ZtEMHnZBhi+taLe+ZLT8B76GUS4=
10,6,vItRBx+fg3ZT0f2GeqbWK01J8Qw=,ZtEMHnZBhi+taLe+ZLT8B76GUS4=
9,0,vItRBx+fg3ZT0f2GeqbWK01J8Qw=,ZtEMHnZBhi+taLe+ZLT8B76GUS4=
14,2,vItRBx+fg3ZT0f2GeqbWK01J8Qw=,ZtEMHnZBhi+taLe+ZLT8B76GUS4=
13,2,vItRBx+fg3ZT0f2GeqbWK01J8Qw=,ZtEMHnZBhi+taLe+ZLT8B76GUS4=
12,3,vItRBx+fg3ZT0f2GeqbWK01J8Qw=,ZtEMHnZBhi+taLe+ZLT8B76GUS4=
9,6,vItRBx+fg3ZT0f2GeqbWK01J8Qw=,ZtEMHnZBhi+taLe+ZLT8B76GUS4=
12,2,vItRBx+fg3ZT0f2GeqbWK01J8Qw=,ZtEMHnZBhi+taLe+ZLT8B76GUS4=
8,6,vItRBx+fg3ZT0f2GeqbWK01J8Qw=,ZtEMHnZBhi+taLe+ZLT8B76GUS4=
11,3,vItRBx+fg3ZT0f2GeqbWK01J8Qw=,ZtEMHnZBhi+taLe+ZLT8B76GUS4=
3,1,vItRBx+fg3ZT0f2GeqbWK01J8Qw=,ZtEMHnZBhi+taLe+ZLT8B76GUS4=
2,1,vItRBx+fg3ZT0f2GeqbWK01J8Qw=,ZtEMHnZBhi+taLe+ZLT8B76GUS4=
4,0,vItRBx+fg3ZT0f2GeqbWK01J8Qw=,ZtEMHnZBhi+taLe+ZLT8B76GUS4=
2,0,vItRBx+fg3ZT0f2GeqbWK01J8Qw=,ZtEMHnZBhi+taLe+ZLT8B76GUS4=
0,0,vItRBx+fg3ZT0f2GeqbWK01J8Qw=,ZtEMHnZBhi+taLe+ZLT8B76GUS4=
3,0,vItRBx+fg3ZT0f2GeqbWK01J8Qw=,ZtEMHnZBhi+taLe+ZLT8B76GUS4=
1,0,vItRBx+fg3ZT0f2GeqbWK01J8Qw=,ZtEMHnZBhi+taLe+ZLT8B76GUS4=
0,1,vItRBx+fg3ZT0f2GeqbWK01J8Qw=,ZtEMHnZBhi+taLe+ZLT8B76GUS4=
0,2,vItRBx+fg3ZT0f2GeqbWK01J8Qw=,ZtEMHnZBhi+taLe+ZLT8B76GUS4=
1,1,vItRBx+fg3ZT0f2GeqbWK01J8Qw=,ZtEMHnZBhi+taLe+ZLT8B76GUS4=
8,8,vItRBx+fg3ZT0f2GeqbWK01J8Qw=,ZtEMHnZBhi+taLe+ZLT8B76GUS4=
